user_id,beauty_avg_rating,source_avg_rating,source_minus_beauty_avg,beauty_rating_count,source_rating_count
AEYUSZPAVINQR5VSRE3GOHUCIPBQ,2.5,2.3333,-0.1667,2,3
AGH6H6TUZCV42FJS34BDSPY6AJ7Q,2.0,3.5,1.5,1,4
AF5O7KZ3CBCSYEL3UNWVC2DYAAVA,4.3333,4.6667,0.3333,3,3
AFDUBTL7RP22QYPQ4AYLG4PB5BEQ,5.0,4.0,-1.0,1,3
AEZJZ64VK6J5DAGT53YQS32DNOVA,5.0,4.9,-0.1,2,10
AH3IICFTUNG72JBJWP4S54Q7AWAA,5.0,5.0,0.0,1,5
AEKV7VNBKJE427K4OJZMTY3DEA7A,5.0,4.75,-0.25,1,8
AFT4P7P4UJN2L4OQS42LZJV2BFIA,5.0,5.0,0.0,1,4
AHZDCRTVD35TYCPT2ZOO5G5IKH2A,5.0,5.0,0.0,1,2
AF3D2ELUQSI7XQAEMLOCUDQWMDTA,3.0,3.0,0.0,2,2
AFU42Z66ALETYOPZ3HGW6LSUOOQA,5.0,1.0,-4.0,1,1
AESWV7YOFHGY4LQB3X2S4BYSK32Q,5.0,5.0,0.0,1,1
AFXBPMFJLS4OOFQC462DJL5MEYRQ,5.0,5.0,0.0,1,1
AE4H56ADS2FJLWZBYYYNRESBDDAA,3.0,5.0,2.0,3,1
AHDKZ5ZCH6NJ42ENBIKBSL7BSIQA,5.0,5.0,0.0,1,2
AEGBNUMH6DY7S6YRIHXRRVK5R7LA,2.0,5.0,3.0,1,2
AHMTVQPJ4TNFVTZAPL2EPRZBM6PA,3.6667,5.0,1.3333,3,3
AHFXSHBDGYZUAV7CKPM6GBG5ZK3A,5.0,4.0,-1.0,1,1
AFRM4WJJVOKLJ2OJ4ADSWFAGV5WQ,3.9,3.3636,-0.5364,10,11
AFUFE3CPMX7OGCQ4CBTBVHB6IWEQ,1.0,2.5,1.5,1,2
AEVSEFGLV4C2OCS6HXR5NGXVIKLQ,2.0,4.3333,2.3333,2,6
AEQN2LLBL6633FB373HYB2AR4MEA,5.0,1.0,-4.0,1,1
AEYKVNLQ32W2LZS5KHM6NAJHHA6Q,5.0,3.0,-2.0,3,2
AGEDTTOLYR4YV5DSO5BY6J5QE5QQ,2.0,3.0,1.0,1,1
AG7RVVN644MKICAH2Z6RQ7TO256Q,1.0,5.0,4.0,1,2
AGYKH34UX7JAENEM2VAMJI473AZQ,5.0,2.0,-3.0,1,1
AEL7UGC27Q4TL2PZO7LWP2MOQX2A,5.0,5.0,0.0,1,1
AGFPH3YMU3LT2SIOYSNBCKVWLZOQ,5.0,3.0,-2.0,1,1
AES3GCR7VFUKT4Q3LBPMTAZXXPSQ,5.0,4.0,-1.0,1,1
AEVFTJKC67SDKNSGIVMD2A6OU7LQ,4.3333,5.0,0.6667,3,2
AH7PZBW4OLFTXXOCJTBXSGKWCX5Q,5.0,5.0,0.0,2,3
AHBXFJG4YUZZUKG2HNEWPHANBNUA,4.75,5.0,0.25,4,4
AFUSI642PNW6Y6CQ5ST66LMOFJQA,5.0,3.0,-2.0,1,3
AGZ7Z34LJYG37TMOOE6XEGRRN33Q,5.0,1.0,-4.0,1,1
AHMEX6DAXNFPJ4IXWWRW6UABXBCQ,5.0,4.0,-1.0,1,4
AHODNM47NEWZBN7R2635LB3PMXGQ,4.0,4.0,0.0,3,1
AGHGBVUGDT3G7FXC3LMOR4T5LQKQ,5.0,5.0,0.0,2,6
AH6ZQ67CR4DICCR65IIC4ZRWKU2Q,5.0,5.0,0.0,1,6
AFOAB6E5E6HOSUQ5IKXBC74N2S5Q,4.0,1.0,-3.0,1,1
AEHQK2QW2ZQVWL6QEM5PWEI4PZRQ,5.0,5.0,0.0,2,7
AEANMGJNEDBWQ4KHPTDFIIUIWY6Q,5.0,3.0,-2.0,2,2
AGDFXECYL5HQ6KTVJ42S6GOC7VQQ,5.0,3.6667,-1.3333,2,3
AEH7C4MHUIJ54F5JSVSU5JOR5MAA,1.0,5.0,4.0,1,2
AFIR5EKWO33EUTQZ3L6LU5TW7VHA,5.0,5.0,0.0,1,1
AFIR4MRQN7BIN2IDG33SGEVP5NVA,5.0,5.0,0.0,1,1
AEJASKQIR6UNW3WGSJMPBUKTYD6A,5.0,5.0,0.0,1,1
AEW3ZJP7D5VNU3OENBFNXTM7XA3Q,4.3333,5.0,0.6667,3,2
AGHOEF3YYZP7UJB7XRKKEG4YOUWA,5.0,2.0,-3.0,1,1
AEWG4FDSMZSY7RFUGOVBHWMIASGQ,3.6667,4.375,0.7083,3,8
AFDHQGXBFZU33I2KTDYIBWGQT4EQ,5.0,4.5,-0.5,1,4
AFL3JH42X46O5HJT73W3NJ5RD7OA,5.0,5.0,0.0,1,4
AGLO7CIQIWUJ2DN4AIQ2GWIFXHQA,5.0,3.75,-1.25,1,4
AF3SQGLAXDQPI2WVREQDLZWRX2OA,3.3333,3.0,-0.3333,9,2
AEKTANXVDDNFV452Z2SNYSGTHUJA,5.0,5.0,0.0,1,2
AFOSX3KCFKYINHU4Y5EV54NRLBLA,3.3333,4.0,0.6667,3,4
AHBXKVKCSMGUW6N7CFTYDDR3MEQA,5.0,2.0,-3.0,1,2
AHRNFFKTJZAZUYT5JGVPCNSP3QIQ,5.0,5.0,0.0,1,1
AE6A4CJ3VZMPN6LYZHPHATBFA7BQ,5.0,3.75,-1.25,4,8
AFVIKLKP4JGG5N63F3UOUHBDYC2Q,3.2,3.0,-0.2,5,7
AFKGAKGGINXZVOBTGGTVWSWVDJIA,5.0,5.0,0.0,2,2
AGOM6JBOET52YOEWC2S3RSGTFFVQ,1.0,1.0,0.0,1,1
AHMUKDGYKH7WITJACLO25OPVFILQ,5.0,5.0,0.0,1,1
AGP3GQZNN4IKEZWX2B7E7VX5VPNQ,1.0,4.0,3.0,1,5
AHESOOMJA4KHNJ7YI6M4AKOLH3CA,4.0,4.6667,0.6667,1,3
AHFLAA4P2T6UY2HP6XUQRIIIOXDA,3.6667,3.5,-0.1667,3,2
AESE4OC2BIPEOPM7XL352SQSAP7Q,5.0,5.0,0.0,1,4
AE3IXP4V6J6SJMZRTQ3YM5EEZ2LA,1.8333,3.0,1.1667,6,6
AF3LCV7HNKPKRWQTEIXZ4PJ33QOQ,4.6667,4.6667,0.0,3,6
AHJSHOQ5RU3O7WZI33US3JVR7CNQ,1.0,3.6667,2.6667,1,3
AE3XZVD5EIUVDSI5L4MJG3NJLI5Q,3.0,4.0714,1.0714,1,14
AFTXM3XRWII5S7REI7Y2FJDP2FQQ,5.0,5.0,0.0,3,4
AFIV2AMKB6SBE2537AV2QZCB5NYQ,5.0,3.5,-1.5,1,4
AHNVLT3ILG2SYSE4QTLSOFFZM2QA,5.0,5.0,0.0,1,1
AEKCRWDZHPBKWTQKOJIANI72KBDA,5.0,5.0,0.0,1,2
AGLU5HXRQQDVTKL4YDFODDG6262Q,5.0,3.6667,-1.3333,4,6
AGC7MMYLLVFFUOUKO3U4Y6MHCRLA,5.0,4.5,-0.5,1,8
AHIWD65SZRYWRPO7IUGBXLBRTC5A,5.0,5.0,0.0,1,4
AFAVFKGARISJ7FDSEWDRG33GCX7Q,5.0,5.0,0.0,6,2
AG245FU2NMTS4R2HO3Q5NXSRX4EQ,2.0,1.0,-1.0,1,1
AHWZ3GE67ITH22UJFSFTW77W5KQA,5.0,5.0,0.0,1,2
AH35DCQRR3EIYU3J36BSWPN6YXKA,3.6667,5.0,1.3333,3,3
AHO3QIGO5WFID32ZJGKVICYIIVBQ,5.0,5.0,0.0,1,1
AFNDMKJRFEOQS3TZ7NKMZZFEMGHQ,2.0,4.6667,2.6667,1,3
AGKSWOETODWCJ3YQAI4WBNIZVSXA,5.0,5.0,0.0,1,2
AH7KKAOVUKNEFOV25T4IWIMQJK4A,4.0,2.5,-1.5,1,2
AFPUXXWQHKBT3BTUNCXUGNR562ZA,5.0,5.0,0.0,2,2
AGOKFDUQ2TSXGR36GAK4WX72EXGQ,4.6667,5.0,0.3333,3,1
AEPPSHDNNFAWZDMSEIF2G26NPKIQ,4.75,4.4545,-0.2955,4,33
AF7EJBCBVT7QUYNZ7OCKWZ3IBA4A,5.0,4.5,-0.5,1,2
AFT4L3YGIDB3FI4ZIJDILLYGELMQ,5.0,4.0,-1.0,1,1
AF56LH5AXE3A2U5LTN24C3WVPZUQ,5.0,5.0,0.0,2,2
AFHMAGBLLOGQPCJERDEKHVJOSZDQ,4.0,5.0,1.0,1,2
AH2VT5JFR2D2FLVARRKRXSE46ZLA,4.0,3.8889,-0.1111,1,9
AGSLBVTZR4OAPZBI55ID56DBEVFA,4.3333,4.625,0.2917,3,8
AFBQCSDVT4Y7MJB3S5GFQPYZTOXQ,5.0,5.0,0.0,1,1
AFEDTFOXQFY7NUDU4P5SJXTZR7EA,5.0,5.0,0.0,1,3
AGGGMGZ34L3I22XHNTQGBCBRRNNA,5.0,4.5,-0.5,4,8
AGFC4U6FHXF4UH5J7ZKNRN7B33UQ,5.0,5.0,0.0,2,4
AFFXDIPLI22F5NDNDTISJ6JKU53A,5.0,5.0,0.0,1,1
AE6DIEQG74QGCZKIXUXKBZFQHOMQ,5.0,3.0,-2.0,1,1
AFPKGFWGLT2MCB27XEO6BSR6BHOQ,5.0,5.0,0.0,1,4
AGPU6DDSQKI4TSXLME66N3UAKC3Q,3.25,3.75,0.5,4,4
AH62WM7W5A6RGA5FPHDUDPRLZHMA,5.0,4.6,-0.4,1,5
AGXKLY2LKCZLL64Z6G2HWSZNZDSA,3.0,5.0,2.0,4,4
AFYCBWX3OQTZUNK6TUAGEXHCAYLA,3.0,1.5,-1.5,3,4
AHU4DS4547CAL7JJHAMASNUMEX6Q,3.5,5.0,1.5,2,1
AFXEOL6ZA2VU57XDWXGTZCRL6WMA,5.0,4.5,-0.5,3,2
AFAF26RKIOARGPE3NU54GSF7UZOA,3.6667,1.5,-2.1667,3,2
AHOHCFNZ6FJO5GXM5U74CEDSCF7A,3.6667,2.5,-1.1667,3,4
AHZ4K6ETX76QYNV7O27GQCENYH3Q,5.0,4.8261,-0.1739,1,23
AGQS3MEDRY7VZNNXRLFBDTHBHWAQ,3.0,5.0,2.0,2,1
AHY2EFUKGURGBTVNTPTZCBNXHY7A,5.0,5.0,0.0,1,1
AFIPWOWFZJCX5RZJ43FT5OETRH6Q,5.0,4.6,-0.4,1,5
AEOGQIMRPHME75JYMG3KMCV6K2VQ,2.0,3.3333,1.3333,1,3
AGQ4B4EADH6QUPFULQWQNTJGCXKQ,2.3333,5.0,2.6667,3,1
AFG2WTPMY5WM4B4HWABZG6IPBUSA,1.0,1.3333,0.3333,1,3
AH4D3BJEINUEG6QO6LLMXSUYRR7Q,1.0,5.0,4.0,1,2
AFDMY5RZA3MXPHLZC7YJZGAKAE3Q,4.0,5.0,1.0,1,3
AGASXPU62HBROAVHV7WCLX2Q3NWQ,5.0,4.0,-1.0,1,1
AE24SZDYCX6I2XALF4BZIT4YZH7A,5.0,5.0,0.0,1,1
AGXBHNOPD3ICUVUZZ224WYD4IOOQ,5.0,4.5556,-0.4444,4,9
AGFHNYLONVFKIGDYMRTS4O7MBCEA,5.0,5.0,0.0,1,7
AFDZYJB45D47JFNN3BOISX3DEIDQ,5.0,5.0,0.0,1,1
AF2BGY64L3KUCJU54BHW4HGNFXSA,5.0,3.125,-1.875,1,8
AEHW6LTUAT2NELIW2XANIO7OP2QA,3.0,5.0,2.0,2,2
AEUAJKKVX3JYNGOLWOEO7TVCBMPQ,1.0,4.0,3.0,1,1
AEKPSB3BWATKLYYY4GCVHYNRESLA,5.0,5.0,0.0,1,1
AFA7MPKC4LO4Q52F5LR3SFQRCN2Q,5.0,5.0,0.0,2,2
AFHZO754YC3BRMYRSJSTAECKYL6A,4.0,3.6667,-0.3333,1,6
AGGYYRTEKHDRGHVROFSZMMMQNOEA,5.0,5.0,0.0,1,1
AF57RUFXRUSU6UQZSQCNEKBKCTSQ,2.3333,1.0,-1.3333,3,1
AHYDRCU2MXY5H2A5EJNRCINUCUSQ,5.0,4.75,-0.25,1,4
AFJD5M5C4SJVV5N2DNBRTLFVKSTA,5.0,5.0,0.0,1,2
AHF76MHEQFVK5KA6XC2Q2VMM3V4Q,5.0,4.0,-1.0,1,2
AF5AFG2BIBN4BBN76IGDDGYPXTRQ,1.0,4.0,3.0,1,3
AETHIQNGOMVZHONVMEUKXEEEQBEA,5.0,5.0,0.0,2,2
AFGDK4XSVAKB7DX2ES6HNV2KLRWA,5.0,5.0,0.0,3,4
AHH57OJSBJNRMRCOHDMQSB2SPDFA,1.0,1.0,0.0,1,1
AFEYPT53MKY4HJESSG6KI4GKBF2Q,5.0,5.0,0.0,1,2
AHREOHIIFJBNP2PZMNYLVZYVW4LQ,5.0,4.0,-1.0,1,2
AHBNG5YF7TQQQCG3SI55FNMVERNA,3.8,3.2121,-0.5879,5,33
AF67L57GFTVOYHIYUVKHTMKZ5KSQ,4.0,3.8333,-0.1667,1,6
AEC46JNVTKPTDE2SXFK3TXB5BADA,5.0,3.5,-1.5,1,2
AFOINDM2QOCBLY55FGGSEEGQDRSA,5.0,5.0,0.0,1,1
AELE5PU6RT2LYXKCWYNMXD2YIUQQ,1.0,4.0,3.0,1,1
AEWD3VY6IUYXS5EZMCZPYKOBOUAA,4.5,5.0,0.5,2,2
AEL4IR5WX7FA35JLBNEZ4ARXA2DQ,5.0,5.0,0.0,1,1
AFJHYFV64O46U7BELQBP2OJILFEA,5.0,4.6667,-0.3333,1,3
AFSYNEE6ADCYFRBXLGXL7QNL46FA,5.0,5.0,0.0,1,2
AFYPQF45HJSCGZNJ6VHOOXUUCS3Q,3.0,4.25,1.25,3,4
AFSG3VQRQKPO7RYALPAYK43IBXWA,5.0,2.0,-3.0,4,4
AEQGWBZRH43TVR2I3B2TJIYMVIOQ,3.0,4.4286,1.4286,2,7
AHDTALQSCZ273ANRMZZZ5JN5VWHA,5.0,3.0,-2.0,2,1
AHT7VVKL5HIIWFW63LDDOKPHAPXA,3.75,3.6667,-0.0833,4,3
AFDI4U4XHEUNRVYXETYWQ7Z53MGQ,3.0,2.0,-1.0,2,1
AFESW7NOUTMKOG7ZJ2UKU64Y2QMQ,3.0,5.0,2.0,2,2
AHYCD4C5PQZTVRPP4X6K7HNW6KKQ,5.0,4.0,-1.0,1,1
AHHDLJXHSGDSEAUMOBZVG2CDP54Q,5.0,5.0,0.0,2,2
AFGPFWTV4YJJOEPKADVWLFDGRSSQ,1.0,3.6667,2.6667,2,3
AECQPCJXT2GPMLEC5QJ6HGQYY22Q,3.5,3.6667,0.1667,2,3
AHQ6QQEGTA3CF25W7ZRPKOHNVYIA,5.0,5.0,0.0,2,1
AH4C6XXKLP4BQI7F7LQXO22DTDFA,5.0,5.0,0.0,1,5
AH2Z3GMMV7MKJEVR4KO4G7RPCFWQ,4.5,3.7,-0.8,2,10
AHGUUHXR4JJ43JGPKQJVB4GQGMLA,3.0,2.0,-1.0,4,1
AHXO44M4LIQL4HN6JL2LH5SDON2A,3.6667,4.0,0.3333,6,10
AE7M7SCLOMXGQCKOZ3U5TJUKWG7A,5.0,4.5,-0.5,1,2
AEHADUV2UXLZ3JMWUW24W5TRDNMA,5.0,4.3333,-0.6667,1,3
AEP6P3KJKABIZ2XBA3OQKRHEB3WQ,5.0,4.725,-0.275,2,40
AFXD3PMV2P7QE5NFHYPM42ELA44A,5.0,4.3333,-0.6667,1,6
AEZDQMOVWTDFHD22RI7YAIQE5FMA,4.2222,5.0,0.7778,9,1
AHNY4JAACISE4PNER5QHEYIYU2TQ,4.0,2.0,-2.0,1,2
AHJBXHMWKPNCKQSL7OLOUTB7WZNQ,3.25,5.0,1.75,4,1
AGKSLQIV55YSPXIVSLGU4PXCA6QQ,5.0,5.0,0.0,1,1
AFAOMIATNSEKS522DSAFG2E4I6ZQ,2.0,3.0,1.0,1,2
AHZ46KEEYM2636ZGUNHTRXP3KRCA,5.0,4.0,-1.0,1,3
AFI3DMFARH4RIVY4HTOG45R7BDCQ,5.0,4.7143,-0.2857,1,14
AHFRW7AMVHOHCT6CASWLPNO7YRXA,3.75,5.0,1.25,4,1
AGW4CDXGOIW6DDYCLMMEAJ3IURSQ,3.2857,4.0,0.7143,7,1
AFU4FE2K4KOLLIFH77UDZ3NDFYTA,4.3333,4.0,-0.3333,3,3
AGOTY3JNDY4XOFQIKUSJGWCPCCOQ,5.0,5.0,0.0,1,2
AHB2WDJIVBTSKE5CP2FB332XDA2Q,5.0,4.0,-1.0,1,1
AGY6YDPHEHLLN3YLC5SXS2RCJ6YQ,4.5,5.0,0.5,4,4
AEKS4SMPRFJR6PSJ4EI7MQURXC2A,4.7143,4.0294,-0.6849,7,34
AEV4THIV4AHQVZIPVZJJZKGYVL6Q,5.0,5.0,0.0,1,1
AEWP6FL2NPARMFQ7NJ6XKIFN64QA,5.0,3.6667,-1.3333,7,3
AFGV626JQJNNPYKEEH4J7T4N2ZKA,5.0,4.5,-0.5,1,2
AG2ELMLUJKSBL354LMVZL4AEIKPA,5.0,5.0,0.0,1,1
AF2LBNKQ2RC3MFUSI4FSHCODDQ7A,5.0,4.5,-0.5,1,2
AGJFAQDQ52P3R5YHYJW7VIX7JWSA,5.0,4.5,-0.5,1,6
AGJIYP3GIR6ONVIHXAZZT2O47CSA,2.0,3.0,1.0,1,1
AFNS5MU3UAIU3CUO2XOEWFMQC4UA,5.0,5.0,0.0,2,3
AGBUU5FM6LQLRB3B2YJRUVI2KPLA,1.0,5.0,4.0,1,1
AGLCBQGF56J4IMEXI7IUH6KMAEPQ,5.0,5.0,0.0,1,1
AEMCMZMRJ2MHID2S4ROTXUGVDS3Q,3.6667,3.6667,0.0,3,9
AGZHC6WN7Z5J7RCMZKGGCTBBH3KA,4.5,4.2727,-0.2273,2,11
AERSD4YBI33KLMWY6FRZJX5FFVHQ,1.0,5.0,4.0,1,2
AEJOD4HARQZROHBJ5USI4OA57CTQ,5.0,4.6667,-0.3333,3,3
AGIJK4EDTX6VX4S3CNGKPQKVVRQA,2.5,5.0,2.5,2,1
AGSVM6COAM224S4IJ4SGQS5CKQHA,5.0,3.0,-2.0,1,5
AEWKG3CMUAZCQ6XI6DXUHB6RH4EA,5.0,3.8333,-1.1667,1,6
AEOOEGPVFWQZRLHREFAJHN32MISA,1.0,3.0,2.0,1,3
AF4TPBBFD7WIEMCFJHY5HUGOY4YA,5.0,3.8333,-1.1667,3,6
AGJK7GV3BMYVJL3U3I3ZV6F6W6HQ,3.5,3.5,0.0,8,8
AE26KWHZB675PQJCIKBJKQBEG22A,5.0,5.0,0.0,3,3
AFS7O5B4F5E543TY3N52PSY5C63Q,5.0,5.0,0.0,1,2
AFSTUZ4DF5O6K53FZJCIIZZRKTUA,5.0,5.0,0.0,1,2
AHN33TD3W7UAJSUSSCHM623HIKXA,5.0,3.0,-2.0,1,2
AGXL7RBXWFECM4OXPB5U4JSHU7EA,5.0,5.0,0.0,1,2
AGXZXVU7XGWMWIF6ED6VUINZKV2Q,5.0,3.6667,-1.3333,1,6
AFGE7XOMSOWBDTBWBOL3HVF4ZJ5Q,2.3333,1.0,-1.3333,3,2
AFPPT6GIWVPHAKTCHER4RV3M7ENA,4.5,5.0,0.5,2,1
AGDJ2IQXCEPWC7477BBPMEA7JDPA,2.0,5.0,3.0,1,1
AGDAGDITZBYMDVVSEJ3GYCF33YHA,5.0,2.5,-2.5,1,2
AGI2MOUQ5Q4BLW3TQNBHRACLNP7Q,5.0,4.4,-0.6,1,5
AHNKRZB7KM43UZPY3GMXWJIWJU7A,5.0,3.75,-1.25,1,4
AHAQQISWRN6ZKHPCL3VIMIBVXQRQ,4.0,4.3333,0.3333,3,6
AGRWWFDAXM22AIX4FX25CDHCD65Q,5.0,5.0,0.0,1,2
AFI3WH7KBQI2YM4PIIDCN2QYARNA,4.1111,5.0,0.8889,9,2
AEYPWMT45IWSLFALG5XIFS2AYMQQ,4.0,4.6667,0.6667,1,3
AFQSKSZDARZMYQ53QUVGRL5QHZMQ,5.0,5.0,0.0,1,2
AEE5CLALSJGPLBJHZAAYHABNK7HQ,5.0,5.0,0.0,1,3
AGDPR2ODPJHVI3BAZW4Y64YSSFFQ,4.0,4.0,0.0,3,2
AHIZY3NVLDRKKT6SMSQY6WUJDIGA,5.0,5.0,0.0,1,1
AERGEJLYECO7QSFJTFBRGE5DHFJQ,5.0,4.4,-0.6,7,5
AFLNAWADBBVZIBDCYXORWDBRKBRA,5.0,4.0,-1.0,1,1
AFF4RB7V4FF6R4O5PS56W4QLNDIQ,5.0,5.0,0.0,2,1
AFZ3W2N2W3M5MKDJB4NQKQLE2VUQ,1.0,4.0,3.0,1,1
AFUFF7AANMCEDAQGF4HEHTG4X4EA,1.0,5.0,4.0,1,2
AFQBWFYCVDU7PLSYMAZC5P4NRJYQ,5.0,4.25,-0.75,2,4
AEESNIA253EHWEY6OU5ADVLVWPCQ,5.0,4.8333,-0.1667,1,6
AHMU3LK36VPM2DTWW7X62DPLBXJQ,3.0,3.0,0.0,2,2
AFNRZSX6JIQ77BB4FBHWRDBN4IZQ,2.0,4.0,2.0,1,1
AGBAFV66JSSTR5ZXUOQLRLK6IT6Q,1.0,3.0,2.0,1,3
AFDD2N3F6JV443UR3APAAJ55AFHQ,5.0,3.7,-1.3,3,10
AHVIYY3GTXFYMSJPSYOLKA4Q6ODA,5.0,4.2857,-0.7143,2,7
AF4EYQW6UIGNJA2CD5RAMMBP2NMA,5.0,1.0,-4.0,2,1
AFZWOTMIZV3MDGDRIJYCDTJWYJNQ,2.8,4.5,1.7,5,2
AESGMOHPJC2GUISSBLOPYP2F3DBA,5.0,5.0,0.0,1,1
AE52YBWGKDWPAJ2GZ4FWHUCMNA7A,5.0,4.5,-0.5,1,4
AHE4EN6L6LGCHTC2GVWC2W6TP74Q,5.0,5.0,0.0,5,5
AFIRQFFP6NQSV5BKBSDMBRN2RIHQ,5.0,5.0,0.0,16,4
AFEGGUFZUD2K2UTSVE6G5KHUGPGA,5.0,3.6667,-1.3333,1,3
AHERYYI6J4NOPVZI7MUWVNBTEEQQ,5.0,4.0,-1.0,2,1
AGNK5I6XAJON65YMHN6SW27X2MUA,5.0,5.0,0.0,4,14
AEKZK22DFAAAZIUKPIYQVLAGSMEQ,1.0,1.0,0.0,1,1
AHNCLDB6Y5AH7QSSHKBRK32QGFDQ,5.0,5.0,0.0,1,5
AE5L5CVALISUQS6WW3KNYTEFXLHA,4.6667,5.0,0.3333,42,4
AHRTR25MU7B6XF6XBINIGG5MPRDA,5.0,5.0,0.0,1,1
AEWF2PYQDJ75PQJGMA5DOGCNDICQ,5.0,5.0,0.0,1,1
AE3FSJQD2DNGYVUTXGHT3QNSZASA,2.0,5.0,3.0,1,1
AFNPAPFBF46HSYUWWDCY2D5CGNPQ,5.0,5.0,0.0,2,24
AHBLNMWCXH25GHGWZYGALZ2ZYGOA,4.6667,5.0,0.3333,3,2
AESHH5EGUZWOCS347GABDP2YXAKQ,5.0,1.0,-4.0,1,1
AFEL74DLAT4REVGJLJOWRKPTWYPA,3.3333,4.25,0.9167,6,8
AHEIPHXQBKBXIBHAEWWQJ7KX3MFQ,4.5,5.0,0.5,2,2
AH7YJCXUT3THDPCMYL4CPD5WUTWA,5.0,5.0,0.0,1,3
AFMMUG4SC7RTK7S5DEJDGRUTU7WA,4.0,3.0,-1.0,1,1
AFL42VW2XGUVNFWUTDIJ2LILAX4Q,3.0,5.0,2.0,1,2
AF6SNO3ZKBG526YMU3WU2XFQEQMQ,5.0,4.0,-1.0,5,5
AE3RPKAA3MNSHU3YEVVJR7BPCP3A,5.0,5.0,0.0,2,2
AGT4BAVMACUFMNQ5EEEV5GQCFFWQ,5.0,5.0,0.0,1,1
AEMGNGRYKZE7SGV5AMRUSVD2EEUQ,3.6667,4.25,0.5833,3,8
AHZDNWSPSVDXETKC6F6NYSEBWL2Q,1.0,5.0,4.0,1,1
AGLDK52A3432DWVMHS2LGLRR6QDA,5.0,5.0,0.0,2,1
AGOWT5R3DQVE2F5OGN4ESMPDEVGQ,2.0,2.0,0.0,1,1
AGVICQ2GRWH5OKGO7KAZZNJNIFZA,5.0,3.0,-2.0,1,1
AHSNLUDFM2XJLPJLSUUNGSKPMRYA,3.0,5.0,2.0,1,2
AEGVWEG32HAE3SEMAM3NKMBYPSDQ,5.0,5.0,0.0,1,1
AGD36DCWJV2CKN7HCHGNN4PVVGNQ,1.0,5.0,4.0,1,3
AFIGZ2NR5GUEVCIB4Y6BQBY3P7WQ,5.0,5.0,0.0,1,2
AHMS3NPI2PBGUXP6XSI47FICKVRA,5.0,5.0,0.0,1,2
AE2TZ45MBREEYI4HPZNXUWSRIPAQ,5.0,4.6,-0.4,1,5
AHI3CVKGDBCNRSLEA3TBL5DTBAJQ,4.0,5.0,1.0,6,1
AFZEVR7C2GOMPPKLKF5W4LYEH77Q,5.0,4.5,-0.5,1,6
AHRLOXKM2CTSP4NFIJLAY6EQPDMQ,5.0,4.0,-1.0,1,2
AHKSXJPZW2TT6YNGZYQWYLZQGPZQ,5.0,5.0,0.0,1,1
AEOSX7DMD3JWIIDC6VXZJ3TOPITQ,3.0,5.0,2.0,1,1
AHGV4FHV4F5ZEVEMOB5DCQDJMJSA,5.0,3.0,-2.0,1,2
AFIQD34ZOMP27FUMZHITZBS3M7RQ,1.0,1.0,0.0,1,1
AFF5BLJBNFIOSYNQEIZ47IW573NQ,5.0,5.0,0.0,1,1
AFM37TW3ZADADQO6QDLVYGBIU5CQ,5.0,5.0,0.0,2,1
AGUNNDWVEEG6L4OJQEI4J337OUYQ,5.0,4.6875,-0.3125,1,16
AEMXGSMBAAC6BWAOXOOJ4KFTV4PA,3.0,3.1111,0.1111,1,9
AEDV453SQ62NQMZO4VFBEPA4DMHQ,4.0,4.5,0.5,1,2
AFJEYBRVSUV4SZ6WVWL52PIM6IPA,4.0,1.0,-3.0,1,1
AEQAIU4AEZ7C5G7R4POOQKRJP47A,5.0,4.875,-0.125,2,8
AG7USYBDJL3IVCSXF5J3M54RXFBA,2.0,5.0,3.0,1,1
AE4SVLSRB675RAW6HTC2DQ7Q2AGQ,5.0,5.0,0.0,1,1
AHQVKLDKQXK4IDQ46HVTO6CQG5LA,1.5,3.0,1.5,2,1
AGVHD34LYU5G6KMSYH4WXYPHDRQQ,5.0,1.0,-4.0,1,1
AEJBMEISYYUQXBNQPCRPRUKT232Q,1.5,5.0,3.5,2,2
AEPBYRYOLTOPGCWFBX2T6TQ2MG3Q,5.0,4.0,-1.0,3,2
AHAUIUMWO3C7KEEMI62HQRP3ZA5Q,5.0,4.0,-1.0,1,6
AH4SL5H4A3WRJUQARIJMGPGI75HQ,3.0,4.3333,1.3333,2,3
AGY4Y556ZB34OWC5UB4HNX2RQHNQ,5.0,4.0,-1.0,2,5
AEC4Q2XJFZD7GNYET7S6TSP7JNNA,5.0,5.0,0.0,4,3
AEF6XHA56IHWJ344C5TD55RQ2VHQ,5.0,3.0,-2.0,1,1
AHN4ODMRVXELPHT2TZRQWXSPLAHQ,5.0,5.0,0.0,1,1
AF767GKHCYYAJCIYMHQOKE4RHXHQ,5.0,4.6667,-0.3333,2,3
AEEQ2EWNFLEH7ILVOEL7HCQTQN3Q,4.0,5.0,1.0,2,1
AHOR7S25Q3ZRM744HVQEC4MCCC5Q,4.1429,4.2414,0.0985,7,29
AFGUCNMJPBJEK7E66FDJM2ZS4W7A,5.0,1.0,-4.0,1,1
AF4RC62S22NOCORWQIDA6ADV64VQ,4.5,5.0,0.5,4,1
AH7C6TRHSFNVPLNIAXIVJV7Y4WWQ,3.0,3.0,0.0,1,1
AE3WJWXVVZWGP46XFY37TOCKMQYQ,5.0,5.0,0.0,4,1
AEYGGVW36QFZUOYPX7RSDQW334SQ,1.0,4.0,3.0,1,1
AFPRJPP6RO2M42MG2EYUKI7N7ZVA,1.0,5.0,4.0,1,1
AF34CLVLL3QWORYSKVPXHYKLGZ4A,4.0,5.0,1.0,1,1
AHMSYDBRVX4U6KRZUYZOS3PYZUHQ,5.0,4.3636,-0.6364,3,11
AEK5KOCGRBUH7YTLHE3IV2JS2T7Q,4.0,4.0,0.0,1,1
AFNLT5TZEDUYSKPKFBWRYKLV6ANA,3.0,5.0,2.0,1,1
AEXHGBGA4XCAGYEWNX5X4NZFHFHA,5.0,5.0,0.0,1,1
AFAKJCI7YGTLMQQPBO6CRLXTHU2A,5.0,3.0,-2.0,1,2
AGNISLOH7EME7CHXUS7666SI2KSQ,3.0,5.0,2.0,4,1
AGETEFG26PDQ6ISX2GTHCFTI3UOA,4.0,4.3333,0.3333,4,6
AFT6BELSYBQVDF2FLF3HUAQBOBAA,4.0,2.5,-1.5,1,2
AG2H3ITT2CWP2Q7DPIKGG2QNB3BA,5.0,4.25,-0.75,2,4
AEQWCNQLVVQSEXWW4QUH6YD7WVDA,3.0,5.0,2.0,2,1
AF6SIATNP6HHNGUAHRH34AW7XSCA,4.6667,5.0,0.3333,3,8
AGCYEYRRQPEO2A3I6CYQ756TMQQQ,4.5,5.0,0.5,2,4
AFZBVY5R3EDJSODX4GIVKI6EZK5Q,5.0,5.0,0.0,3,2
AH7B7KGYM6W5EYN44ADJLIEPZJPQ,5.0,1.0,-4.0,1,1
AGOSXXIKHLQJB5W3PARYAU6364AA,4.0,5.0,1.0,6,1
AHKE6LGV7ESYWCQK3ZAFLPEJ3FTA,2.0,5.0,3.0,1,1
AHYNT2UO6EY2SKXTNT2PDTEDCA7Q,5.0,4.6667,-0.3333,1,3
AH2XE7WIZCKA53LMJH4UYM3DGPWA,5.0,4.1818,-0.8182,1,11
AHXEX3NDAHO7R6EIUS4LGMBK7BJA,3.1429,3.7407,0.5979,7,27
AE7FSK72PZQDSXZDNGX52YR6UC3A,5.0,4.5,-0.5,1,8
AFDBV7PUVZ342MVOH6KFMUJECHUA,1.0,3.6,2.6,1,5
AEHKB54PYR3JWQSDPRCGJHQNQIVA,5.0,5.0,0.0,1,1
AHXFUSFXVVR2T7K6NZRH2PFAABMQ,4.0,5.0,1.0,1,2
AE7VXCXEBPKEPW62Z4BNRXGDU3PA,5.0,4.3333,-0.6667,2,3
AFPKILMQ3OLDKFQHNKTHZTFM5PZA,1.0,4.0,3.0,1,1
AGL5AGIWHTDV6K3WERXRN7STGYLQ,5.0,5.0,0.0,1,2
AEPPV6JVYPGECC6KBMJQWW4GGAAQ,3.6667,4.0,0.3333,3,4
AHR53B2POEZQ3ZM6QANIUBAUE7UA,5.0,2.0,-3.0,1,1
AE5HX7F3UOOKELLJOQJ65WVWMP7Q,5.0,5.0,0.0,2,3
AER55HQMB2ZTKNUMLQIN47WAQEQA,4.6667,4.1538,-0.5128,3,13
AGSW4P3XT63WTNT6YEGGFGO6K5EQ,5.0,3.0,-2.0,1,1
AE5NIEDMK73KGMO47HYFNHLRBVSQ,3.2,1.0,-2.2,5,1
AHY3ALOOMGKVQC7EXKRWSLHVWPMA,5.0,2.0,-3.0,1,1
AFLKC37DY3OWKCBE7KASC4WX4GPA,4.0,5.0,1.0,1,6
AGOIIIBVKZLG6GLLRXJ3CKN3LREA,2.0,3.625,1.625,1,8
AFHOYHB2ZO6VUV4ZL42O4N7EKKCA,2.0,4.5,2.5,1,4
AGSOS6GPQE4FLFMNTYOUHEH7JCWQ,5.0,4.0,-1.0,1,1
AHLBF7YXSWR3NZA6XZIBIO6RN7OQ,5.0,5.0,0.0,1,1
AGXUIFO5GRVPR3SY3RTOGHY4O2PA,4.0,4.3333,0.3333,1,3
AFOZJ73H7SLI7AI55ZOO3QUKEDHQ,2.0,4.8,2.8,1,5
AHD5VTWWET77D3G3ZIGNMBNFRL5A,5.0,5.0,0.0,2,2
AHZOM5JZUN2AYBNP5BSOWTKLD4JA,5.0,1.0,-4.0,1,1
AG6EY5MHCAC37CWD3PXLEYUPCZJA,5.0,5.0,0.0,1,2
AG6NTVHRDVGWZDJ6WJT52NZUBJ7Q,5.0,5.0,0.0,2,3
AH33DGBF5JK3OAIOLR57NS3L6IWQ,5.0,5.0,0.0,1,1
AEGOCHWC36J6HKQA4UXG3FXCWJCA,5.0,5.0,0.0,2,2
AFYJXNQ7TH2XMHWJ3A5Z3CENYQEQ,4.0,3.0,-1.0,1,7
AGNQED54YY4XLU24HSQ5NRLKU6SA,3.0,1.0,-2.0,4,1
AE6RKQ6F44OQQWXJNCJQGZ6CDN5Q,5.0,4.0,-1.0,1,3
AFCCPSZKLUZPGHLFLKXGKTFQIHGA,2.0,3.5,1.5,1,6
AFEWEIA7BW4BYGUYZOF74JEJHDFA,2.3333,2.7143,0.381,3,7
AFN5PEE4BF4FKPEQMAF2OR6MSHCA,5.0,4.0,-1.0,1,2
AHUBDU5IV5PNK6JNJEPDPQBSLI7A,4.3333,5.0,0.6667,3,1
AFDBC2S7VY2RFCGH3WVPRTMXS24A,1.0,5.0,4.0,1,2
AEYSJNT3VZWYJAMFLUJ2NFXHMR6A,4.0,3.6667,-0.3333,1,3
AGUZHANDB2NGJXAWFAW3EBTZRTRQ,3.0,3.75,0.75,1,4
AFQDT7XDGBL7FHC3CCRNOLELAKWQ,4.0,3.7143,-0.2857,1,7
AEJLAFRPF6ZMXOWGQHZLJIIADGWQ,5.0,5.0,0.0,1,1
AFYVMVIN7MCUHS5ZXCKBH2GHOGKA,5.0,3.0,-2.0,1,1
AEBXY7EVZPBQD4ZPVWB64TSJFL5A,5.0,4.0,-1.0,3,4
AE7TY37EXV5YU5GOYCPPIAHNXHJA,4.75,5.0,0.25,4,2
AFE77XEADIYNDT5ENHPATVUVTX5A,5.0,3.5,-1.5,1,8
AHXJCXHLAQPTY5JSZKOSJBPAGXBA,5.0,5.0,0.0,1,2
AF3IWBXOCG7HPNHQV4GJO4DOXVUA,5.0,4.2273,-0.7727,2,22
AFJNRJATL3JEV65ABKJILSWBT3YQ,4.3333,5.0,0.6667,3,2
AEULNMGOIMNUMNKQ7TEGPTFWSBZA,5.0,2.5,-2.5,1,2
AFCMJG7EN2Q7JRK7LCZOYFQP3GTQ,1.0,4.5,3.5,1,2
AFQQUUY32DOBKCMGRYXSFY32KHQQ,5.0,3.0,-2.0,1,2
AGZNMYTY47SFUPP4GD4LJDXJWBKQ,3.0,2.25,-0.75,2,4
AFPVPOEAJ3S6U6JNNCFXQVCSSO7Q,1.0,4.4286,3.4286,1,7
AGKEEIXDJRROOQTKOQVWV42FNCWQ,5.0,5.0,0.0,2,1
AFSYQN2YLBSKIFHGVPD2JXCLUWRA,5.0,4.625,-0.375,1,8
AHD6QIRDCRJZW4WQOEDHZETFVJNA,1.8,5.0,3.2,5,6
AGO2AKLIZNOKETVEQPSONIRVS5VA,3.0,4.0,1.0,1,1
AFF436D73YQFPXJ4KQGYCPKKWQEQ,5.0,4.0,-1.0,1,3
AEEQA5ZUASACBWWKBWIDTP36TMEA,5.0,3.0,-2.0,1,2
AEO4BG522TBSW4KF5RISPPI3LYBQ,2.0,4.0,2.0,1,5
AHU6QBR5OV6KBQZTXH5OM3Y3A32A,2.0,4.8,2.8,1,5
AG4WJ2LSVR3R7PVOPYQYL43MS3IA,5.0,4.5,-0.5,2,2
AEU6XL7HC4O5M7SABIUJPWWTO5OQ,5.0,4.2,-0.8,1,5
AGYITRAO4RJLP5D2V5BQL7XVB5NQ,5.0,5.0,0.0,2,4
AHHY6MBMTPIZRXL2MRGZ2B2HHS2Q,4.8,2.5,-2.3,5,2
AENWHCQV7LQO7SS3OJKYTQ6JJK6A,5.0,4.8,-0.2,1,5
AFZAR7QI7BUSIKRLBKIRTFZGQA6A,5.0,3.625,-1.375,2,8
AEPRE3CCUYAWKXFJK3XHA2BBRG2A,3.5,5.0,1.5,2,2
AHIXK6M23R6BR5DT6VZA6NSOMUTA,5.0,3.6667,-1.3333,1,3
AE5VPIHEDQGLMPZ64UQZN6K5LQNQ,3.0,4.0,1.0,1,1
AG5K2EF7UECSO2NXS7PLB7GJY6MQ,3.0,5.0,2.0,1,1
AGRYOJVC57BTJG6XXBNZX5I35EZQ,2.0,5.0,3.0,2,10
AG2QOY3QPTSCARUU4523AQ7IBFKA,4.0,4.6316,0.6316,1,19
AFFZ5MLYMIKUXSC3545BCM55R7SA,3.5,3.9,0.4,4,10
AFWDQN24HXBYCKAFSW6XN5HL334A,5.0,5.0,0.0,4,1
AFABD7OJCL2XV3KJE256WBPC3YWA,5.0,3.0,-2.0,1,3
AHIOXNSIYZYPQROBWGZB5WOYN4MA,1.0,4.0,3.0,1,4
AFM3VLP372RQAWGILMSGZKA4J4VQ,4.0,5.0,1.0,1,1
AHEKQ7YQCI3HCHGG6YYVHPFFMCDQ,5.0,5.0,0.0,1,2
AGXGS6YBJFHVDRW2V5RPDZF5WDVQ,4.3333,3.7143,-0.619,3,7
AHN737ACHEEOXICWK7OWEUJPN6KA,5.0,5.0,0.0,1,2
AEXVPP25PZ6TCBD46R2JZL4XGTBQ,5.0,5.0,0.0,1,1
AFAES7XCT5WWKD5TTGQ56L55FHPA,4.5,5.0,0.5,2,1
AH3RAQS37ZZEOTLHRPNEBA72Z2HA,5.0,1.0,-4.0,1,1
AFQTFXFTR4DQTXNFHAOSMSQ4457A,4.0,5.0,1.0,2,4
AFCCIAZ3IZ2NZAANVTORO6JZBLZQ,4.4,5.0,0.6,5,4
AEV3IFM4SBTTT3DDP2K2KOQGYLEQ,2.0,2.5,0.5,1,2
AG53TYNK32JPGVK4BO4V2PJ7MSQQ,1.5,3.0,1.5,2,2
AEVKNUGQFUVEQWM6DXKRSNF366BA,5.0,2.0,-3.0,1,1
AFPKKINLL25KMA7ADGSATQXSKJPA,5.0,5.0,0.0,1,1
AEJ4EF4G2LI4OMTLU42ATFAH5OKQ,5.0,5.0,0.0,4,4
AEBXA6AOZN4W3H6TVVEK5KIAUO7A,3.25,3.5,0.25,4,2
AF2TXYDPQWMDXJEQEDDU4M3C2D7Q,2.0,4.5,2.5,1,2
AHFT56IYZ6IRXVLR5EVJENDOBQFQ,5.0,4.0,-1.0,1,2
AFVPF6JTPRB2K5VUF3WXPWQ3CO3A,5.0,5.0,0.0,2,1
AE4MNY5M6T3J3ZJSHHX5RFBUPXYQ,5.0,5.0,0.0,2,2
AEODZORCRZ2NOC6PSVMRZGLRWNCA,4.0,1.0,-3.0,1,1
AHHM2WGPH23SGZYEJTEFJDKUISCA,5.0,4.0,-1.0,1,1
AHGW43ZQE3NHKL363N2NCWHP4LMQ,5.0,1.0,-4.0,1,1
AGLVXTJEKQ4FAVJJTRNQHTMCTG2Q,4.1667,4.25,0.0833,6,4
AEGYYNL2772DSQIZYFBCHY6ZULSA,5.0,5.0,0.0,3,2
AGORDJUPP3RCH5SJAQE2TJFVQH2A,1.0,3.8571,2.8571,1,7
AHQL2I3B233WELHHCNQXG6YNRJKQ,5.0,3.5714,-1.4286,2,7
AHYO2UUTPEWDVLN2AGS3R4IQB7OA,5.0,5.0,0.0,2,1
AFMTZD76XDXOON423NZVAGX2KMPA,5.0,5.0,0.0,1,1
AH4TWKCPVYCK33BG6ZL5RX2CKW5A,5.0,4.75,-0.25,1,4
AGBF36EOM3MPV2K3HBRKQF3ZEQLA,5.0,5.0,0.0,1,1
AFQ5XPJ7MEFRRYG3NEW3XCU7DADA,5.0,4.0,-1.0,1,1
AFJVSAQIX3XM3KBZ4R4X3K7NMYVQ,5.0,5.0,0.0,1,1
AEK4P6JWNSSXAIMQ65EKIVTB3NSQ,4.3333,5.0,0.6667,3,1
AERESMKE32YASDK226KJNC377TQQ,4.0,5.0,1.0,1,1
AH7A4VY2KWYF5SWMMLP4WSHTRBLA,5.0,5.0,0.0,3,3
AFXRIUR6DULLUUUCKCKHSBF6XE2A,5.0,4.6667,-0.3333,10,12
AH3NIFQ5ITVNVNIV7WJ2FSSW266A,4.5,4.0,-0.5,2,5
AHZMUYUCEXDZEFQ6PNALTEM65GFQ,1.0,4.5714,3.5714,1,7
AEPB2GYKWUO53UBNA4Y2NVA7UC5Q,5.0,4.0,-1.0,1,1
AGDPBOD62IU5HSGBPWKOSU5H5XIQ,5.0,5.0,0.0,1,1
AFUKDZSDKI2D32FPJEZH6SM5YVZA,3.0,5.0,2.0,1,5
AFSQAWR5O2GIFPCBOWGTECWXHSOQ,5.0,4.6667,-0.3333,1,3
AEHFTZONDYKUBCNEEAQX5HBY5P6A,2.0,3.5,1.5,1,2
AHHRAXXPDPNAYI6263LXNUBPXC5A,5.0,5.0,0.0,1,1
AH4E7OQJTBE34254BY5NKSWZ7MIQ,5.0,2.0,-3.0,2,1
AHGQ4IFWJ2Z37BXW7QKFMSQAQ5AQ,5.0,5.0,0.0,1,1
AG66YA3ECACWDYAKV5DLBMJVY54Q,1.0,5.0,4.0,2,1
AHRDDAA6BC67RB3ABQVAJ5B2Z6LQ,1.0,5.0,4.0,1,1
AHWLIVHW6UTJPXVO6YNUL5KHTPPA,5.0,4.0,-1.0,1,1
AGJ3ODGD5VU2GJZKIK2MPA7ATHMA,5.0,4.0,-1.0,1,1
AFWBEQ6H4T4ONRGF4EBZ4RSNDO2Q,5.0,4.0,-1.0,1,4
AHNNJHAPANYIHDSZVOFGKXBJR4EQ,5.0,5.0,0.0,1,1
AH75BYQNJPF6ZSHBMJUJI547NJKQ,4.0,3.5,-0.5,1,2
AGF66VJ4HYWKOPQEXOTBOQFD4NZA,5.0,5.0,0.0,1,1
AEMUS6Q4MNI7Y5XHZX6NNP26EZMQ,1.0,1.0,0.0,3,1
AGWHWF2Z2EQLEIIUO34BK6XO2XRQ,4.75,4.8333,0.0833,4,6
AEQSK4XVIDYP6R4CQONZU5PEWOZA,5.0,5.0,0.0,2,9
AFZVZKEAKKFK7WNYAG4OQBJXLDEA,5.0,2.6667,-2.3333,1,3
AEXGA4SEVC4NHVT4QHZTCKVIZFSQ,4.5,3.5,-1.0,2,2
AFYE6ITJ7Z7YICUIHID2TQYKVXYA,5.0,5.0,0.0,1,2
AG26BB5R2ZEXZ2AHXNRKAVEXGZXQ,4.0,4.3333,0.3333,2,9
AFMWU3I7IRMQP3ODQHMCYE7LNNPQ,5.0,5.0,0.0,2,3
AFFPNUNA2RADMKVYUTYCMTPJ24YA,1.0,3.0,2.0,1,2
AHB3X22CKDLDGHIGUNZ7RU6NOSLA,5.0,5.0,0.0,2,2
AFKJ7FUF3R4URSAH5N2MVMGMT23A,4.3333,4.6667,0.3333,3,3
AGWDDL2BALNGF47UCXIDMHJNABFQ,3.0,3.3333,0.3333,1,3
AFC2URGYME27PNZFBKCDCN2AZY5A,5.0,5.0,0.0,1,5
AFO67AVRNJM6CVGFMI66UE2C4MIQ,4.6667,5.0,0.3333,3,2
AFYMO3KFLFYH7EUUQKZAWVX52ZJQ,4.5,3.8,-0.7,8,15
AGJC5LRODIZV5GO6KXT7AZ4MT7GQ,5.0,1.0,-4.0,1,1
AET35ZLEJ22WWSRT53NJPWXQSEEA,5.0,5.0,0.0,1,1
AH7SVMCM3ZYQKPLUYGFETFZNUHLQ,4.0,5.0,1.0,3,1
AGRS25ZOMYZUUCB7HYTZOCLFIVWA,5.0,5.0,0.0,1,10
AG7WYM7U3M7Y3MZD5OJUMQYCU37Q,4.3333,5.0,0.6667,3,2
AGTR3GRW4J5Q4ZNDUYAVONK2IJYQ,5.0,5.0,0.0,1,1
AHXYNB662SL6KDINEMC5N7RGAFCQ,5.0,5.0,0.0,1,1
AEJ667AYKR6L5PYN4ZK2MT2FQNAQ,5.0,3.0,-2.0,1,3
AFHOCT3S3WKQHMRP5JMPTEEOLKFQ,5.0,4.5,-0.5,1,2
AHBVU5YZ4D4ZFMG6XILWAQTYVAOA,2.6667,3.0,0.3333,3,4
AHTTTECKQ3JHJYWYIAMAP5LBXJVQ,5.0,5.0,0.0,2,3
AHF3H2DZ4RCWFS3BGU6GJGYUHSJQ,5.0,3.6667,-1.3333,1,3
AHJCQJK5VG5T2NIANHYVXI7ZLRLA,4.6667,5.0,0.3333,6,1
AGEGQLQ6QJUSPF3N5RUCTXLMNUBA,3.0,5.0,2.0,1,1
AGZSYSKVTYIIR5NTUYM2SVVPX2EQ,5.0,5.0,0.0,1,3
AH2HPH7DFYIS2RSJPIXQKYSM45WQ,5.0,5.0,0.0,1,1
AGEXYQXE6GSCMJ2CCGWXWSIN3OWQ,5.0,4.0,-1.0,2,4
AEHN3NJTQ4FM7S27CUATTDTPZO6Q,5.0,5.0,0.0,1,1
AFOXXP6AICYQWKW3GF2TGWDYS55A,4.0,5.0,1.0,1,2
AGMBCJVJEKWFJ6EE52HVMUTEXAVQ,5.0,5.0,0.0,1,1
AGYANAKG62KADYTBW5HJDFQCT5PA,4.0,4.5,0.5,1,6
AFND4AVD7BV2OIR2ESGN72WZACUQ,5.0,5.0,0.0,1,2
AFCZIPDS3V7WIODUUGIM6LQAASKQ,5.0,5.0,0.0,1,7
AEM2Z4D5TXZWGQMUZQ4OLH65F3OA,5.0,5.0,0.0,1,1
AERDT5ITA7WDXS3RF7RLGF5XL3GQ,4.5,4.1429,-0.3571,2,14
AH3ZGFPJXREI3YNDNFKQ234O46PA,5.0,5.0,0.0,1,1
AEFXQL5MFH5JZNVSUUFJ7AOKWNTQ,4.0,4.4444,0.4444,2,9
AFMVLUT77G5PGT3S4PB4OG7HGJ3A,3.6667,4.0,0.3333,3,4
AHD3DG4SCZY4TCTZEKXXPPDZYKOQ,5.0,5.0,0.0,1,2
AFJ3QJ2DKYH7MHHOOUFM65QS7WXA,5.0,4.5,-0.5,1,2
AGMZZ5GEQKMCC2QER7MZROWWGPYQ,5.0,4.2,-0.8,1,5
AHK3W4NHFRAVBS2WS35WJZO4MZIA,5.0,3.0,-2.0,1,2
AHRNHMNJLFMUESU3LVB7CAQWUYTQ,5.0,4.0,-1.0,2,2
AE4BDGTN5DQJAWHAQKRU4DDQFAHQ,3.0,5.0,2.0,2,3
AE32SDMNWVNBC5CEP7NJJ4N5NVZA,5.0,2.0,-3.0,1,4
AEBM43OX5TZS4BKAN5W32FSQBGWA,5.0,4.4545,-0.5455,1,11
AH5YJKZAIPAF75MLTFNGJX6DVAUQ,3.2222,4.4286,1.2063,9,7
AGUM6NT5Y72QIRY32IPQUXKCQQPQ,5.0,3.1111,-1.8889,2,18
AFQFLN32LQKPROFVX5C52GROZL2Q,2.0,5.0,3.0,4,1
AGP6RRBUAPFMTMHQBPX3B4VXDUUA,5.0,5.0,0.0,1,6
AGM7SARU6GGEFX3346V55FQMTR2Q,1.0,3.5,2.5,1,2
AGKKNSJ7JJHPZQBWIWXLR6ECLMMA,4.0,3.0,-1.0,1,1
AFXFRVKSZN2D3FEGA7QZJKVWVZIQ,4.0,4.0,0.0,1,1
AEJ7756NXJ64Y7N5NOGJ6RJQFHHQ,5.0,5.0,0.0,1,4
AGKTCUPKOS4CLFOI7FFHAQBRFPLA,5.0,5.0,0.0,1,1
AG5W7IKWEZQCL7LR5HW6PWTLTO5A,1.0,2.8,1.8,1,5
AHYU5Q7DW54DQJ4OPLR4AQ6RGX7A,4.0,5.0,1.0,7,1
AEQRNBOC37FRURDRSKORQIJHONNA,5.0,4.0,-1.0,1,1
AHPM2H5OM7FFUR3ZWZ5CUK3FJXBQ,2.0,2.6667,0.6667,1,3
AHCSNYPW7PJEN2HJWDZNOB7VOP6A,2.3333,4.25,1.9167,3,4
AE2XPQX3YSQQE7NSRWJ37FCABCMQ,1.0,5.0,4.0,1,1
AGCXTUXT6UZOY2DMZXGWZNQ5TLEQ,5.0,4.0,-1.0,1,3
AFNIB2MN2YD42AEYIM3QEIP4UEOQ,4.0,5.0,1.0,2,7
AGP2E2J6MISELAOQZTFUE7T2YTJQ,4.0,4.4286,0.4286,3,7
AEO2HRVAC66TJ5EL3YTHRDXV64AA,5.0,5.0,0.0,1,1
AFMQ43QOIAE7M3ZVKTS4MBYJHHCQ,5.0,4.0,-1.0,2,1
AFRFWB7Q654YONCPKUF5ZBNNB37A,5.0,4.4667,-0.5333,3,15
AFZVFRAK4JPWP4A5ERCRZIE25KXA,5.0,5.0,0.0,5,3
AHPFMOXZVYRO4RI6W2XB53OBDPDA,3.6667,3.6667,0.0,3,3
AG34WFKCG4SRTQMIGTA3MTAQ4WAA,2.0,2.0,0.0,1,1
AFIQ3GPSDFWJBCQWH3EBKNGIHWUA,5.0,3.0,-2.0,1,4
AFVERBPUWLO6GKVHLZTVXJSLTSCA,5.0,5.0,0.0,1,3
AGGWHHHVQJS7KUHFQSXJ4637UQJQ,5.0,3.9091,-1.0909,2,11
AGFJHYGUA2M7EPYL6NGXRKIB5Y4A,4.0,5.0,1.0,3,1
AFSICHPPFD5GMICVXZEK4UN77SBA,2.0,5.0,3.0,1,1
AHHZPMZBG5C4QXYSZ5NT7UEMCO5Q,5.0,5.0,0.0,1,1
AGTWGKHF7KNH22H24JMMQNNDD3GQ,1.0,3.0,2.0,1,2
AEBCULMIV4IP2NZQ3ZE36QKEO5OQ,4.3077,5.0,0.6923,13,1
AFTEBSPEL44VW6VKREZ6H35GUUAA,5.0,1.0,-4.0,1,1
AGP3A7B2PVQOCPGUTK44ME2PUNNQ,5.0,3.0,-2.0,1,1
AEPWLKPM6BSAA5EPVLY7QVJW2R7Q,4.5,4.5,0.0,2,2
AFDVE5RABZYGY5RSS7ZLOWGGXCMQ,5.0,3.75,-1.25,5,4
AHTNTN7A3YHQVRPKOX6QJD6PL4XA,2.0,5.0,3.0,1,1
AGTDM3HNVJ5NJZUU64U4ZMENINRA,5.0,5.0,0.0,2,1
AGSQHEIVU53IY6YZKWJXKEDPR4RA,4.0,2.9,-1.1,4,10
AFDVZ4SSWORTB367YT4UH3O3NWNQ,3.0,5.0,2.0,2,2
AEX3FPFPRBZXJ3QTLHFYVXNCIKEQ,4.0,1.0,-3.0,4,1
AHQUQTB6KW6HJ34XDBRHOOOKVPTQ,5.0,3.75,-1.25,1,4
AFALWDRXCDOWK3BUAYTFDHFZH43A,2.0,1.0,-1.0,1,1
AFRJCUVTY6RD52LMMJO4V2AYZGAA,2.5,5.0,2.5,2,1
AF5272E23G5VCDHUPNS5N37VNRLQ,5.0,5.0,0.0,1,8
AH2PPKJZEVTMB4REDNVG5LU74UXA,2.0,3.0,1.0,1,1
AFWLACGETBRIUFMI2KSBHZYF2TTA,4.0,4.6667,0.6667,1,3
AHS2IFOCDA3KGGUKXBBOCOXLKKTA,5.0,5.0,0.0,2,1
AESLIN4ELWNVIOEQWBGDXQQJOIWQ,4.0,4.0,0.0,4,3
AGQEGD2ENCE533ALCXKVFQZB4YVQ,5.0,5.0,0.0,1,1
AFW3ZJHMR7GCEY6E6VQB3S7ZTTPQ,5.0,4.2,-0.8,1,5
AG4DK5KCZ2ESE5R4DNIMCV5243SQ,3.5,3.6,0.1,2,5
AHXWJ3FDAAX4CLUMME5HSKZJGFTA,5.0,3.2,-1.8,1,5
AH7OOQZ3NBAHFDK7REJ4SCZOPJWA,5.0,4.6667,-0.3333,1,3
AH56N2TZOKOHVCXOKKWTWQKHJV5Q,3.0,5.0,2.0,2,2
AFEXYIHATHHZZIV53YKIZY7AJNYQ,1.0,2.25,1.25,1,4
AHFA56562UPWIIONOTYO4KJRM4HQ,4.25,5.0,0.75,4,2
AETFMDYOKWNWUZDNFKEHH2UKHNIQ,3.5,4.0,0.5,2,1
AHPYTCIGUHYG434MIPCTZQAPF47Q,2.0,4.6667,2.6667,1,3
AEEABKPD4RHKEVZK2FVTKBALVF4Q,5.0,5.0,0.0,1,1
AEVAMH7HFITGXEPEM2S2O3TI5XTA,5.0,5.0,0.0,1,2
AEUOC7BGQ73ITRHGVU6WSQ7GWT2Q,3.5,1.0,-2.5,2,1
AHEZQ765UEN26OI3535NQC2HQHIA,2.3333,1.0,-1.3333,3,1
AHZ43UYAZYVTLTEKTQORXBBN2CDA,5.0,4.5,-0.5,1,2
AFZWLWJ24VBYUJ6OY74X26NZRUZQ,5.0,5.0,0.0,2,4
AFNS5V6T5UIIOTHVAUCK7N5SXSUQ,4.0,2.5,-1.5,1,2
AEBF6HBMC7RURCDF5QEDYLT46VWA,4.0,4.8,0.8,1,5
AHPAX3BNBTK2J3BIU4AHUQ6DHUFQ,4.0,4.5,0.5,1,2
AH2X5YABVVRVUYQMRX526BVFNSBQ,1.0,3.5,2.5,1,4
AEEKQ3C64GSBITA6SUQQLRU5PPYA,5.0,4.0,-1.0,2,1
AF5PSWSBSKH26YWSBWAGTTXP6XHA,3.6667,1.5714,-2.0952,3,7
AHQBTNCDH377SGCBKEXOARJ4Q4SQ,1.0,2.3333,1.3333,2,3
AGA6DXA722ETWNTHIJRQGEXPHAFA,1.0,1.0,0.0,1,2
AF4FFNYYN6IJCFZWLTHSV45EX3YQ,3.0,4.3333,1.3333,1,3
AGJVZS3S4242EFBBGBCR5Y7X3JVQ,3.0,4.2222,1.2222,3,18
AEFXM5W7KJVTFMLXJR4G6TQL7CTQ,5.0,2.0,-3.0,1,3
AHXLQ3X3XHVX5RC3WLNKIQUBWHLA,5.0,3.0,-2.0,1,3
AHJEM2HZDNZWYIAGENWW6GTHHLNA,3.2188,2.8143,-0.4045,32,140
AE2B6PG3O5ZMZUSZIV2DGIW5PXUA,5.0,1.0,-4.0,1,1
AHNYWBVRDFXCCS7KATC3LQ2VLCQA,3.5,4.6667,1.1667,2,3
AHP2ZK6EEQ5TT47F3LLRUM3UL3OQ,5.0,5.0,0.0,2,4
AFRF3UAQ2ZMFIDHK5T3SLYJ3IFIA,5.0,4.375,-0.625,2,24
AG33U5Z5EAMK352NUPI2R4IS7FQQ,4.0,4.4545,0.4545,2,11
AGKGY7FBQJDQGN5L7OXLKCYC7M3Q,5.0,4.0,-1.0,1,1
AFEZXSNF6PR3FIPLXRC7FWDTJNHA,1.0,4.0,3.0,2,1
AE35TC2ABUE2C7VI7Q752K6I3FQQ,5.0,2.0,-3.0,1,1
AFWKD6FWXS4AFWZGRH4PG63EAXUQ,5.0,5.0,0.0,1,1
AF47RQTH5SMLWYNYNIYIOVCQABEQ,5.0,5.0,0.0,1,4
AFKMLOIHLYSOWJZCHA5NWMRPFN4Q,5.0,3.0,-2.0,1,2
AHOOGG6JUKFURPG2ASLYIPK7I3FA,5.0,4.3333,-0.6667,1,3
AERZ3QV7JJJEI7NV5LXPHBZTE4FA,5.0,3.6667,-1.3333,1,3
AH24GZV3KHNLDT4PG7VPJDKUIUYA,2.0,5.0,3.0,1,1
AGFBMTZCPVORROEMJ7VHFPPQRYDA,2.5,4.4444,1.9444,2,18
AEP5ZHTDY76KFDY7BTGNSWEVLH7Q,3.0,4.0,1.0,1,1
AEFLZ6T4HAEW2KTGRYAY2PJIGLIA,2.0,4.3333,2.3333,5,6
AEDH2H2CSKQBDSCSOHM2IXKTQRUA,2.0,1.5,-0.5,1,2
AGURDH6VRGGIZG5TXGO3CWN7VAZQ,4.0,5.0,1.0,1,1
AHDPVNPKCOIOQ7B4QLWSCWNI7EUA,2.5,4.5,2.0,2,2
AEGI44ODATADLJEVEVGIQBX657BQ,5.0,4.0,-1.0,1,3
AFV3P632WPIWKXOMEFCNEDU5A76Q,4.5,4.0,-0.5,2,2
AEMTGDBGZF7EQVYXL7FTTO7GMZKQ,1.0,4.0,3.0,1,1
AHXCV4CZDYWEH6SG7DATP5SNPIOQ,4.5,2.0,-2.5,2,1
AFZLFWIMGP5L3NEIKSJM2F7LSRBQ,2.0,2.5,0.5,3,4
AE5JYA2OOAAZNAGUMHLYTMRWZNZQ,2.0,4.5,2.5,3,2
AGOTZJE72KPCR4HCF6OPB2LQGR6A,1.0,2.0,1.0,1,1
AHU475OPUJIBTX6OF33F7V3AIVGQ,1.0,3.0,2.0,1,2
AFYKDPECLWRLSS5P6C7CS5BUCZDQ,5.0,5.0,0.0,3,1
AGRLNS2L4CWPYS3NG7TYEX6AHAVA,5.0,5.0,0.0,1,2
AEF5ACTKNIIUF2U5QOEJUDDUQ4RQ,5.0,5.0,0.0,3,2
AFPJAELIEWRZP4QXFBKLDFW5AAQA,1.0,5.0,4.0,1,1
AGOBAVNMK4ZNXTIMSGMWRZLYQEIA,1.0,3.0,2.0,1,2
AHSAUUXG5FAQHVDMTEZZ6XAPICYA,4.0,4.5,0.5,1,2
AHI75X53RQLJHL4GDX6EIMKGYXKA,4.0,5.0,1.0,1,5
AFR2OIS7H4YPFVUNEX2UCGHYBPVQ,4.0,4.1379,0.1379,9,29
AG5S2VTNYS7B62JWNGBC57G3L3FQ,5.0,5.0,0.0,2,6
AHXQGQ63YCXVQGL5GLYMGK6QQ3XA,5.0,5.0,0.0,2,1
AGBL6AQECDWWG7BW5XIB64JYPD2Q,4.0,3.7778,-0.2222,5,9
AGNPHR6XESLF3LIRTJICJBNPX7PA,5.0,5.0,0.0,1,2
AGCZOEGKBFUDSLSVD45UAROUMTZA,4.5,4.875,0.375,2,8
AHOKJXOBAB57TQYDO4PDYQ2TDFPA,3.2,3.7778,0.5778,10,9
AEWWNNDMEHHX7D3KQFSSMLXOWWBQ,5.0,4.375,-0.625,3,8
AGF4FJ4PFEJM6VTZ7U5RYASAPW5A,5.0,1.6667,-3.3333,3,6
AGLAQKAEGNCLNMIUXIFC6DZXD2JA,4.5,4.64,0.14,4,25
AFPJ6I4YPV663L6X23LKIBS355KA,5.0,4.5,-0.5,1,2
AG6CRPMYONBMBXRF354LCIYDFVQQ,4.0,3.875,-0.125,1,8
AEVMDZXPNSW35UGEB6HNEBI7EDWQ,5.0,3.25,-1.75,1,4
AGC6YDLNIWPE6O7G3VWYMQGBCDEA,5.0,5.0,0.0,1,1
AGCOCXRN6WZRKED5H2SIBR3N7GUQ,5.0,3.0,-2.0,1,2
AGGSEIN4ZCD7QK2J7WN3SVOKKRYA,5.0,5.0,0.0,1,3
AFHF366CP57KRJN4B7KVK4OJDA7A,5.0,1.0,-4.0,1,1
AHOAT7EJQN7JZKZHLLZRRRYEWHGA,5.0,4.0,-1.0,1,4
AEENY6QTYQW4NTFNSHR3MF7HP2CQ,5.0,5.0,0.0,1,2
AE53UVJT6T3BG66EYSSSL7C3CVZA,5.0,5.0,0.0,1,1
AHVI4D7D7KV7LKZHLBA5L5ZBIMRA,4.0,2.5,-1.5,1,2
AE7FZ3PSF3NWL7KXREFRWSZVCVQA,4.0,4.0,0.0,1,2
AEZF5I6532YJZAPIGCESLOUCDD3A,1.0,4.0,3.0,1,1
AFCIGOF576MHVDYFIMLLBXBSR3MQ,5.0,4.2,-0.8,1,5
AGFATBNZ3LMBV726OAVMI32P7FZA,4.8333,5.0,0.1667,6,1
AEKQFUEUSASLNTCWJASIVCTBCV2Q,5.0,4.9333,-0.0667,2,15
AGZVIQAXLFFVTSDU5GHHEDE2E5EQ,4.5,4.5,0.0,2,4
AGYA4FCIVB6RF7FFJ3KNRUC6GUIQ,2.3333,5.0,2.6667,3,2
AHDKDFTEZ2P56YRAROPQMA537OKA,5.0,5.0,0.0,1,3
AGUYJB6WO5SNQTORZXZHMMJIMUCA,5.0,5.0,0.0,1,6
AHT56XZBQW5EG55FJZLIPGKRVR3Q,5.0,5.0,0.0,1,2
AF5M5MJBUJZBSIYOZN4PREIUD6LA,5.0,4.7273,-0.2727,4,22
AGG5TEJWIXAIOZ3E4CVBUMMPED4Q,1.5,5.0,3.5,2,1
AFR2WXEGFRQAQZU67OAKGFT7K6OA,5.0,5.0,0.0,3,1
AFTPO7VMX7IYT4YGEZSL4MTI4BKQ,5.0,5.0,0.0,1,1
AFEV7M6GTARBAK3JRCVYN5JPUDYQ,3.5,5.0,1.5,2,2
AFSZXE7UI3OI24UFCUW6D4ZRXPQQ,5.0,5.0,0.0,1,3
AFYP4DQAINEV5TAJSNEEQIZIHZ3A,1.0,4.0,3.0,1,2
AEBRW6KYX2U4W2AGZCTHCHJHJEEA,3.875,3.7778,-0.0972,8,9
AGFGWYUFDSRSKZ3J4YGU5XRMCFQA,2.0,3.0,1.0,2,2
AH2WD42IOMPOUEPFCIVZLM2IW4OA,4.0,5.0,1.0,1,1
AGVHBYMEWTTK2UDTINYJW5ZNRKHA,5.0,5.0,0.0,1,1
AFXR5O47WRZOJLYY4OKRRY5BXFSA,5.0,5.0,0.0,1,2
AFXNVPJOZUGLJOHIPKCXIZP53KXQ,5.0,5.0,0.0,6,2
AFSUNNZJP5TPVENG6ST5PHUPZTTA,3.8,4.7143,0.9143,5,7
AESXMHC3IXDECE26R6VXRIXPM3UQ,2.0,3.25,1.25,1,4
AEG3MS73PPURG5NKHAJ2NPJXNG5A,2.0,1.0,-1.0,1,1
AFRXFWCGPRLXDKDYS2AIVZEI7ZLQ,4.0,4.0,0.0,3,1
AH7TYYMPVRX5AMJBJJBU64L5GH4Q,4.5,4.5833,0.0833,8,12
AFDT47KLTCBS46BVNRO6LE6ETPAQ,5.0,4.3333,-0.6667,1,12
AHHGGZKX77H6J3UBA5GZDDGDEMRQ,2.5,4.5,2.0,2,2
AE2NI2SPN7NVOLWB4SN44IAT6Z6A,4.0,1.3333,-2.6667,3,3
AFTDWA5L3PERNTYYOHWWFHAAJU4A,5.0,5.0,0.0,2,1
AEEHRBFTXABOR5SZWPTCH2ZX7EPA,4.0,2.6667,-1.3333,1,3
AEGZWOCSS2LBRSNAJJXRMUZ32L5Q,3.5,3.0,-0.5,4,2
AGDH3VKD2M6KFNPMZD2J5T7OERKQ,3.2,4.5,1.3,5,8
AGH2QUC56VBJZTZ3IKOWPD3QDWMA,5.0,5.0,0.0,1,1
AE244N47PRHF2NR5WGWTB34BDWAQ,5.0,4.9375,-0.0625,1,16
AEVHKAFX6QV2DNRGFSZRHFWPZ6DA,5.0,1.0,-4.0,1,1
AE3RMG6H7OTJXP2RK3UINDSK2X7Q,5.0,5.0,0.0,2,7
AGOIRK7WANSHOJW7RAJ37CY7PMOA,5.0,5.0,0.0,4,1
AG6PO4B3T7ZA7AM3I3VU6N3LFU6Q,1.0,1.0,0.0,1,1
AGE2I7BDDG2MHG6YLWUHXYPFBLKA,2.5,4.0,1.5,2,1
AHBKDLEQ6NXYVZ2IYNSGQCYQESAQ,3.0,3.4,0.4,2,5
AEF3VEMEZERS4K637OLYLM6M27XA,5.0,5.0,0.0,2,2
AHJFPAAZDVZUD65XZ4O2GRZ6BZ5A,5.0,5.0,0.0,1,2
AGDZJEH63IAMV277F5U6FKHBMYMA,3.0,4.75,1.75,2,4
AFC3DUYAI25X47R7U7XD74SKVYMA,5.0,4.5,-0.5,3,4
AH36B45YFXEMZEGRW3IQBFVPUQFQ,5.0,4.125,-0.875,1,8
AEMUD7PEGBUNF3E5CMJU26A7KDBA,4.5,3.3333,-1.1667,2,6
AEMDZAWLIBU73HSKTRCC752VCHJA,2.0,4.6667,2.6667,1,3
AGRDRMZ7MSQVUDEA276EZJUX5RHA,5.0,4.5,-0.5,1,4
AH34FV67OGW6NI57JE3C72HSY2XQ,4.5,4.3333,-0.1667,2,6
AHB7CNCHIOQUGEIJRLOXOGNYEK5Q,5.0,4.6667,-0.3333,2,3
AHXU36BRN4PW367DNF4OGYSK4F4Q,5.0,5.0,0.0,1,1
AF453YXWNRZXQQTUMV7IH77BXS6A,5.0,5.0,0.0,7,24
AFWHBOSKKUZ2NZGW5BGLKKZPLJ5Q,5.0,5.0,0.0,1,1
AFQMB4LAV7SECUOETFNJHL3VXZDA,5.0,5.0,0.0,2,5
AGFGWCKBXVZXF3NWMULHJKYATEHA,5.0,3.0,-2.0,1,2
AFS7SXYYSHYO4HSSR3XYDCACTMRQ,5.0,2.5,-2.5,1,2
AHQCF6ALTATS4EVHUHB24VEHOB7A,4.0,4.0,0.0,2,3
AFZLWZZS2SIAPJY3PHEJYUS5XBMA,5.0,5.0,0.0,1,7
AGNKJIGGVXFAGAKP6XVAAYKPGJFA,5.0,3.0,-2.0,1,1
AEA55N75SDAD3HZL7NCTDC4C5RDQ,5.0,4.8333,-0.1667,2,6
AGC2E5ZMBQTCBYNEB4IDTFLSHNHQ,5.0,5.0,0.0,2,4
AF5WZ52REWCGDFPUWEASAU2HKPDQ,5.0,4.0,-1.0,4,2
AGNN6FHCIIM3U4US5HEBXCPRYY4Q,5.0,5.0,0.0,1,2
AHHBJ2J66D5WUBKMV2ZITVV6NJXQ,5.0,5.0,0.0,1,1
AE4QDHLR7I5LTFUUPVV7JMZL3CFQ,5.0,4.5,-0.5,1,2
AFBEHBW6TFUPEKPUXPRHBL4FC2NA,5.0,5.0,0.0,1,1
AGAUXI7ETHJATDTIPD47HTWAOSQA,5.0,5.0,0.0,1,4
AEID3BCU3KSG7AWQ3ZVQ5LPDWE4Q,5.0,4.0,-1.0,1,4
AH3HKVU2AC4MJ4JGIXBBRCBNW4VQ,5.0,4.7778,-0.2222,1,9
AFMF7WS5ILNVG6OTQN5ZXC75QJCA,5.0,5.0,0.0,2,1
AFLS35UY4EWBXSZ27JH2Y5UJLEPQ,5.0,4.25,-0.75,1,8
AFZCC4GQUUYTY6KNGL75WNEFT3BQ,4.0,5.0,1.0,3,1
AGICWGVTTPNEDOO2S4ETNWE2XBGQ,3.5,3.875,0.375,2,8
AEPWU2BJP34DDLMH6YD6AGP2QRUQ,5.0,3.5,-1.5,1,2
AEUB6LUQF2OMRBYOHTIU3JRVZPUQ,3.0,4.0,1.0,3,2
AELIQ4OWP3Y7DJGRO3MKKT5G5GIA,4.6667,4.8947,0.2281,3,19
AGZC4VXQQ3ZPB5ECBZBLSXCBEGCQ,5.0,4.375,-0.625,1,8
AEOKVTHDKKVNABKATYL2SWSOBL4A,2.0,3.5,1.5,1,2
AGLBVYC2K5XCJUU6EQZ3X6OF6KJQ,1.0,2.5,1.5,1,6
AFSRFFIXAWFGNRT5B6KWAHRYINZQ,5.0,5.0,0.0,1,1
AFFL3XKW5LP77Z64SGZHVKE6JJCQ,4.0,4.0,0.0,2,1
AHNJDSFC3RK5CUDYEMQXMGWXCEYQ,5.0,5.0,0.0,3,3
AF3L37EVQZOF66PHHHT7HI7EBM4Q,3.0,5.0,2.0,1,3
AH5F6CNY3VIUOCNPYQFD2U3E5WGQ,4.6667,4.8,0.1333,3,5
AEZPB5LHF6YFCFQTNNTJDIRZVVIA,3.0,1.0,-2.0,1,1
AFJ6JJVIKKDXRSL5FT3PM7PKKRXQ,5.0,5.0,0.0,1,1
AFJSJ5SY7FS3LFSSGV67TZPEUWBQ,5.0,4.0,-1.0,1,4
AHT37AJ7RDVVCVP5DIEBRZM3NX5A,5.0,5.0,0.0,1,2
AE4GFYEGVKOOVCWJ5VMH6OZILY4Q,5.0,3.0,-2.0,1,2
AGNF6XRT4E3SGXEZGHZNB4EL4FCA,3.375,3.7692,0.3942,8,13
AHFG57L7GG2IGF6FT7AD6ALZHZGA,3.8,3.4231,-0.3769,15,26
AHKO22VGYMNGOEOFVWXFQAABAMIA,4.0,5.0,1.0,1,2
AHF2HUWHZ7IE7YR6OILQ7ZS3I4SQ,3.0,3.3333,0.3333,1,3
AGERXJVPA2W2DFSYJMVGBU5M2ZUA,1.0,5.0,4.0,1,2
AEIDI42Q5U3LWYQK6YLNIAXLJRIA,5.0,5.0,0.0,1,1
AGAHHRO3ZTT6GYMTNRBJ7P7CXOXQ,5.0,3.1429,-1.8571,1,7
AE64JX6XILOJ2ZHBY4IR7LUJKZYQ,3.0,2.8571,-0.1429,1,7
AFFTKESLEB5QZZPBOTSNS3DHFQIA,1.0,4.8,3.8,1,5
AEOAQDUSSLG6ZUED2RMOYE7O7BZA,5.0,5.0,0.0,2,9
AFIROGCULD3KZ7GBITRUJZJDSPDQ,5.0,5.0,0.0,1,1
AEN6Z4GQO42X3EYUFK7MQNIGXVEQ,5.0,5.0,0.0,1,2
AFTYFRCXZUCL6C4ULJ4UB5C6IUXQ,5.0,4.0,-1.0,8,11
AGQWPFTYJENEPSFU6OO2BQ6TLR7Q,5.0,3.1667,-1.8333,1,6
AFXFPJKWPCNSAYEEZSIHFJ5XWEIA,5.0,5.0,0.0,1,2
AFQDULRMRB3ZH67MDCZHPOBP3ITA,5.0,5.0,0.0,1,1
AH4VFATD4QGWFVB6ODIQJTHJJIMA,1.0,3.0,2.0,1,4
AFBKPNQCAYXDH6D66E2V7OBMANIA,4.0,5.0,1.0,1,2
AHEE7CNXWMNCQDEV6V3SPMFCMQ5Q,1.0,3.0,2.0,1,1
AEQL6JSPISMHULJGTI5SEXY6T7YQ,5.0,3.0,-2.0,1,2
AHKZV6MKYM7IUEWFAQEG4WIU7MQQ,5.0,3.0,-2.0,1,1
AGWH5W5HGHRHYPL2MXPD35U34CLQ,1.0,2.0,1.0,1,1
AG5TVMRCVZU5KPWXLJ76X6ELBNZQ,5.0,3.5,-1.5,1,2
AH3IXBEOJ2NIPRF7BIXJ7TQZI7GQ,2.0,4.5,2.5,2,2
AHBQVGKKNIN722CYBIZBSNJ6FPAA,4.5,5.0,0.5,2,2
AHK2DPMYEXWMKNPLL42USNMOLXKQ,5.0,1.0,-4.0,2,1
AGFCJFNSSSEGOT3GPFFKMA4C5PPA,5.0,5.0,0.0,1,1
AFVZ3IDC33XTWCNL7ETCHOO6QMPA,2.0,5.0,3.0,1,1
AFWTKT64DE5JSERSQMFKG2N3DJZA,5.0,5.0,0.0,1,1
AHHILNOLDZDU6HNEATMGJGAXW3TA,1.0,2.25,1.25,1,4
AEFWDA2NCOJPXCMO7HZOSG2RP6XA,2.0,2.0,0.0,1,1
AHTCKWYJMF6AIG54EK6M7SLWPWJA,3.0,3.6667,0.6667,2,3
AG2EXP26QRCRTPLB2IFPJCWACDBQ,4.0,1.0,-3.0,1,1
AE6IK5QY2WPFJWWB44N4QCSNE6YA,4.5,3.3,-1.2,2,10
AE7PJJUJEKP6OVKQKC3BMEXH26NQ,5.0,5.0,0.0,3,6
AF4X5TZHMACIJNVTUARAXZCUMOSQ,1.0,2.0,1.0,1,1
AGEZPZZIJGALJOBSTD7IBIGD7SDA,3.0,2.0,-1.0,2,1
AHUVUASWPOFUFXC32Y7SR7XFL2SA,2.0,2.0,0.0,1,1
AEZCKTTOWS6G2JZE5BI2GDRBITXQ,5.0,5.0,0.0,3,3
AHJNKF5YHNS23KXKBFLJ3WR63YFA,4.0,5.0,1.0,1,1
AEXXAGGFUOXBUT2B5M65QADWYR5Q,5.0,4.875,-0.125,7,8
AELDUODEJZDW32NMH5TZQKNVFSIA,5.0,5.0,0.0,1,2
AEK6QSCTQGFFZSILVMKMQ5OWK3IA,5.0,5.0,0.0,1,1
AHT3WG7TWCRSD43PKNVIX7A4M3DA,5.0,5.0,0.0,1,1
AGFVGV4IXMWEXRTDHACX3ATPQJAA,5.0,3.3333,-1.6667,1,3
AGM5YKKYZZM55ERSNDFLEPUGMNLA,2.6667,3.5,0.8333,3,4
AFYSC7NQFUJPWE3LBSYA25TXYCYQ,5.0,4.75,-0.25,3,8
AG4HFCINJ2GDUKMLRBKKF2BUAYTA,3.0,1.0,-2.0,1,1
AGXNXPLKZFNT3QU4HFED54F6USXA,5.0,2.0,-3.0,1,1
AG7S7RMN4DOMHTAHCO2PJKNMJTVA,5.0,5.0,0.0,1,1
AHBVQFAFKNYTYXME7VCPMXJQ4U6Q,5.0,5.0,0.0,1,2
AEWSLKW2EZKI2UDEMA6CGRVNVA6Q,5.0,5.0,0.0,1,4
AHMZWAZQQNIFITWYJJ5SLENYDV3A,5.0,4.7273,-0.2727,2,11
AFUR633OAHDEEB2DWB5ZH5HSTWAA,5.0,5.0,0.0,1,1
AEJNIFTT4J4GXYRECCWAFMQASTPQ,3.0,4.6,1.6,1,5
AECZCFL27DDI6LHLLRMYLAISVZDA,5.0,3.3333,-1.6667,2,3
AG22MKOJ67GPDIXKTHD73IO7AVDA,5.0,5.0,0.0,1,1
AFSDVJY2Y56QXPITEWTJ74EKGIJQ,4.0,4.8333,0.8333,2,6
AEH7Q3ACCW6YZE2GBWXHZF3FCJDQ,5.0,3.0,-2.0,1,1
AH7WI2UQKPFWHFP6NKIIWEBFDFTQ,4.0,3.5556,-0.4444,1,9
AETJ7BQP3D7O7ALTSX3XHC3PHX2A,4.2222,4.8,0.5778,9,5
AF5WH2DU3VCWOLWHCIQO4SYJY4VQ,3.0,5.0,2.0,1,1
AGCLF42YQO5HZKMZPBQTLDWRMUWA,4.0,4.4,0.4,1,5
AEK7TLTEPMURLTGLRMNY64ON72OA,5.0,5.0,0.0,1,3
AHTWRFLDBA33MSS6GKVEE7NJJAXA,5.0,5.0,0.0,1,1
AHLRG633UBIBOV6LA5WV5XJRAISA,3.0,3.5556,0.5556,4,9
AHJUPXM5H6ZDR6HGF7YWYO5EAVRA,5.0,3.6667,-1.3333,1,3
AEBA6NTNJ7TVIDJGGLJIP34RZ2RQ,5.0,1.0,-4.0,2,1
AFSSWNJGNGCY63S6BRP3D53Q344A,5.0,4.7273,-0.2727,2,11
AHNVGUUGF3YYQWBQNSGC4M465STQ,4.6667,4.6667,0.0,6,3
AFTWHGD46XF3VSEP7W4IYAMR5EDA,5.0,5.0,0.0,1,2
AHV5V3AUZKZ4OP2E4UPOGJAFDZAQ,4.0,5.0,1.0,1,1
AFJAINCGQZRMOAOO7WI66PQ3YXWA,5.0,4.5,-0.5,1,6
AFSGMTNFX22LEHJSGKDZPW43NUOQ,1.0,3.9231,2.9231,1,13
AHVDH7OFTTENOYGKJCJ47UDDUTFA,1.0,2.5,1.5,1,2
AEN4YPI46AKFHTGENKESHHAWMAJA,4.0,2.0,-2.0,3,1
AEQSB5PEJTN6ZIRPV6G5VHNYYWLQ,5.0,5.0,0.0,1,1
AGMUVZZ2MT42I2FPMTGPKXB2C6QQ,5.0,5.0,0.0,1,1
AG4DEFA5OVHGQNJVEQ6QZ44WP3IA,5.0,5.0,0.0,1,2
AHIVCXLBOB63LV2HRLW2BXMQKJLQ,5.0,5.0,0.0,3,1
AFCW6CN7D5E6GKSGH7PNXN3JMDJQ,3.0,5.0,2.0,2,1
AH3IYBEL53AEVVASB27DYBFVJKFA,5.0,4.8571,-0.1429,1,7
AEGY7OU5745LLL2QTKJUN47KA7GA,3.0,4.4,1.4,1,5
AHJVVXGQCUSS2MHZYAEIXCGXYVFA,5.0,4.8333,-0.1667,1,6
AF3GUUFZCPW7R7UWXZRYDUHVMMKA,1.0,5.0,4.0,1,1
AFKNRRSVPDM2VTSPOGA6QBFFUL7A,4.0,2.6667,-1.3333,1,3
AEROL2ISMB6OV7HUAPFYMOLKGF2A,5.0,5.0,0.0,1,6
AHWMZZE6CDA3X53VZK6C44RGUMLQ,2.0,5.0,3.0,1,2
AGKMCF6POX3MTQPTKN2MDCO7QIZQ,5.0,5.0,0.0,1,1
AFZ2LX6W6XWOJVBEX6TKUFRLXWHQ,5.0,5.0,0.0,1,4
AFZTQTPWHQNXRMMZ2FM6CAJVT7NA,5.0,5.0,0.0,1,2
AEZJTWSMFXL6CMO5PSD7P4FZ33ZA,5.0,4.0,-1.0,1,1
AF2BLXME7PYWSU66Y7O6SWJYCEIA,3.75,5.0,1.25,4,1
AHTNM4SWDALRFPK6HATNNFF65D6Q,4.5,5.0,0.5,2,1
AFY4RI4VJ4YPEZPDHYJXN7EDLCJQ,3.6,4.0,0.4,5,1
AFWQ2EMRNGQDZJWABEXKCIF6OCBA,1.0,5.0,4.0,1,1
AHDLS3CMGO6GCIJCAH7RGJRG6TOQ,5.0,5.0,0.0,1,3
AHOGMQ2RX3UPDU7HBJV7Z4YNWE3Q,5.0,5.0,0.0,1,4
AFAZDSCWGCNAE5E2CSGPDKEAODGQ,4.0,4.6,0.6,1,5
AETQUDGXFGEDX3LARVP62J74NYRQ,3.0,5.0,2.0,2,1
AEEBNVCIW32ZLSIIRZ7A7OG6CGPA,5.0,5.0,0.0,1,2
AH5ZOB5OCPZOGMPTI2SPOQAALEFA,4.6,3.7778,-0.8222,5,9
AHCHMOOPMB4OVSMJQPIOB3Q34ZSA,5.0,3.0,-2.0,1,1
AGHX6G2BOLLJPOQCT7PVWRPFR3OQ,1.0,5.0,4.0,1,2
AEHO5LTVNNYGWBTFUZWHKFBYMVHQ,4.0,5.0,1.0,2,9
AFY4UYCLPCKN55G3DNN6DMQOXYSQ,3.0,3.0,0.0,2,4
AEJGKDCRD7OQEETDORIBL2PHFKRQ,5.0,4.75,-0.25,1,4
AGRFIA7OCGCIYG5UCU6ZH4NIZ4LA,1.0,2.0,1.0,1,2
AEHOZVS7PIWUSPBI3RP452OHDAWQ,2.0,2.5,0.5,1,2
AH6HJCFUV4AONRN4HIR7OAWHUQTQ,1.5,1.8333,0.3333,2,6
AGWSVY7GM6LLPCFQEKN7DNJ7DLNA,5.0,4.6667,-0.3333,1,3
AHW5RFNAULCORWKYRLDDTV3L2O4A,3.0,4.0,1.0,1,1
AHSALIJ72OWKA7H6TNGUGGIBVLRQ,4.0,4.4286,0.4286,1,7
AG2QCEJSHA4WWC54AHMOA6Q3GBMA,5.0,5.0,0.0,3,1
AFPOUEIXISWL5TX27G7KT2JV7FWQ,1.0,4.0,3.0,1,3
AGHLK56ZAY4OTSR2IDEZBXU4SVSQ,3.5,4.5,1.0,4,2
AFFFGOTYO6SBCWXGMGXZJKMNTYNQ,1.0,2.5,1.5,1,2
AFEDOQKWUD26HKWZ2WLM2UGWZ42A,1.0,4.0,3.0,1,1
AHEO4AIQ343NOM5KUC73J2FUVPKA,2.5,3.6667,1.1667,2,3
AEQPBKLBZWZZ4X5IKX7R77HSUESQ,5.0,4.6667,-0.3333,4,6
AGA4JJQRLAFPI457S4YRNHE4XGCA,5.0,4.0,-1.0,1,1
AHSKBG5GIKBZFLEVVKGCSETUA2XA,5.0,5.0,0.0,1,4
AGVPSIJL2JMKQ7JEVGUDFD4NDI3Q,4.5,5.0,0.5,2,2
AFWPUZE6VWAFL455CTKQA4N55JVA,5.0,4.625,-0.375,1,8
AHG4RALICPAV47XLI4LL5HNPSDBA,5.0,5.0,0.0,1,2
AH7JXCIRREA4EODHPUNMF5NTMSWA,4.7143,4.5,-0.2143,7,2
AEZDAEQQHZ32ALZPOYDRXECDFH7A,1.0,3.1667,2.1667,1,6
AESXIEPPL5NITAN4EJN7UMRAPUDA,5.0,5.0,0.0,1,2
AHNN3AGEHVVH3UX2MENH2MPSP67A,5.0,5.0,0.0,1,2
AG2EL6ZKL2P7QHZRN23YWNRSSEFA,5.0,2.0,-3.0,2,2
AEMJCNZN6WRKQELG7PXDJSCEJLDA,5.0,5.0,0.0,1,1
AGHDZ7U2YT3TJP3ANI3BA5FWVF6A,5.0,5.0,0.0,1,3
AFSA4KLFP474ZSQASKYAH6XWZURA,5.0,3.0,-2.0,1,4
AEOGGBHHUB2HLT2NUBSLY6OUPPGQ,5.0,5.0,0.0,1,1
AHJ6VCKLINVEUZMKI7DHVPPOHSMA,5.0,5.0,0.0,1,5
AFL3METOJ37EK4IMQECB54N7BYQA,5.0,5.0,0.0,1,5
AGM65RMXSMSMEV3ST6T5PQL7G52Q,5.0,5.0,0.0,2,1
AFLLHQPWZ2HICQMYPYWKQS22ZSPA,5.0,5.0,0.0,2,1
AEPG7BY6D6OYT63MAE4B3H6OG2DA,5.0,3.6667,-1.3333,1,3
AFPVVTHUFLRG5MKYOGCPSFYHTJDQ,1.0,1.0,0.0,1,2
AGOWR75MUE5GBK4ONCBRWCDONHUQ,1.0,4.5,3.5,1,2
AGXC55N5XRZU5XRETF776J5GC5OA,5.0,5.0,0.0,1,1
AFFTZQGFMONF47UAXSIR3HKFCQFQ,5.0,5.0,0.0,1,1
AGF4PDRMNTX2OP2IEWT7VTRPWQLA,4.0,4.0,0.0,1,5
AF7G65QCHE47SZOIJSLBDUL2Q3FA,5.0,5.0,0.0,1,1
AFKUG2YJHXNB475KPDXIJFVKNXQQ,5.0,5.0,0.0,1,9
AF2BYHCTKYPUQCGCMMUANVCLVZ5A,5.0,5.0,0.0,1,2
AHIE2XT6MYFWHCMVBPGI4ZMV5UJA,1.0,4.25,3.25,1,4
AHOS4JXZ2W76PXCRM2A272H6YUOA,5.0,5.0,0.0,8,2
AGGHI26VP3TONSDII2TVHSM6A47A,5.0,4.0,-1.0,1,1
AGDVZNPWZB6HL2MZZQNPYCAROXZA,1.0,2.0,1.0,1,1
AFOS6ZENK5OQ5VYZYOJDPN46IR7Q,5.0,1.0,-4.0,1,1
AHTXG6FM5EFI5D4ZWEIYRYOKB5IA,3.0,1.0,-2.0,2,1
AHSL3GQTZFLVJFQ6IJMDQH7YI27A,1.0,3.5,2.5,1,2
AEEDDH74J3AX3DF3WTSEXSZUWP4Q,5.0,4.1111,-0.8889,1,9
AHB2FRPVBRCHR27WDJYSLSGQFAQA,2.3333,3.5,1.1667,3,2
AFRLK4SXOPCGTMNZI52SJ36TMHMA,5.0,5.0,0.0,1,1
AE57SJARV7KAIG3HQ7WODEGDQNHQ,1.0,5.0,4.0,1,1
AELMTKGJNFA25GFA2BUEFRHOYH5A,5.0,5.0,0.0,1,1
AEWOZ2DTFSYMCLCMIL7X3G6A4B6Q,1.0,1.0,0.0,1,2
AHAGXPEK2R2CBKW6YX3TAQ7DROPA,4.0,3.75,-0.25,2,4
AEOOMXVXWEQTGBSCOZARPFPN7HOA,5.0,4.6667,-0.3333,1,9
AFNEJNHQXZB6LY3BPOFZU7VMHG3A,5.0,5.0,0.0,1,13
AGUMR3NNX7DG2LTPWVSENWBSIPQQ,5.0,4.5,-0.5,2,2
AHGSHSZQBLRO3KHWGDX5CJ7PO4OQ,5.0,5.0,0.0,2,3
AHIJRNSADBJOOQGWLFL5U66P7YCQ,2.5,5.0,2.5,4,1
AFNJYUIFWNFGQK7JXTDVFT27WBHA,5.0,5.0,0.0,1,2
AFVA2HN5A5AF76HDGH3MUSSLOMCQ,1.0,2.3333,1.3333,1,3
AEWK3H3FEOFATJJKSB47WDJKGMSA,5.0,4.9412,-0.0588,16,17
AHRFDMWAYPZST5NICRKITF4AZFSA,4.5,5.0,0.5,2,1
AF3VOD65VNF625NDNPOEEXO5CEOA,3.1667,4.6316,1.4649,6,19
AF33ZAPSSVD66IXS2IG3RQLT3SSA,5.0,4.3333,-0.6667,1,6
AGMSKUMLF76HJRSB27ILNQAFYX5Q,2.0,3.5,1.5,1,10
AF62J3WQ6VYKIXQJDSD3EIVCZ4YA,5.0,4.0,-1.0,1,1
AEIFDSIJVGYMXOFTGXZLAMV7RD6Q,5.0,5.0,0.0,2,4
AH3ZMLA6SCYGL6EHHDE4I3TVJH4Q,1.0,1.3333,0.3333,1,3
AGCWIVH2JNQW4OS2CGK2SYOHOWWA,4.0,4.0,0.0,2,4
AFK5PLKY2KNTA7H3BOM3W2RWQHRQ,5.0,5.0,0.0,1,4
AHXIS4X5KT5Z2RTWNI7V3HUUHY7Q,5.0,5.0,0.0,2,1
AFKXZUMX4HCJC7O7CMJR5E2ATNAQ,4.25,4.1667,-0.0833,4,6
AHMB6KU2QR2MD3FX5G7RT5HN6HLQ,5.0,5.0,0.0,1,1
AFHS4PMP3BLJZY2TH3JOCTDDJXKQ,5.0,5.0,0.0,1,1
AHIBFYSBUMGELHSBGCWFSUNY7ZGQ,5.0,5.0,0.0,1,1
AEQPFMTX6VOVHVFQNPK3ZYYTPUFA,4.0,3.5,-0.5,1,2
AFIF6H6HHGR6BRZQ4SM54WV7MEAA,5.0,2.3333,-2.6667,2,3
AHH44XD7A3NI6T6ATPTEBTEQLOLA,5.0,5.0,0.0,2,1
AGDURHUS2U5I4TMZ6DE5UOKONWNA,4.6667,5.0,0.3333,3,1
AHJSMJQUF2SYCRCQO6V7NEQSELMQ,5.0,4.3636,-0.6364,1,11
AGBATV7OX4W3S2TZGUTRJ26XHQMA,3.0,3.5,0.5,2,2
AE7LN4QL5DYUDN43BFLTVIELSCZQ,4.0,5.0,1.0,1,1
AGSGDIMJW4MQTV6IO644L6PQGVIA,4.5,4.5,0.0,2,2
AGMAMFMBTVHNJAHA7FMWJTECAYDA,3.0,4.0,1.0,1,17
AFI7JQGOGWWRGPWLORW2B35WI7TA,4.5,5.0,0.5,2,2
AHTOXFTI2JG4LE4LM5HK5545VKOQ,5.0,5.0,0.0,2,2
AG2AJN3LPIM3KGP7OEDKDKRKXGMQ,3.0,5.0,2.0,1,1
AHOK2TYJX7BRLL6RHSBKUETU2YKA,5.0,3.6667,-1.3333,1,6
AFXUQ46UO5NWGF7WEGCJZYKODWPA,5.0,4.9,-0.1,1,10
AF6BDRJD3EO3GWEYASBUGLBLZHSQ,2.0,2.0,0.0,1,1
AE3YHIB4GCCHWPEEONJTH6DC4BCQ,1.0,3.25,2.25,1,4
AFLETL7MXZDPCR3RVKGSPQPLTDQQ,2.3333,4.5,2.1667,3,2
AFEACCX2JQXHQEROU6APUKEJ347Q,1.0,4.5,3.5,1,2
AF6U22QYDGC26BBOTGJQFKCZKMZQ,4.0,4.8462,0.8462,6,13
AHVYE63UQLJ3SCQFA53TJQH7XECA,5.0,3.3333,-1.6667,2,6
AH4NXESVKJESW7ZFZUR4RVELXN3Q,4.5,5.0,0.5,2,1
AGZFFABLWHAIYUU6VVD26B4OKJPA,3.0,5.0,2.0,2,2
AGMDK6DVSDU6HP66DKC7Z2N7KQOQ,5.0,5.0,0.0,2,3
AGGTF6S6ORHNLWPWZFFY5JYFCOWA,1.0,4.0,3.0,3,2
AEO64OA3T6CWHZAG3RLYRSERCD6Q,1.0,1.0,0.0,1,1
AHVUBBFRCRASH6X2OXO3B4SVQ5HA,5.0,4.6,-0.4,2,10
AHPARC4HTENWDWYXZQRPDL5MK46Q,5.0,5.0,0.0,1,1
AF3RLGEJKFXGEB3W35PD2FNSOHVA,5.0,4.5,-0.5,2,4
AHUWCIWZDVRHONNTBVESHHCEHMZA,5.0,4.5,-0.5,1,2
AFCBBBD42HB2MVTYZDZSOQCFMVUA,2.0,3.0,1.0,2,4
AEL34TXAUTFIBAYJRU4PRBHCAOEQ,4.5,3.6,-0.9,2,5
AEIWBF7BJIKNZ57XZ5OXGTKSLPTA,4.6667,4.6667,0.0,3,6
AHRRDYLBULR6HLWJSEK4DZ6ZSV6Q,5.0,5.0,0.0,1,3
AFWBP7ICVJSICCHKHKJL4SSS7UXA,5.0,3.6667,-1.3333,2,3
AF4WECJ7VC52W2T6UT5BCQ7E3VGA,4.3333,3.8333,-0.5,6,6
AGH5CYEU4SN3PMRVOFPAJ4Y4ZS6A,5.0,5.0,0.0,3,3
AHTCPYRJ2VHHGQ5FB76A6IVLY67A,5.0,5.0,0.0,1,2
AEROOOOTI3LM5334SAZQVXK3QT5A,5.0,5.0,0.0,1,1
AFVR7AVCTUPM7MDDUNN4MVWNQ4UA,5.0,4.0,-1.0,1,3
AEIZ5AYGYKYJHTJKSURQEMF7YXAA,3.0,4.3333,1.3333,2,3
AFT53DTEEATTOWPDQADQ334MMKCA,5.0,3.8,-1.2,1,5
AFKRQ5TU6DVN3X2AVFTDHU4TSTPA,5.0,4.5714,-0.4286,3,21
AFCQLWEQSSEZZJBWUWRME4YRJTCQ,4.0,2.0,-2.0,1,1
AEA3SGKH6W7YSWZAIICIVZTKBB2A,5.0,4.4,-0.6,3,5
AFTBRNAYOYUS2VUOUBOQRXU3GKKQ,3.6667,4.0,0.3333,3,2
AEZO6QLGD57DPP46VHEJCYTAAACQ,1.0,1.5,0.5,1,2
AGEJULNJSLGXSZGDYPPP54WNBKCQ,3.5,5.0,1.5,2,2
AGGXZ3C7HP5EJQPWFVSREJV7IFVA,3.0,5.0,2.0,1,3
AGOERWGXJIB3UCQ6IUOL6XVRY3DA,4.5,4.75,0.25,2,4
AF6CR4FRG5RF6WPYBTJRRWFCWPAA,4.0,4.5,0.5,1,4
AFBMUUROU64P2B5FTNQCO4CAVWPQ,3.8333,4.75,0.9167,6,4
AEHFPVR3YX3ID3VGXHMNAGGIMYRQ,4.4,3.0,-1.4,5,1
AHIXBMT2AF3IC6YYF2DBPVQKFZHA,5.0,5.0,0.0,1,3
AFSMVP46ILGYHH5XNSDJQD3J5I7A,5.0,1.0,-4.0,1,1
AF5C7E2ABOK2QGIA5GWAFJ6UQBYQ,4.4,4.0,-0.4,5,4
AEKSA7L6OSZGQGK2PNTXC5LQAO3Q,5.0,4.5,-0.5,1,2
AHDVEXYGPRIZRAMSCQAEP5TFRH3Q,1.0,3.0,2.0,1,1
AFCSINEIKJEWLWZEV6OP3AKZ6TTQ,4.6667,5.0,0.3333,3,1
AHFW66VKOYV6EJLXLJIYZFPFLXSQ,5.0,5.0,0.0,1,10
AEDCD4W3BRWMA7ZXGMPDHWH3DNJQ,5.0,4.5882,-0.4118,1,17
AEZOBCI6UVHENHHVMUKJWAKILRNA,4.3333,5.0,0.6667,3,1
AEEPQTFXGSI735DY3WYVZDO3QOOQ,5.0,5.0,0.0,1,2
AFLKKEZFWP2QVGSF35LO6BFZET4Q,5.0,5.0,0.0,1,3
AGUVHJU23OSMHLNGDW2Y46IOM5IA,5.0,1.0,-4.0,1,1
AECDLWFMOB4XZKMTHIAYHJKEIRGQ,5.0,4.3333,-0.6667,3,3
AEJMAW2HV52N6PMLRP625OPT4DRA,2.0,4.0,2.0,1,1
AHBGNOHUOL3KNZH4VDHWU4TLXA6Q,5.0,4.0,-1.0,1,1
AGLVSZNDB5LIAZMCCOHMZDS2DRWQ,5.0,3.6667,-1.3333,1,3
AEQXTQLSBJFLPBI34TWU2NVE5YSA,5.0,4.7778,-0.2222,5,9
AEEWQ6QANTP4D25HB7YNOLHWLN2Q,2.0,5.0,3.0,1,2
AE75QLMCVEWPMHWSMK4TAPMTQ3SA,3.0,5.0,2.0,2,2
AHZKT4TCLJZTQKAZPD5ULHS7YEKA,4.0,4.0,0.0,4,2
AHX4GQQHBZK6V6EKP7L6BWJOCKVA,5.0,5.0,0.0,1,2
AFFMJZS2KYATYO57QQOOUJCPAW6A,2.0,5.0,3.0,4,1
AH4T5BCC4UC5VXFKCTXXLGASGFMA,4.0,3.0,-1.0,4,3
AGKVTVCHUU77KSPDXDZI5HTX2DSQ,3.5,5.0,1.5,2,2
AF6D33TRLZP2Z57RM5KPMAGPMMPA,3.1667,5.0,1.8333,6,5
AF4ANMUBL46FDMFVJJW3UBVXOUKQ,1.0,2.0,1.0,1,2
AE75WHDKWAMIHSVNQ5FCFQSKEOQQ,3.5,5.0,1.5,4,5
AEJJIYWTTHCUNB4DNZN7A23OELCA,3.5,4.2857,0.7857,2,7
AFGFLKCV23DE5AGZOFWSR473PXIQ,1.0,2.0,1.0,1,1
AEQGIFRGX2LQQMDM5NBB5ZEVLPPQ,4.5,5.0,0.5,2,2
AFVED6DU4H43K6JUTIXKTOXS37FA,5.0,2.0,-3.0,1,1
AFJZCNDLRXC5NYWCPABFNE3NMIUA,5.0,5.0,0.0,1,2
AGH3NQXPE6CFT6QBQ3I5FLVODAWA,2.0,1.0,-1.0,1,1
AG35TORPSQ6QW4BX2DGGI2OSM4LA,4.0,5.0,1.0,2,1
AEZZYCQFJK5BXEQ4ZWG4OVH4AX4A,2.0,5.0,3.0,1,1
AFGBEJPFID6BBQPW67M3XVQ3HAJQ,5.0,5.0,0.0,1,1
AEWNWTATGE6K2RB4WFU66V63CXRA,2.0,3.0,1.0,3,2
AFGWRHWRWYHQDJOHTZRLEIHNA3NQ,5.0,1.5,-3.5,1,2
AEP7YOAA7HEFXGYRGGNSNKCUP4SQ,5.0,3.0,-2.0,1,2
AEL453JY7FGI7WXQGCFYW4ONPF6A,5.0,5.0,0.0,2,2
AFZ7HO26ZG3X7PO3HZT2MRW33MFA,3.5,3.5,0.0,2,2
AGECWRWZJTB4T6BQNBB4LZ5OSITA,4.0,3.0,-1.0,1,1
AGIWGN4ZXON3QESP5WOYZJ4TIG2Q,5.0,4.6,-0.4,2,5
AGZUI4PNP6IL5FZJIR4MRM4RW7EQ,3.0,2.0,-1.0,1,1
AHRMCICBMZ7Z6UNJFMQIQFGKJ3IQ,5.0,4.5714,-0.4286,5,7
AGWZZUY326WC6G7CLMR6QCHDCPRQ,5.0,4.3333,-0.6667,1,3
AEA2BOGXX3AWU6CHFVFWVMXONYAQ,5.0,5.0,0.0,1,1
AEOAPJPTOLDSWZCCGA2B5NITEFWQ,5.0,4.0,-1.0,1,1
AFREI2PZQMUQJVHHJULFWOSWENXQ,1.0,5.0,4.0,1,1
AFEK2TAMVC2C4CJRXWJK5RBSUE3A,5.0,3.0,-2.0,1,2
AFECLYXN623QWQBDMV6VCR47WTBQ,2.5,2.9286,0.4286,2,14
AGP22OHB6QDIYJ565QRBWYL6UAWA,5.0,3.5,-1.5,2,18
AFAI6QZZM4PWASZP3NYVLGDS2URA,5.0,5.0,0.0,1,1
AHTAFPWVKHSEU276X33K4KI3H3VA,5.0,4.0,-1.0,1,4
AH2TH4YFIOMCLWFZMWU6FLK3AHLQ,3.0,3.0,0.0,1,1
AFM2EZN2PGSHE6X6NJDDJQGZ5ZPQ,5.0,5.0,0.0,1,1
AGNYBFWVSFI6NCQUJQ77IWKK4UAQ,5.0,4.625,-0.375,2,8
AH3BHI7MP6WYNOYUCGSQN3V4NQ7Q,1.0,5.0,4.0,1,1
AGURUKKIVAQGB3PPJOSLZQXZ6KWQ,5.0,3.0,-2.0,1,1
AHHDE33MDXNVMZNLM56YGN6AUDHQ,5.0,5.0,0.0,1,1
AFYQJIP4FY5UTWMJST7VJAEQAFIQ,3.6667,5.0,1.3333,3,2
AHB7X2MXVISWVTRUCCWFL6JYNHKQ,3.0,5.0,2.0,1,3
AEOXAFJNFV6X7DFM3LDBREBTB5EQ,5.0,5.0,0.0,1,3
AGWJ7S5OYIKEI5BFXKAB3SKKFA6Q,4.6667,4.9048,0.2381,24,21
AHLNM2WQJ42LUTLKDZTKEDRMFBJA,3.0,4.0,1.0,1,5
AGJU6JAHB4TAIUSWVKQAFNDNNGKQ,5.0,5.0,0.0,1,1
AH3UTQS4MAXUZW5S45VZWYLEFP2A,4.0,1.0,-3.0,3,1
AFZUXKX5UOVYIRLRLYPP2UGQAW4A,1.0,5.0,4.0,1,3
AHH22YOPQCJTRVRB7QCQMKBI6JWQ,3.5,5.0,1.5,2,1
AE2XO2C3WQQ3IMGYLHX5C3PMOO5A,3.0,2.5,-0.5,2,2
AFMZKY724NVAGT6WODF7GVSYU2PA,2.0,4.5,2.5,2,2
AHSAZXGMHHB4GVPFTXFUVKQQFFYA,5.0,5.0,0.0,1,1
AGGUGRKYJDHCBUCVZHNN2KA4MEGA,5.0,5.0,0.0,1,1
AGEP4FTNMZSCONWCVPME76TFEDFA,1.0,5.0,4.0,1,1
AFFS2TVEKN33HPYU623WJTALQB3A,5.0,4.3333,-0.6667,1,6
AHSCVWG5R6QDTVQIKDDI7VCDS2KQ,5.0,4.0,-1.0,1,2
AFS5OCMHN3FOVTJYCOGCS5J2RG2A,3.0,2.0,-1.0,1,1
AGSUNFPYSOQU4LC2CBDAZUP7ADQQ,4.0,4.0,0.0,1,2
AEZNZ4N7HDZXBP72R3VCXJUPD2FQ,5.0,5.0,0.0,1,2
AF4OCR4VO5JEASRTIHOICPAMVVMA,2.0,3.0,1.0,1,1
AE3YBZFTSK5PPZFNJ7ZGHFIM423Q,4.3333,4.0,-0.3333,3,4
AH5DTIDNXEUEYVNRD4AEEWSQ3BLQ,4.5,4.0,-0.5,2,7
AHJMVUYN2IM4EBORU5PG7BODEVTQ,5.0,5.0,0.0,2,3
AG4RNANXTBNYCLQTUKPIIGUTODHQ,2.3333,1.0,-1.3333,3,1
AFHXSHIYNNV463QMYTQZY3BH3B7Q,2.0,4.0,2.0,1,3
AFP2YZKCUYYZEEJPRKHU2X4XZ5YQ,1.0,4.0,3.0,1,2
AFXS5N5OE674GMCYKNVSOCBXYOXQ,3.5,3.7143,0.2143,4,14
AHPGJNRX6425VXCFJLWLJ3UOZUJQ,1.0,5.0,4.0,1,1
AECSRGUP2Q5AOQZBBGQ4V2PMVKOA,3.6667,3.8,0.1333,3,5
AETF2LDAWVVSGSJ3U2NUXLRKFJDA,3.0,4.5,1.5,2,4
AENBFCCYXHWKXHVJ24TW472DPC3A,3.0,5.0,2.0,1,5
AGMGQDOYATLFBCSGHUKBOKP765NA,4.6667,3.8333,-0.8333,3,6
AHAI3Y4XMYW72ID5QQG362V3MM4A,5.0,2.0,-3.0,1,1
AES4A3R4CKHDCIHURPEJPUYT3J5Q,1.0,5.0,4.0,1,1
AHMC4MHIAIUQLNWW5E3C7MKZVOVQ,5.0,1.0,-4.0,3,1
AH2YUWDMWPM5ZSRLLTHVSLXSCDAQ,4.0,4.0,0.0,1,2
AFDYSV5L2TEBD6PUCPGVW2PAJLKA,4.2,4.1176,-0.0824,5,17
AFFTQSNLQ3VPXLUMLCCFAQBIUBVA,1.0,5.0,4.0,1,2
AFLJYF3WZ7HI63YPP47NXBH25XSA,5.0,5.0,0.0,1,1
AEOJTEUMLP3RJUKXRQMA5EKDA6AQ,5.0,5.0,0.0,1,1
AEYJRKM5D2TPYTWLYUAJ2DSABCYA,4.25,3.0,-1.25,4,2
AFEB6F5OAEFYGH6XC54JWOEX337A,4.3333,5.0,0.6667,3,1
AG5GOE7DQEPMBUYXEUCV7IS2FIVQ,5.0,4.0,-1.0,1,1
AEXK4SKGDJ7VRTUL27OU3MRBSWUQ,4.0,5.0,1.0,2,2
AGBP55NJIOIJG3SSFVM5HWMSWE5Q,2.0,4.0,2.0,1,1
AFPMRUGABA2LY3LJ7UE2T7XTH2WA,2.6,4.0,1.4,5,8
AEGZX35NM57POCWRT5GS22YHQKGQ,5.0,4.0,-1.0,1,9
AGTIJDPWDUGNBJTDCQIP33G32SJQ,1.0,4.5,3.5,1,2
AGU3PYRIKUNYIHCAORUZUGYGIUDA,2.0,2.5,0.5,1,2
AFS2TD2ZFXRFL2HULFPOMZOKMMQA,5.0,5.0,0.0,1,1
AFAKRO3D4VPDJ3V2OHQMVGPGRPSA,4.75,3.4,-1.35,4,5
AERK6VZQAWU2K6ILWBFWH2JEQ2XQ,5.0,2.6667,-2.3333,1,3
AFJ53OQHBAGX5YDMFVSEHKC5PHUA,1.0,5.0,4.0,2,1
AHOC7UPGW4EAYKOEE52KWHYNCUIA,5.0,2.4,-2.6,1,5
AER2ESVNGX272C7SQYQFMBTJOJYQ,5.0,5.0,0.0,1,4
AGMYZEX2IZDIWMG4DJHZM6AAVB6Q,5.0,5.0,0.0,1,1
AET4YDGEW2QW3BRCH25SYT6YZJHA,5.0,2.0,-3.0,1,1
AGVQCRU5RXTO67EMTW4KQVINW4NA,5.0,5.0,0.0,1,5
AFAZVZESKIDVDZ56ZC6Q2WYOGPVA,2.0,4.0,2.0,1,2
AEB3AY3QJUIRN3GPTYR6LWMQYHHQ,5.0,5.0,0.0,8,5
AG7EA34HHRR573SJCOIMQBMRYUTA,5.0,1.0,-4.0,2,1
AHOABGGKZU25R3YJREUUVCX7ERMQ,5.0,3.5,-1.5,1,2
AEXKSQAOSYRDAAIWFIQNGEVHHQWA,5.0,5.0,0.0,1,3
AFKW6UY6NILIK4TD3KTHKIMIPNYA,1.0,1.0,0.0,1,1
AGQAKUBYGQCMBUDSDRKFBMW53IFQ,5.0,5.0,0.0,1,1
AHZPGWJAG3FCRSY2QTFOXYHXLEQQ,5.0,4.5,-0.5,1,4
AGSS56B3VTZUFXZ6S5UUAVEZOJIQ,5.0,5.0,0.0,1,2
AHIAI4ELCXD4CXHB6QG27QXEO2EQ,4.0,4.3333,0.3333,1,3
AEDVOZPW3FXRUWWFPDQ3UV7BJPAQ,5.0,5.0,0.0,1,1
AF2Z2NGGY664A4SXHSTWDKJHWWHQ,5.0,5.0,0.0,1,5
AENIQ5QNE6O4WJIFMGZPC67YLMQA,4.3333,4.5556,0.2222,3,9
AG5H6TVB6H2VUK2RGDUQC2FERSQA,3.125,3.8667,0.7417,8,15
AGIL7RUCIJJS4THDLVAJOTYL7D6Q,5.0,4.8947,-0.1053,4,19
AHJH2PRECXG6J6DYLJJHRE2I5XJA,5.0,5.0,0.0,1,1
AH24SLCM7TRTAZAXID6XT6M3MERA,5.0,3.0,-2.0,2,2
AEFQJLZ3YXIEPJEGCQNK2ZDBM5NA,5.0,4.875,-0.125,2,8
AGP4DLMMC3WOFVP4Z5WLIFHUUOYA,5.0,5.0,0.0,2,1
AGIEJHG7BAIVNP4RVTAC5GJ54ZQQ,5.0,5.0,0.0,3,1
AF3HULYQK3YCXQ6V7A6DFPSDV4UA,5.0,5.0,0.0,2,1
AEXXVWJGJEP2TBVTKWGUJKWBNXMQ,5.0,5.0,0.0,1,3
AEL4RAOU37DTWMW5ZRPRJOBHKOYQ,5.0,5.0,0.0,1,2
AG4IXDQ63HLS2UO3FWZLNUULZ2IA,4.0,5.0,1.0,2,4
AHHPBJXQJNV7SUVJHTBGPU6UAEVA,1.0,2.2857,1.2857,1,7
AG22WMEDKZT5ZSSUOB4W5YHMBQXQ,2.0,3.0,1.0,2,2
AHSUXOZN56DXSAXD6RR3GDAO34LQ,5.0,5.0,0.0,2,2
AF4S62R6UJ3XZ53Y446MPLDHNGVQ,5.0,5.0,0.0,1,1
AHI2B5HBNBSDAJUXBJXUFRS5Q57Q,3.0,4.5,1.5,1,14
AESWWQ7HSZZ6CQEFIOFPCCYSOC5A,3.0,3.0,0.0,2,3
AGL5UOHFCLCXWHKL7PH56PIBOVCA,4.5,4.0,-0.5,2,1
AHUBMF6OCILHFXTF3PTQR6XMVUIA,4.0,3.3333,-0.6667,4,3
AHAWBIWDFA7Z7EORQUHNKXOPBZYA,5.0,5.0,0.0,1,2
AHMBDBOJLACYHKFH5GS423S5UROQ,5.0,5.0,0.0,1,1
AHDCLNQ2N5BHCY7P55TRXCC4CSKA,5.0,3.6667,-1.3333,1,6
AGLJTAGSBLSRAEWIRVCOPDYK3NJQ,4.4,4.4286,0.0286,5,7
AHG66B3KKVWSR5SR5LDLQZR7M3CA,4.5,4.1667,-0.3333,4,6
AFIQDJILNDHOO3NE3TCF3DT536YA,2.5,3.75,1.25,2,4
AHUDFEJBDYKOW7UE4LCJXRXD5FBQ,5.0,4.25,-0.75,2,4
AGDBGQTI5PTUGCBTIMDOWRN6AGTQ,5.0,3.6667,-1.3333,1,3
AHWJ7KNK2RIWGDI3M7EIHYINHWCA,5.0,3.8947,-1.1053,6,19
AG6WANUF26FTGZJLTU3L7LWDCXBQ,5.0,4.9,-0.1,2,10
AEHQPJ5SFFWZOM5FJRJONXO3H6CA,5.0,4.6667,-0.3333,1,3
AHSSMY3UKMJWPJW6HYQEK36LJBQA,1.0,5.0,4.0,1,1
AGYXY2XVSJV5JOJ2JSZ3WJMOJR3Q,5.0,5.0,0.0,1,4
AGMEWFKLTY5ZDEA622724LVBUGKQ,4.0,5.0,1.0,1,3
AFRYP5KRV744LZKGNAGMYFBPFNMA,4.0,4.0,0.0,1,1
AGZA6DXM563S6DWBGPDNQO3CJ4HQ,1.0,2.0,1.0,2,5
AFZU3G52GF6V6T66OUGWKRMS3GLQ,3.0,4.0,1.0,2,2
AFT65TNP2LM5QTF2E6AFXCWM7H4Q,3.5556,4.8889,1.3333,9,18
AGUHPUVLZMIIBY2YBP5EK6GQMU6Q,5.0,1.0,-4.0,1,1
AHTU7OIN4WFLFTE6C3TTRPGKHKMA,5.0,4.0,-1.0,1,11
AHZKZ7GZCCREJNAGBIURTCPXYPSA,5.0,4.0,-1.0,2,4
AH3TMCEARQJJ2EAAOHEGV56EJ6SA,5.0,3.4,-1.6,1,5
AGMRIRQZVK7ISNMJDMNB4QU7VLHA,1.0,5.0,4.0,1,4
AG6M3XJUTPG5SV6EEDYOPBP7W4LA,1.0,5.0,4.0,1,2
AEOGZSWCXMD2RSSMGP5OJAK72MLQ,5.0,3.5,-1.5,5,2
AEA3QMQGVMWWZPQ7AMGJVWXE6GFQ,3.3333,1.0,-2.3333,3,1
AFIE7CE7WNZO2AXJSRTBBTH5ASTA,4.5,5.0,0.5,6,1
AGYQOIQ2KDVEPAY4ADMJYW6GSYHA,5.0,3.6667,-1.3333,1,3
AGOTC7LHJIVCMQ2WTX3NTTYXJRTA,5.0,4.6316,-0.3684,1,19
AG2VSMUUP7YN4CBZXSFLPN2KJHVA,5.0,5.0,0.0,1,6
AHSIAWSNZDETBSVABWOXDKRVWHAQ,5.0,5.0,0.0,1,2
AGLJOS7GH6BG2E6XFNEOKYSSLQFA,5.0,5.0,0.0,1,3
AGO26HY24FJ6KU7VC3PSV76FAW7A,5.0,5.0,0.0,4,6
AG4GGNYZ35A4NBCHSJFP36HPHKRQ,1.0,1.0,0.0,1,1
AFCOVEZNICA73J3SBMAV44BPVYRA,4.0,5.0,1.0,2,1
AFSVPFSFW4HMTSFK4YSLVTQNHC4Q,5.0,4.0,-1.0,2,4
AEZFDUPYJP7EKPXMMLYQ7S33ANAA,1.0,1.25,0.25,1,4
AGXSBMWCBQTP3C5BBVEWS4NWBYJQ,3.5,5.0,1.5,6,1
AEIYB5OUYT7FUXA3EDJWDBLKTDAQ,1.5,1.0,-0.5,2,1
AE3NXWSNSRWDP5UGVXXKA6DQNVSA,4.1667,4.5,0.3333,6,2
AHTIQ6ERLBEHI2HXDIAGCGF2P2GQ,4.0,4.5,0.5,4,2
AFQXZ3CSSFKBDMZMNRP6IZTU5AGA,4.0,5.0,1.0,1,1
AETC4JCRSLEKM3A3NYORCYYJBPHA,5.0,3.6667,-1.3333,1,3
AE7R3N2CT4HWSFVWD5FMN2G7FNDQ,5.0,5.0,0.0,2,1
AFIFJZ4H5QFB7UQM5AEDBCTHQNIA,4.5,4.6667,0.1667,4,3
AFBGXFACPKAHCM3QPHFZLK3FPOKA,5.0,5.0,0.0,3,1
AENKLFNL35M3VPUYLQCSLJMLB5ZA,5.0,5.0,0.0,2,3
AHDSCHDY6AOANM7NGDMXCEYBNKJA,5.0,5.0,0.0,1,2
AFUC4MXX2WBO3YGIZ2MKFTNRZDLA,5.0,5.0,0.0,1,1
AE6VSFQD2E3L4SJ2EINDVTZ4QAPQ,1.0,5.0,4.0,1,1
AERSXCEVYCQWMNJHFUXMKLHV36VQ,5.0,3.0,-2.0,1,2
AEWI72HVBOQPG4CDSFYZDA2QASNQ,5.0,5.0,0.0,1,2
AERAUOKOG75L3M5A3CQUOJGGLZOA,1.0,4.6667,3.6667,1,3
AH7M6QUDV4UIVN3SOS6B64MDXZMQ,4.0,4.0,0.0,4,1
AE2XCGJB6M2KYAALGKQQ4MEC57ZA,2.6667,4.0,1.3333,3,4
AFF7OZXWH3CFVVFZGITSLYPQ5WHQ,5.0,5.0,0.0,1,2
AGGZVKW4AZGP3Q6MAU5OXXGJUA5Q,5.0,4.5,-0.5,3,2
AHBW7BEJKH3XKKEMSYVUV2KG6SSA,5.0,3.0,-2.0,1,1
AE2JYJ65NEU7C2FWXSSNGM6T3PMQ,4.0,4.6667,0.6667,3,3
AGCACHHLBKAWOWA3VE6BWKWZFNCA,1.0,1.0,0.0,1,1
AEBELFGX2Q7VBWAC5BPZGZ4HLBXQ,1.0,5.0,4.0,1,1
AGUE2RCXT5N47SVKBEEAC2SXSIZA,5.0,4.2,-0.8,2,5
AFC2BUJR6OE4RMSJ7LVWRTDK2NZA,5.0,5.0,0.0,3,4
AEI22IODVZDSBV3E7EWRBKV6LALQ,1.0,4.5556,3.5556,1,9
AFFXXTNSULUOWWMR3LHKELAXYGXA,5.0,5.0,0.0,1,4
AEQYVG677J5722PIYAAFCJZEA5XQ,2.5,3.3333,0.8333,2,3
AFDQSGA4GHMXAQNGNUO7HUOTRYBA,5.0,5.0,0.0,1,1
AHNL4NHNPXXGZIFXHYCASSZ6AUBA,3.125,3.8571,0.7321,8,7
AH3VR7MORI7463SW7HBA5M6AVW3A,4.0,4.8,0.8,1,10
AGPMF5BOCIXV5JMLKMHPRGAKFZMA,5.0,5.0,0.0,1,1
AHWUHVK7WNLPYGRQCTFT63Q4HQ4Q,2.0,3.3333,1.3333,1,3
AEB2EJMOG5GW4IRD4SNNPILLCBJA,5.0,5.0,0.0,1,2
AEQ7ZGO2GSPUZXWPOW7HSCQWFWXQ,5.0,4.5,-0.5,2,2
AEGARDHQLNBIT7OX2J6Z2PVZDNLQ,5.0,4.0,-1.0,1,4
AEIIGKRNRFI5ACYDXU7CQC4N3XGQ,5.0,5.0,0.0,3,1
AE3VBLFQGRTPPII5TGQIPAWDXF7Q,5.0,2.0,-3.0,2,1
AFIYWBYR4LMPDWLIMD3G4REKNBKA,5.0,5.0,0.0,1,4
AHODC7HFOI2UU5MYR7YB5DKZS62Q,5.0,4.6667,-0.3333,1,3
AGEXIGRIBXWCOTB4RSOA7IIPORSQ,4.0,5.0,1.0,3,4
AF2JWW7KBSI5Z2YLIXUJSLFIGOQA,5.0,3.0,-2.0,1,1
AH77JSK6445YIP5XVLLWDPPIABKQ,1.0,2.0,1.0,1,1
AH6QGVPTQHFPCLRUWJUTA4SKAX3Q,3.0,1.0,-2.0,1,1
AFWQSIWCICNSHCH2ZBXR7KMPIJTQ,3.0,3.0,0.0,2,2
AHWFZZYBLM2R46PRUTZ3RR7MDI7Q,2.6667,3.5,0.8333,3,2
AHWPI5RA4ZDIIWLTFTVLCH3UCQYA,5.0,5.0,0.0,1,1
AEPABNBW44GZYFLNNPAEXXJUK5OA,5.0,5.0,0.0,2,1
AFBG3KQ3SOR473JIHHGZMJMA33DA,3.6667,1.0,-2.6667,3,1
AFNTE4EWOSTC2JPX2OOKOVESYD7A,5.0,5.0,0.0,2,3
AEXSYIXHFNWIQ7BF3KDAID6LB3JQ,2.5,4.125,1.625,6,8
AH62BWWZLCUWOP5XM4L2J44SW5GA,5.0,2.2,-2.8,1,5
AHKDLDTCHIGIPHAUQ66PA25JPWBQ,5.0,5.0,0.0,1,4
AFKKF47ON2U4VXKC2ATHQ44QEBYA,5.0,2.0,-3.0,1,2
AHFLASB5LU5LYWZ4MW25SIB6RTNA,2.0,5.0,3.0,1,1
AF2XSILQWXKTUOIKFQ4HUI7F24XQ,5.0,4.3636,-0.6364,1,22
AFFXCW5UK2YMR6OYCWR4FVLGQZ4A,4.5,4.5,0.0,2,2
AF3AO4JTYNHJU3IN6EMBCHC62U5Q,2.0,5.0,3.0,1,2
AH3RCMFK7HQEMO5LMMEUQX2NWVMA,5.0,3.3333,-1.6667,1,3
AHTXCYKEDTTPIV3WS4DZN5BCEOPQ,5.0,4.5,-0.5,1,2
AHFT45IDBCON7QENQ7CFQ2DORHSA,5.0,3.0,-2.0,1,1
AHCPIPKLKUUW2THHSUQC7FYMEPTQ,5.0,4.75,-0.25,1,4
AETOP4QZGV3GQ5U3CZ6BK6IDLHWQ,3.0,4.6,1.6,2,15
AHYHWYZOUCENDTAODGYH3I7HPDXQ,3.6667,4.125,0.4583,3,8
AFR6L6IPURCLN6JX73MIVGQ2NPHQ,5.0,2.0,-3.0,1,1
AF74S3ENSGMZMNONXTHYC43BBICQ,1.5,4.0,2.5,2,1
AH7BNVEC44U37JA7EFRII7QQG5MA,1.0,5.0,4.0,1,1
AE3AESJV4R42PLFDE27VUPQYIBSQ,5.0,2.5,-2.5,1,2
AE7DWEKYQJCL6H5WYJY36AUNXTIA,5.0,5.0,0.0,1,1
AELLXYDPL7RI5WIM2NA7AHFXV4KA,5.0,5.0,0.0,1,1
AGMIPNESGZ3LHFDRDU5CMMFH5FKA,5.0,4.7778,-0.2222,2,18
AGOOJB4A6I3WULF6TDOYOHQDJYZA,5.0,5.0,0.0,1,1
AE2UKJHYAXO4IJL43BR3YBDKWIIQ,1.0,4.0,3.0,1,1
AGYPZ3TBTEES3YFQD36UORHSWL5Q,2.3333,3.6667,1.3333,3,3
AGBELDQUZTPYAL2ZXQSO2C5GKWEA,3.6,4.5833,0.9833,5,12
AFD3VMXVNKSWDOTGLL5AQ3JKOTXA,5.0,5.0,0.0,1,1
AFBDVBD7PPRFXKTMEX4B6F5MTVJQ,4.0,4.0,0.0,1,5
AFXGQEXIL2ZLD2VCYZ67IZVVJPNA,5.0,5.0,0.0,1,2
AGDFJBXTRBPDC43WQL262XUOEXUA,5.0,3.0,-2.0,1,2
AGPUMKYYYQMN3RKTOHTSI3CCX73Q,5.0,5.0,0.0,1,1
AHF54LFRZSG3GOTGT7HRXYUH6TQQ,2.5,5.0,2.5,2,3
AEQ6RN3DCBCNRZFJHR7LFXZUZ3YQ,5.0,5.0,0.0,3,1
AH6C2XHBN6YIXRBKWRH6HYRQE42A,5.0,5.0,0.0,1,1
AG42RL3WALC236D3E6PAL6EFSE2Q,5.0,5.0,0.0,1,1
AEGWMBGBBZZU5PUDM6TIXMGE7O4A,1.0,2.0,1.0,1,9
AH2XRJKUMFUNCAUSQYB34HULTDFQ,3.0,3.2857,0.2857,2,7
AHKALX7PFCDVLPUNRLYWC77IMTLQ,3.0,4.0,1.0,1,1
AGXO4FEF6L56J7OGZTRCPJUWN3EQ,5.0,4.3333,-0.6667,1,6
AE3BUWHVTNZYQW52Z4T3AB3NCB4A,5.0,3.0,-2.0,1,2
AFJJFSKY27JDRPUFM6DELHRAOXLQ,4.1667,4.5,0.3333,6,10
AHZU2R6BTPA4BICRV654UGMNFG5Q,5.0,5.0,0.0,3,2
AEQC3KF4DFIWFZIH6ITLGINQTFQA,4.5,5.0,0.5,4,1
AGSSD5RDPCYG6L5U4J5QV3X2BLTQ,3.0,4.8,1.8,2,10
AFX6VYW5JAS5374M2SL6J3YX4XHA,1.0,1.0,0.0,1,1
AGY2R4ZREIXHZOF7PND5UM5J6IAQ,5.0,3.5,-1.5,1,4
AFM7YSF6TQCR7YMRADLF77H3RABQ,4.0,3.3333,-0.6667,1,21
AHFJJMHN2J63IEVZ7OCIENSMCXKQ,4.0,1.0,-3.0,1,1
AHXEBNKP2NZNPJ2LGI3P7DULDCXQ,5.0,4.6667,-0.3333,1,3
AHC5TBEGMPHOZW3P6SAYXQM3ULFA,5.0,5.0,0.0,1,1
AEOSUOTG5OHINNH2PYYZQLFIOA2Q,4.0,4.2,0.2,2,5
AGADOMUG2OFIUVYCGIXNTMZZRLOA,1.0,1.0,0.0,1,1
AERYSVZHRPZ4O7LH6J5GA6B3GGXQ,5.0,4.5,-0.5,4,4
AFCF3KO3KZB677J2YFGX6KRVD56A,5.0,5.0,0.0,1,4
AEIMS2AS444RH346IEGZSRA3YQZA,2.4,3.5556,1.1556,5,9
AFLK2GMJFVHA7IG455SM2KDD2WYA,5.0,4.5,-0.5,1,2
AEVPCDEU7RYEKYDNEV2HLB3QM3SA,5.0,3.6667,-1.3333,1,3
AERTWOECCKWCI3GJGPYPZ3KHRCPQ,5.0,2.6667,-2.3333,2,3
AHR25HUDDNKQ35AKKKA4IAMLAYVQ,5.0,3.5,-1.5,2,2
AG4M2F67PASOQGIBTICYKXEFUOEQ,5.0,5.0,0.0,1,1
AEZF36I7RRJ4FFFHCZE5PMZM5NCQ,5.0,5.0,0.0,1,1
AHBFQ2KAI63YT73CNENCKR5F6RKA,4.0,2.4286,-1.5714,2,7
AEXFZO6BXRBW4MQ3ZUNOT6IYS56Q,5.0,5.0,0.0,2,1
AFVC7A3PMZ5I27LNGNFDBZJYXZMA,5.0,1.0,-4.0,1,1
AG462ZV7B5EY2IHA3FHB2JMPPELQ,2.6667,3.6667,1.0,3,3
AGPNNPTXRYYNYJGNJ5BGDKGFKOGQ,5.0,4.6667,-0.3333,1,12
AGG3CMTIWKEYNRPKZUA5ECTJPIRA,2.0,4.2,2.2,1,5
AH3I7IKHSHAF57X6II6LBJGQZDSQ,5.0,5.0,0.0,1,1
AE5EA2WMRNVWCT7PUCFDM2NQWJ6A,5.0,4.0,-1.0,2,1
AGJIGGC6LVQXPTIJQQ5GISU2LJLA,5.0,1.0,-4.0,1,1
AEME4Z2ZX6VCDZIDP2ERFTR2VJZA,3.0,3.0,0.0,1,3
AFCKQGWIPFBDECINSQ4Y6XJOANJA,4.0,3.5,-0.5,1,4
AHTGJJLZ7KAECC2F4SILXJIX7CDQ,5.0,4.8,-0.2,1,10
AF2SVHSB2CMBMO5PJWRCP4MHGYOQ,5.0,3.0,-2.0,1,2
AEW4EBAAOWVRKLULTAIFLFB52WMQ,5.0,5.0,0.0,1,3
AFY5L627LLSLM4QIKGB7EL5MSL6Q,5.0,5.0,0.0,1,1
AFKOA6D6QYFLBVWJNP4KOBXFLVEA,5.0,4.3333,-0.6667,1,3
AGNYI6JRE6H3MLC6JAVSSKNQPBYA,1.0,5.0,4.0,1,1
AFB5I4344QS3YY2AIMZEEDT6WCVA,5.0,5.0,0.0,1,1
AFRNAQ3AVUBANWKEIX5DQHBVZZJA,5.0,5.0,0.0,1,4
AENUGYJ42I6A7PFSPIQA4LIT5RIQ,2.75,4.3333,1.5833,4,3
AHMQ7Z3UXLX3LAMQDBNF52ICTULQ,5.0,4.5,-0.5,1,2
AFHFLDCFX7RNXU464GOYKRBWQAYA,4.2,4.2,0.0,5,15
AGPMJZM6G3P74NN3DLO6JRTWPV7A,1.0,5.0,4.0,1,1
AHKNU5OHIGAQF2K337BWNLKRG2RA,3.0,5.0,2.0,2,4
AGW4D7BAUJN2YBVBW7YJUCVWZLWA,5.0,4.5,-0.5,1,6
AHJ7WADHXRDTCQN2O3D4CEKQLSVQ,4.8,4.6667,-0.1333,5,3
AGA5LLJHQY4P335ONEL6Y3PIQ5UQ,4.5,4.6667,0.1667,2,3
AE6N2Z2ALFJ5PXTVZB7ARU4JNCGA,5.0,3.5,-1.5,1,4
AFENYYNMXW6XALPOTLOTIVNCJUWA,1.0,5.0,4.0,2,2
AH4B3U5TPB3A42VKVVES2XCEVKYQ,5.0,5.0,0.0,1,1
AHJDJKFNISGLHKU6FGDDEZWNLI2A,4.8571,4.6,-0.2571,7,5
AH47PGFQSJ67OGBW6UALBTO7UDIA,3.0,4.3333,1.3333,11,15
AFPCSRMWRKRMHVMR4MUQJSJWSD4A,4.3333,4.4,0.0667,3,5
AFBCV4WCVVDUZ5RRW5BP3TD3IU7A,5.0,5.0,0.0,1,2
AFC6F5USTLDCJI2XRA7UUTYBIAIA,4.0,3.6667,-0.3333,2,3
AGDWXR3NKOCFE6LRRX7KRPJCJWEA,5.0,5.0,0.0,1,1
AFN7WI6UXBACI7WLU5JISQ4KI5NA,5.0,5.0,0.0,2,3
AGZXHZVL45KF3NK7RUOALI4NTPLA,1.0,2.1111,1.1111,1,9
AGFXJWLPTYAXFNWM3KP6LHDF7SOA,3.0,4.5,1.5,1,4
AFWKJ2SCOQSQB5QJGFNQ7HDJCWGQ,4.0,3.0,-1.0,1,1
AHU5FUZX7YNKPIAS42B3IKPWXDRA,5.0,4.0,-1.0,2,1
AGV6VCEWVMDTVHNO3PQSCFY3ZRIA,5.0,3.8333,-1.1667,3,6
AHPWBJYTPOJZK52ZNGMKYJ7CA75A,5.0,5.0,0.0,2,1
AHUS2IEQPGQEJ7YOAP3Q3NDAEXYA,4.0,5.0,1.0,2,2
AERK7Q6CVZX7L767WPJ62O4NBPOA,5.0,3.5714,-1.4286,1,7
AFBVUK5AOLPVWNWARK76MAYPJU2A,3.0,3.0,0.0,1,2
AF4TAFPYIBS6PQF4IGEBQAUFUHYA,5.0,4.0,-1.0,2,2
AE6MOMESPRLCZQPNSFPF2HDPUU7A,5.0,4.5,-0.5,2,2
AGRI4RZTHBX3RJ4KKCC7BVSNAP4Q,1.0,3.75,2.75,1,4
AFN3TAGERMFJOSS7YNR6O5JGAA3A,1.0,1.75,0.75,1,4
AGWNEBQNF7ERYEIB5DBOTLOFLAZQ,5.0,5.0,0.0,1,4
AEZQC6IXN6FFJDI6CACF5SFN26LA,5.0,5.0,0.0,1,1
AEGWZODHK7U5CW2DCHNFXJJUIOLQ,4.5,3.4545,-1.0455,2,11
AHXV3OOCYUHO56ZHU5QWGXVMBC2Q,4.0,4.0,0.0,1,2
AHXTVXKZY64T2Y3LRKGDNXLOUWXQ,4.6667,4.3333,-0.3333,3,3
AEFVSYXWXHUN7URMPU2D43QXYVKQ,2.0,5.0,3.0,1,1
AGHFBS7RJYUAATO2QWPL4G2EANEQ,4.0,4.7037,0.7037,1,27
AHXF3LSVED7NHJINON2HFNKWWNMQ,5.0,5.0,0.0,1,5
AG2T5JMRLPWTMTEZJWH5S5MV7Q2A,5.0,3.0,-2.0,1,2
AHUWMSCOWHQZNHDT43UPBAB4CM2Q,5.0,3.5714,-1.4286,1,7
AFX3RKNS2UGTQVF23W5FLBBWY2ZQ,5.0,4.0,-1.0,1,4
AFCA4ZNO3ED2QHMYYADDDFQNDNHQ,1.0,3.0,2.0,1,1
AE7TUPSYNCIVH3UWS3G53RCIY2RQ,4.0,2.6667,-1.3333,1,3
AHEDT343FMNNOKD3X2WKNXLCTVPA,4.0,3.5,-0.5,1,2
AHOUZSMLAHW5JHECHAWBKPZS2ASA,4.0,3.75,-0.25,6,4
AHIRLEFTQELKWWE474RNC2IUOHMA,2.6667,3.5,0.8333,3,2
AEFDDNFLSI5D2HDEVZHQ6PWEUPKQ,5.0,5.0,0.0,3,3
AFFATFNUJTWV7QEBFPRF5T3PVLEQ,5.0,5.0,0.0,1,2
AEAAOEI4OZV7UIMQX5UC4Q4JNGUA,3.0,3.0,0.0,2,2
AHO5GXJKDZEU77VBU56VS4C33MKA,3.75,4.6429,0.8929,4,28
AGRNRU4NYSWWDSAMKDNS5HUAYICA,5.0,4.0,-1.0,1,1
AF3ULUHXD3YKAFWW4GNBFAOIPKPA,5.0,2.0,-3.0,1,1
AGBX5S7GAJ7QT35PKKGHEOSPJPQA,1.5,2.9048,1.4048,2,21
AFJTVRL55PUOMM52GCXXKXIJVMHQ,5.0,4.25,-0.75,1,8
AFHRTKOKY5URFHJTU6W6EU7GQ2HQ,5.0,1.0,-4.0,1,1
AETR2VGKKXYIGDVMJSESFOJJF5NA,5.0,5.0,0.0,1,1
AEKMG6T56BKL26HAZL7D5W5B6BLQ,5.0,5.0,0.0,1,3
AHZLIXBWHYAVAVJLMQQT67YYTWTQ,5.0,5.0,0.0,2,1
AF4OKGOI7HGL3T3TKAK3ILEOC3JA,4.0,5.0,1.0,1,2
AFTPCMLUSXFBKGVP3AQL6HMIEUVQ,5.0,3.0,-2.0,1,2
AHLWCNPGSU7VHHUTXCBWWQ7LYKIA,5.0,5.0,0.0,1,1
AFIXX6U4SIUNWMQPVAZJKCGURVHA,3.0,4.4286,1.4286,1,7
AEVE3R656CFKNARZWZQE6JZ2VU6A,5.0,5.0,0.0,1,1
AGOGW6QUOBGJBGHE7FB5NVGTXGCQ,5.0,3.5,-1.5,1,2
AFFRZSQMWQSZ7CK67U2IVVIIHKEA,4.5,2.8333,-1.6667,2,6
AHNYDYUOAXYXWVDFKSFP4TMOFJBA,5.0,3.6667,-1.3333,1,6
AEISZ67BL5KN72CBVQF54S7MNJEQ,5.0,4.0,-1.0,1,2
AFBWJTRGJ4I6LRI5C7JHYNGWFELA,2.0,5.0,3.0,1,1
AGNT6J3SMHZSVKH73S7TR5DP3KHQ,5.0,4.8,-0.2,2,15
AEPG5TWZGA3GSWNKPWLIOW7JOJ3Q,2.0,4.0,2.0,1,1
AFU2EAZ6QTHWIEJI647CDDONTBXA,4.4,3.8,-0.6,5,5
AHFZEYUZE5GDLHC2ZSZGE7IRNFRA,5.0,3.75,-1.25,1,8
AEUDVRGOSTCGDPXROGC55QJDCB2A,5.0,5.0,0.0,1,5
AEDTTKYFLWY6ANHUV44SJV7WSG7Q,5.0,5.0,0.0,6,14
AGJHEAL2SKWL7OV7WCCDEST2MYHQ,3.6667,5.0,1.3333,3,2
AHMPXXDJCBYOUCR4HSB72ZF2EEGQ,4.0,4.0,0.0,6,1
AHS3HJH4GQ7GS3DSWEKX5RJXAWBQ,4.5,1.5,-3.0,2,2
AF7ETUB64TZPA6JD74AH7AUEINEQ,5.0,5.0,0.0,2,2
AFXFD6FTQIO4EA5OLNZGKXHDZJPA,5.0,5.0,0.0,1,3
AGO7N3QNKDEZQGAAHNXEG36XWSDA,5.0,3.0,-2.0,1,2
AG7OFV5QMQWULZLTC3U2N5WDAPOQ,4.0,5.0,1.0,1,3
AHB4YKSJEABPWS3ZBRJJMRZIERXA,5.0,4.274,-0.726,6,73
AECW5Z765XANGYVZD5X4FI2QNFKA,4.0,4.0,0.0,2,1
AGQWDDTMBW5MMULSWNJIXTNB6BDQ,5.0,4.0,-1.0,1,3
AGHPG4AVRTL4WD6IPFLLTLFTUFUQ,1.5,1.0,-0.5,2,1
AF6XF5A3R7GF5KALQCMLRTEUFULQ,3.0,2.75,-0.25,1,4
AH5GCM7WTJJNRWCQR4JOOC3KQFPQ,1.0,1.0,0.0,1,1
AGL772QJPLFGVVMBDSZR34EUQ73A,3.8,4.4138,0.6138,10,29
AFBSQFTVCO5IAV7WVWUXY4BBRC7A,5.0,5.0,0.0,2,1
AGL2PLIFNMJCOTVSGVPVB3QHVF7A,2.0,3.1111,1.1111,1,9
AE6BWGQVULQVVBP2BJZTCBXY5NNQ,5.0,4.0,-1.0,1,1
AHVI3QUDNAHNDIAEZYJC2BL6VWPA,5.0,5.0,0.0,1,1
AEFXCF6TF2XTXBVGRYIDFZUUYUFA,5.0,2.3333,-2.6667,1,3
AFWKFUX4YCUZO3BXVA7JIM7XJUWQ,3.4286,4.0,0.5714,7,1
AFO57VJXMXCX672CMRES2YZK63IA,1.0,2.0,1.0,2,1
AGYEYIH2WGZKZ5H46SY7EMTIJPXQ,5.0,5.0,0.0,1,2
AHU46WJR3243RLZHRE2SGLQG5WHA,5.0,4.0,-1.0,1,1
AFM4LGD5ZCGTI7KRWI5GTOPWWVIQ,4.0,3.6667,-0.3333,4,6
AFKHHGHJMNVTRKRCDVVBLEMM7YCA,1.0,5.0,4.0,1,2
AFTSKLTJGGWNODAAU2KDLBJWIMWA,5.0,3.6667,-1.3333,2,3
AEXC3S6AFHG3I7I2J5ND24DKP6UQ,5.0,5.0,0.0,1,1
AEXGOP6Y3S23VJ7OTAGLHZVA3XHQ,4.0,4.4286,0.4286,1,7
AGNAHTXTHZCCZWDTT2Y53QRNBPSQ,4.0,5.0,1.0,1,1
AEM5KURDYSHFTU5KMD7TS2MLBGIA,5.0,5.0,0.0,1,2
AE476GOHRFEZDTGVB3LLLQUZUW2Q,5.0,5.0,0.0,6,15
AF3XTMVVNQKSXUIEOW45QPQW4CMQ,3.5,4.75,1.25,4,8
AGBXOLZJGUNSPW2VF7FWOKE7NMBQ,5.0,5.0,0.0,1,1
AHAHG7RLPMTA43IFPJOF7RYQ2ZKQ,3.0,5.0,2.0,1,1
AEO6YVGNCLN6BDPWQ3HSPQRZGV4A,5.0,5.0,0.0,1,1
AGU5AXFIYULDD65SPPWP2P233DZQ,5.0,5.0,0.0,1,1
AFT3UEULB7Y3QGLHMVFPUXQEZX3A,5.0,5.0,0.0,2,1
AHEJWEBZTI5VP3KT4PZX5KLWIGBQ,3.0,5.0,2.0,1,1
AF2RZ2P33UHBKBG3S2MYXGQVXBDQ,5.0,1.0,-4.0,2,1
AHPGM6C6JLPGVZIVXCFM6TXDTYGQ,4.25,3.5714,-0.6786,4,7
AFAT4OANMHY2MI6EMUPOBXHCEM5Q,5.0,5.0,0.0,2,1
AETW4PR247RJ5KR6BV5XVGGKY5JQ,1.0,2.9,1.9,1,10
AGLA5IF6G6CMICP2EEFIIDOHQ6CA,5.0,4.5,-0.5,3,6
AF4QBCNL2KMPZTOQGAJIZAPS2EHA,3.0,5.0,2.0,1,1
AHL6VHLJAVTJDBA72F7VX4HKEHRA,5.0,5.0,0.0,1,2
AECZ3PXWU4HDXWAJBKHSVJOAU2VA,1.2,2.0,0.8,5,2
AF5HWQD6DIDIWMS3LK6UXULDOV4A,5.0,5.0,0.0,1,4
AE56KSLN4K2TASISJ3YX5FDNSW2A,3.0,5.0,2.0,2,1
AEH346UEBHD2SZF3USPLZL7VCWOQ,3.7273,2.3333,-1.3939,11,3
AHNZXXZHW7JSHZXOINJGDZEYTEAA,5.0,5.0,0.0,1,1
AF3OIHV573BYD5WHYYSVMPVY6LPA,5.0,5.0,0.0,1,1
AHB3SPN4XQEJRL7PHWGDQL67OQ2Q,5.0,4.5,-0.5,1,2
AHJHILQD3YA6GC4NPF5K64LRWEXA,4.0,2.3333,-1.6667,1,3
AGJDLZSAXWTD3SQ7SD7NSWFB7QCQ,5.0,1.0,-4.0,1,1
AFMWB5W76O7T2NTSOA55WVTUJSNQ,1.0,4.0,3.0,1,1
AEFX67M5MWZVRGOLIEVZLH4E3FLQ,2.0,4.75,2.75,1,4
AEFBIHNNQB5DS57YFFEKWQDUCKNA,5.0,5.0,0.0,2,2
AFB6HHHXPTPYNG5KPGNIV6NZPF6A,1.0,5.0,4.0,1,1
AGPERNUBR6QZONCKBZFQLVPCOXUQ,5.0,1.0,-4.0,1,1
AG2LXCIKF2HJZQBXCRLPFUZ772MQ,5.0,3.0,-2.0,1,2
AF7OQEACRM4BVRPCUWWEFDSWUWXA,1.0,1.0,0.0,1,1
AFSLR46XRT2H6FA2GE32PNDMJSJQ,4.0,5.0,1.0,4,9
AEPVQCCHWHB6AQUDAKRHGXHRS4GQ,5.0,5.0,0.0,1,2
AFBYGUJ5FAVRP4EKF3BH7BZMERAA,5.0,2.0,-3.0,1,1
AGWNZXATY7GERE7MQUPPSIFUS6UQ,4.0,5.0,1.0,1,1
AHFVCHBDHYPCCGYEPO56FQOU36EA,5.0,5.0,0.0,1,4
AH7JVL3RMNOC7MDZJQ54CEY7DGLA,4.0,5.0,1.0,2,1
AGYRAI3ZGCYPXICEVDABS5GL2I7Q,5.0,2.0,-3.0,1,1
AF46LDUHPG7EGLZHG7NQ5GY3BVHQ,5.0,5.0,0.0,1,3
AHIZHLZY5CPOB5VNSNHYENG25CHA,5.0,5.0,0.0,2,1
AFKHBDPNIUEJETKDYFGE3TSJPOBA,1.0,1.0,0.0,1,1
AF2BM7TM7TN75NCCHFCIDNOAXSIA,1.5,4.0,2.5,2,2
AE3KXIMBU77VHJC4BNKCCBZZS7XQ,5.0,5.0,0.0,1,2
AGSZ76MDD6Z2FSVUBHYGBP2BIVFQ,5.0,3.3333,-1.6667,2,3
AE5ZWWQXUSNXEVQQFNUMKSYXQ7HQ,5.0,5.0,0.0,1,1
AG6YD5NE6LVB5VJ32G3GHUEXGIXQ,5.0,4.5,-0.5,1,2
AECMCU2YJZH6ZDBTR47VXRRRW2LA,5.0,4.0,-1.0,1,3
AFAAMS4BLUHZJVRR2IPBCYYDEAEA,3.5,5.0,1.5,6,1
AH2GWHWFXFJIWPWVOKIVPD775PLA,5.0,3.75,-1.25,1,4
AENQLQSJPBRJJPSURCT4QW2CQF3Q,5.0,5.0,0.0,1,1
AEXPSWZESOESU5ALQY6UHYRSF5JA,3.0,5.0,2.0,1,1
AFEFJSORNL3RMTXUCT4G3IP5REHQ,3.0,5.0,2.0,2,1
AG4C5KZ7AKG7Z3HKFJCGG43GCSAA,3.0,3.0,0.0,1,2
AHPM653GVI5SNHXIDY4IHRBTOVVA,4.0,5.0,1.0,4,3
AHWHYTWAMNTRMICLIOIDMRIFHTAQ,5.0,3.75,-1.25,1,4
AES3QPYRFNLH3ABNGMNZVDPGAKFQ,5.0,5.0,0.0,2,1
AHN2NBV5O2WFUVJMTW2OWIHWRQ6A,5.0,5.0,0.0,1,6
AE4ME3GXX3F3IKOVGKMUGTQASKMA,5.0,3.0,-2.0,1,1
AFGDS25Q3BIJF74NGODNJ4W3VTPA,5.0,4.0,-1.0,1,2
AE7PUW36VDKYVNLGEUA4T6JOGP4A,1.0,3.0,2.0,1,1
AFNEJ4N2G73SVV5VRNX7MKPV7WOA,5.0,4.0,-1.0,1,7
AGRVALPVDP2HJIT6FPY6FAHGKKMA,3.5,1.0,-2.5,2,1
AGZF2VJINU62G46HHG723EZKRWSA,5.0,4.875,-0.125,1,8
AF3ICBWNOBPFB5JSKBBTCZQCYJFQ,5.0,5.0,0.0,1,1
AHIHNNTJXBYCJXIHGZC6T5BSJ3FQ,4.0,5.0,1.0,3,3
AELXU7PCASN54KBQE5LTU3VMZMVA,5.0,5.0,0.0,1,2
AHWJTYQJUN24P4LWJN5RYWAYBK5A,4.0,4.0,0.0,1,1
AHAPQ6FRSJBDCNWI5W3KQCVI4Z2Q,5.0,5.0,0.0,1,2
AEAMF45YOP6ZI7LXHZ2BKT2JBCHA,5.0,3.5,-1.5,1,8
AG4N3ALAZTLBBJG5TWDN6EOHOJUA,5.0,5.0,0.0,1,1
AFL3TJ5RTSQGXBBEWVS2Z5DRUXCA,4.0,5.0,1.0,1,1
AGA5JO57ZRGTYLDIQ2RNAHNMWDTA,1.0,4.0,3.0,1,2
AFIUKIP6EZ7XBYYGFWAVDRN4YZRA,5.0,4.5,-0.5,1,2
AFJNNAOA5ECJSKWM6UIYFLC3WOJA,1.0,5.0,4.0,1,1
AFESH5ZOP7KHNKL5O25QXSA674HA,5.0,3.875,-1.125,1,8
AELUV3RXZ3B2KOLSZOH66TFEJDRA,5.0,5.0,0.0,2,1
AHAJRVM4I7KBVJ7WP5HNSGQQKAFA,5.0,5.0,0.0,1,1
AEPVSEJC334BKHZIHTRFVA7MW42Q,2.75,1.0,-1.75,4,2
AET5EEAU27GWTKC4EOOKVHLT22QQ,5.0,5.0,0.0,1,3
AHRT5BDHB4Z7VVU42WDJQTMQ3KBQ,5.0,5.0,0.0,1,1
AGDT53JOJ2D5WKW237EMEE7P3RAA,4.0,4.0,0.0,1,3
AGH3B3SBY4JKTNCDP3OCY2GGOHMA,1.0,5.0,4.0,1,1
AGZSBWIJZ22VT3XD52WN44PPJ45Q,4.0,3.0,-1.0,1,3
AEM622EMJLEBB6EBLXFDDAWXXKEA,5.0,5.0,0.0,2,1
AGCBVLLNE5OIQI5IGRDMUX6D2MYQ,4.6667,5.0,0.3333,3,1
AHDYZNTKCXOK3AZUTX2EBFVKMYMQ,5.0,5.0,0.0,1,1
AF63SXZWHW3PE4M5OVOKUNFUQVJA,5.0,3.5,-1.5,1,4
AGQ5PVYSB7WASIB7EF6MYEQLTHIA,5.0,5.0,0.0,1,7
AGVDEF2JTKKAT4WJZWQVCDHEKLUA,5.0,4.8333,-0.1667,1,6
AFWR7WML3WEW66QRCB4IB3CB7PRQ,4.7143,5.0,0.2857,7,6
AETT3CREZCBK34SSXXYCVNSUSYJA,5.0,5.0,0.0,1,3
AHNDH3P6LDRMT5EGQX2E2Z7ZR3MQ,3.0,4.6,1.6,1,10
AFBYDDNKUDMJTSWVOQKKN3RDURJQ,4.375,4.4,0.025,8,5
AHN7VXAL2VP4UWHUPVUSVEY47S5Q,5.0,5.0,0.0,2,6
AHZBMLLQEQANFY6TX5NZ34OH5X4Q,5.0,5.0,0.0,1,2
AGACUBRBKKP4K6VEMHGTK72HPFQQ,5.0,4.75,-0.25,1,8
AF4ITVVXKCCFOM47RYX44J7YKMYA,4.8,5.0,0.2,10,1
AHGD3Q3YLTRNCJ4U5NDH2IJRIVGA,5.0,5.0,0.0,1,2
AFCBG4PX5EDJVCU3NU2PLN73ELHQ,2.0,3.0,1.0,1,1
AGWCOX6RJSU3HT2MPHFAB5L32DYQ,5.0,4.25,-0.75,1,4
AFLJKS65C6BAVEGU2GEYHEF7O6AQ,5.0,3.0,-2.0,2,2
AGLRXWPA53EHIHAN3PBRMPHOLSPA,5.0,1.0,-4.0,1,1
AGO5MWZLDNQUDT5XK5DV5XVMEB6A,5.0,5.0,0.0,1,1
AE2327CLA2MVDF3GAJAVB4Z3OBEA,5.0,5.0,0.0,1,2
AFSMYULCTX5LZJBEXGJPD67ZW4FA,2.0,3.0,1.0,1,2
AEWMBPTW5FPLZVVPHC4VITHM3V5Q,5.0,5.0,0.0,2,2
AEFWDF6MLTIEC56OGYHJ2U75DVWA,5.0,4.5,-0.5,1,2
AHE65K5PU3S6ZMYQZZ2I4ONMO5VA,4.0,5.0,1.0,2,1
AFDP3L5UDND6QHHGQGJAXI462SPQ,4.5,4.6667,0.1667,2,3
AHYY6PQ6A6JOR6UXCZCS7OQ4LKWA,5.0,5.0,0.0,4,6
AFOB7PL34JXVDJWG5W5WQHYC6IMQ,5.0,3.0,-2.0,1,1
AHY7DHW4LJRSTSF7TD7BRNSNA7GQ,4.6667,4.4545,-0.2121,3,11
AGUJMO6D2N4DUGZPKFH7PUOXTPNQ,5.0,5.0,0.0,2,5
AF3BLBVQJRAV5Z7U3NBQ7ED4HSIA,5.0,3.0,-2.0,1,1
AHXHMOHKJ5HFNOLXXUC7JQAUSDUA,5.0,5.0,0.0,1,1
AHTNTULQNGFQD7AF4THKKCYFY2XA,4.0,5.0,1.0,1,1
AHC2XIO7DHCJ75LL7ZQJY5TNSXDA,5.0,5.0,0.0,1,2
AG5S5KSMFGFEY5SD4DAK5FMSH32Q,2.0,3.5,1.5,1,2
AGIDF573HPZ4G5KGD2B2MZ2WQERQ,5.0,5.0,0.0,1,11
AGU6JKO2E7L5NXHFEWVOIY3EZEYQ,5.0,5.0,0.0,1,4
AF6YPBXYVTM2JSCIXL5PHDPUQRLA,1.0,5.0,4.0,1,1
AFO2PF2SY46TYX2YFVL7GL7J5XTQ,5.0,5.0,0.0,1,1
AEVLXPKWLS4XO62UCO77QRC4N5UQ,5.0,4.0,-1.0,2,2
AGL3X2ES27WKF4MRZK7GVI4WWOSA,5.0,2.0,-3.0,1,2
AEMXCVYOTIFHUTPCL7HDQMLVC4RA,5.0,5.0,0.0,1,1
AFQZNUGCY4WOCVSMJDRDYVZSORSQ,5.0,4.0,-1.0,1,3
AGOZARPPDQOG7NM6WV2YUDDXP6XQ,5.0,5.0,0.0,2,3
AFQAEYLM4FESRZNZHOL4ICUQF4OA,3.5,5.0,1.5,2,1
AGNI3KBZP4IZP5F2UUP23YIO225Q,5.0,5.0,0.0,1,5
AHIWBDIN4XXN25VIQFYFEPTSJUHQ,5.0,4.0,-1.0,1,4
AH62C53KBHST4NQARL3V5QBKIBEQ,3.0,3.0,0.0,1,1
AHULBTXB42FK4GHKVCR7EWX2XADQ,3.0,2.0,-1.0,1,1
AFXZLVWM3QIBMPP7CPE42YKPYTJQ,4.75,4.8333,0.0833,4,6
AGLRJEPVTZUWEZ7O2B75424ZQ7VA,3.6923,4.0,0.3077,13,47
AHN52WQKUBP72B36Z5ZHH73DBXBA,5.0,4.2,-0.8,1,5
AHT7PL2GOAPJ5JNHEUHYWTSS5LCQ,5.0,4.0,-1.0,1,4
AHMVFQ7M7XRIMPX4TWWCV7MSYNAA,5.0,5.0,0.0,1,3
AFMK6EWKOQWP6NKMJJOC7NTQJBTA,2.3333,4.7143,2.381,3,7
AE3BQYX23RDE2WIWKR55NG2RNJSQ,5.0,4.0,-1.0,1,4
AFUTBRPE55MOOZETSULMJENATRXA,5.0,5.0,0.0,1,1
AEG5RQF55AV32E6UPEYI6XW2R3WQ,4.8333,4.0,-0.8333,6,2
AG47OIOTNBN76QZYVUCGSM52K2EA,3.0,5.0,2.0,2,4
AHBYVSZRDV4KIXGRA6572L5RSFQQ,4.0,3.0,-1.0,1,1
AEYZIWYMVPRFQJRI25PCZDWW4IXQ,5.0,4.8889,-0.1111,4,9
AE5G7UPQB74B7EXEYYOVYGCWWIAA,5.0,3.0,-2.0,1,2
AFL22WMX3PJCY2P7R346QLBHGPXA,4.0,5.0,1.0,7,3
AFBUAVTEAVCS4GWQVZ5LZZGEFVCA,5.0,5.0,0.0,2,1
AGZCNH354GUT4I26QQZ53SVVKLOQ,3.0,1.0,-2.0,1,1
AGHUSO5TUBO2KE3FORTCS2IKHVSQ,5.0,4.4545,-0.5455,3,11
AE4OK7W45ICJYGIAFB6R6KGOEUDA,5.0,5.0,0.0,1,2
AE7EKELYWDQAP4IVQPJG6PGT6NJA,5.0,5.0,0.0,1,1
AF4KT5BBUYJ2FBF35VLY2WLBEKVA,4.5,3.6667,-0.8333,2,9
AGPWUOPARHQMPPLL6APCSNVEDMFQ,5.0,5.0,0.0,2,2
AGWGWRNVFKEE3RDETAZ2BEG4WSLA,5.0,4.3333,-0.6667,2,12
AEE5SGICUP3IJPGBACKHR6BLGM4A,5.0,5.0,0.0,1,1
AGIDM6QPLHNIPFWQDXMP6AD7MC2Q,4.0,4.2727,0.2727,2,11
AFTEYOLGP2GBF3FJDSPMWOICDQKA,5.0,5.0,0.0,4,1
AFLXTZIA4GK2BMTTX2JKPGAKKCGQ,4.2,4.6667,0.4667,5,3
AEYT3YB5OXDIHNDVYRIUFFBNZ7FQ,5.0,5.0,0.0,1,1
AG2TKOJ6LDX53GA3ARKBGBUUSB3Q,5.0,4.7143,-0.2857,1,7
AF34VRVT5A5JDZOHLGPLBJYLKJMQ,5.0,5.0,0.0,1,1
AHTMKJPUAEKXRNFZMW7RKN5NAHUQ,5.0,5.0,0.0,1,2
AGDJF5SOHLRCHZTKLRX6AQVKZOTA,5.0,4.8462,-0.1538,1,13
AGMZBP63KEOGCKMLA54KVVJKRJ7A,5.0,5.0,0.0,1,1
AHJCS5I6GIZRAGCV7OVG3PFOWTEQ,3.0,3.75,0.75,1,4
AHCRPUMH7O5OEMI3WFTLS7DUQ6WA,4.0,5.0,1.0,1,1
AETK2OS4KHE2V2SIXZQO3T5GNXIQ,5.0,5.0,0.0,1,1
AF24O6MMMC7O2FKLSNYVB5PEYMHA,5.0,5.0,0.0,1,1
AGERO2JRLPPAYOHQTE5SZK224FBA,4.0,4.0,0.0,1,1
AGQQO33WSXK6JYWBSK2766POESBQ,4.25,5.0,0.75,4,2
AGVVCAUCUICCDJN5S62LLF2XAL6Q,2.0,4.0,2.0,1,1
AGSKPSG3OSKRB7IWTGZPIZMZDRJQ,3.0,5.0,2.0,2,1
AHVW4FJ433RXYXBF6JG47NBTY6QQ,5.0,4.0,-1.0,3,2
AF2J23UPWPKMQTRTC2RNFVLH6MPA,5.0,4.25,-0.75,2,8
AFAQXXPRGYPODTGMUCHYCXKBOURQ,4.0,3.0,-1.0,1,2
AHKU55ZSBRVUW6XH4RQW2NCROJMA,5.0,4.2857,-0.7143,1,7
AHMQGKDXYRX7NVOXKD3JVVITRCGA,3.6667,4.1429,0.4762,3,7
AGZ2ARYHQ7WQTHLYC2P5UXGFS4AA,1.0,4.1111,3.1111,1,9
AGEYDDH2XBWZB7F7MYTFF4XQ75UQ,5.0,5.0,0.0,3,2
AFX3IHRIZTJHOBHIBOJZHMD2252Q,2.0,5.0,3.0,1,1
AGWYGG5MUT3VRZRDT533PTARC3XA,3.4,2.0,-1.4,5,1
AGEHYELRWYMYWOJN5KDSZML3R7RQ,3.0,4.0,1.0,1,1
AFDJYMRJ3IXLWZMOMPOTTZ2AUJGA,5.0,5.0,0.0,4,3
AH5PXSXX4ZEVR7R7WCTZW22X3ZXA,5.0,5.0,0.0,1,1
AGQ6LZH32DU346Q3SFRQHGULPXCQ,5.0,5.0,0.0,1,4
AE2VGRYOYVLQQC6H4YSRJVNN75SA,5.0,5.0,0.0,2,2
AGUCQGRYCYE5FHJ3UQ3IHYSDCGOQ,2.0,5.0,3.0,1,1
AEW2RORQACLXF2O5AHVJSEEPERHQ,1.0,5.0,4.0,1,4
AF65HPPYSUAIV7BXWWUGIGV2ETVQ,2.5,5.0,2.5,2,4
AH7JAH2XCWCMELUTN63KIQTVKMLQ,4.8333,5.0,0.1667,6,1
AHMTMCIR2CG5QBYVVAEFSTTMH2AQ,4.0,4.0556,0.0556,8,18
AHEP2DU5UYRRPX2AYICGIP5NIX5Q,1.0,3.0,2.0,1,2
AELZV5P7MGBQOVURDYJERSNZTI2A,5.0,5.0,0.0,1,4
AE2OEQ4DZFZWRHGRBTZQK6IT7XMQ,5.0,3.6667,-1.3333,1,3
AFPS5QYZDVFSJ6FNU664XMKYI45A,5.0,5.0,0.0,5,3
AFB6NWGGQHYR2YPONHBWK52GFRAQ,3.0,3.6667,0.6667,2,3
AEXTKCN2KJUS5S5BCWZKXN4XAJYA,4.0,4.5,0.5,6,8
AFSWQ6VZNOPZRBW4XMUSOQITMJVA,2.0,4.0,2.0,1,4
AGD2PEXXQ6BNLR3ADH6JGAGSJGDQ,5.0,5.0,0.0,4,1
AEMLZQ5HNQNCFD3ZMOPHH2FZB4DA,5.0,3.0,-2.0,1,1
AEGGLQAQVH3RHP26NYUVFER7T4EA,1.0,2.0,1.0,1,1
AHBJKXC6YWTUKKDLRK6ZP4XFFR5Q,5.0,5.0,0.0,7,2
AGCPQLTF7C37I7CBXWJ6LBOETMWQ,5.0,5.0,0.0,2,2
AFFMK3Q2RIKM7JLXBBD3XPJDHBBA,5.0,2.0,-3.0,1,1
AH3Q5R6SIMBRL4ZUVCQMEQWJCYBA,4.0,3.8333,-0.1667,2,18
AEBMW3KAYPNPSNCXAUHPYATG66WQ,5.0,5.0,0.0,2,1
AHYUNNNRLB4XM6LEUSJYHFZCAZAQ,4.0,4.4,0.4,1,10
AE7Z6HUOWWZ7ANFEFR3Q6GS5VHEQ,5.0,4.6,-0.4,1,5
AFARDJCHUUR2M4X6PMY6TRVUTNVA,5.0,5.0,0.0,2,5
AE7CPQ53O6DYJAV4VUXOSN47FOMA,5.0,4.5,-0.5,2,2
AHHJ7EZFIIZD2EOJCV2MVZ6DYCUA,4.0,3.25,-0.75,1,4
AEEAZKLT6GBSGS25II5F4J4DMRQA,4.4241,4.3968,-0.0273,191,63
AFLNOBHDCQ6RWKDOX2LQZEYQZ4PQ,4.0,3.6667,-0.3333,1,3
AEJEVMKZYZ76QKZUZMJ7QWCL5HDA,4.5,4.2,-0.3,2,5
AGAXWBLNWEHXSKE4J52MH4LMHY5Q,5.0,1.0,-4.0,2,1
AH3D6GXCAURQ6DSR5BJAUA63VZPQ,5.0,5.0,0.0,1,3
AGC5R574RSN3DKLL7BUF2YPDJ6GA,1.0,4.0,3.0,1,1
AFXMFHIHKRWRGWBDRZXUWFT47ARA,5.0,5.0,0.0,1,1
AFVANZKQ6Y2XZSI2T4CSOWZ7R4LQ,5.0,5.0,0.0,1,2
AGQTINJ3QFWOKEWAXUIS5ZKNYCAQ,1.0,5.0,4.0,1,1
AEL34SDFVPVV2FKGIT5VOUPK47HA,5.0,5.0,0.0,1,1
AEJCSGNIHEH6FA4H5SDTXAVMQ52A,4.5455,4.4545,-0.0909,11,11
AG2AWFYNASC5HQ3NBV2XWWCH2BQA,3.0,4.5,1.5,2,2
AEM77CSVR62L4MLZTKQKLRPCCTFQ,5.0,4.25,-0.75,3,8
AGOC3Y7ZMFYHWSZLOIDMULUOJHKQ,5.0,4.5,-0.5,1,2
AH5A4PS4GEAFH5LOQKJN6BRWYDNQ,5.0,2.7143,-2.2857,1,7
AFENJJ4TQR3JQGQMQANZZSYTNZ3A,5.0,5.0,0.0,1,1
AEJAFACM6LXF3H5NF243VEIQ4LUQ,3.0,5.0,2.0,1,1
AF6JVNQ5K6PH23FLLSCXXMMGE5XQ,5.0,5.0,0.0,2,2
AFOVB7RJTSJGXJSHOV44M6Q7CR7Q,5.0,2.5,-2.5,1,2
AHUFFV2RWEBPQ4DVPX26YGKKVVOA,5.0,4.0,-1.0,1,6
AGS2TBP6RHNXXPX6KDRW5MKBU3GA,4.7353,4.8462,0.1109,34,26
AH54EK2SNQW4VX3BYN3T2NT6TLYA,3.0,5.0,2.0,2,3
AFSTA6VQJN3I6ZDAKGAMIW5DESOQ,5.0,5.0,0.0,1,1
AFY62J5XGEY6VRCXXCGWEF73OCXA,5.0,5.0,0.0,3,1
AE4TKWKOZZWRT43JULOM2F4YJDXQ,1.0,3.0,2.0,1,3
AHUC4QVBNEVRHJGG4WC7MF3TMPMA,5.0,4.2,-0.8,1,5
AHQB4XVQ3PQ7ZXLCHFBCJ46MI7TQ,1.0,3.0,2.0,1,4
AFJDELFDEQ52HH4JB4LZU2YME5MA,3.0,3.6364,0.6364,1,11
AFHAF4B2Q7DBE3FG6LIETP3UKKFQ,3.0,5.0,2.0,1,1
AHLOA5KYBSTRK6OYCLTSHIHOHPQA,2.5,3.0,0.5,2,2
AHGOWL3VH4UIIUGK3TTMQJ6BQUOA,3.0,5.0,2.0,2,2
AGEI247B4S746G6ZR35U32LVYYKA,1.75,3.0,1.25,4,1
AEO3NBW5DVHHZVGLO6RB6A6VCF2Q,5.0,5.0,0.0,3,5
AGVOLK3MIQPZI7YWSUDL47BS3POQ,3.8571,3.0,-0.8571,7,1
AFNLUJMCAJUPOYG222ZBTBYR4N6Q,1.6667,1.0,-0.6667,9,6
AHXNUFOOQOUZKCSV72VJAILFURJQ,1.0,5.0,4.0,1,1
AGK4EDGUQX4WYQ5CQFUAZ6GHK2PQ,4.8824,4.25,-0.6324,17,8
AEQEIPDSDVOA4UBTKPTGUDFCDVNA,5.0,1.0,-4.0,1,1
AESOT3EDASS64ZK74SXSAEO4ETPA,1.0,1.0,0.0,1,1
AFQOBL3RHO2ZYBLD5JHKRNMC7QXQ,5.0,5.0,0.0,1,2
AGWBN4KNDT2TY5IEB6TZTFQNUHUQ,4.0,5.0,1.0,2,5
AHITO5Y6QZDXKSLRXO67E5LXZS5Q,1.0,5.0,4.0,1,1
AGQQP2A3UUOGUU6JKABWQVMTLWJQ,3.5,4.3333,0.8333,2,9
AHGNRROVPZ432B6OVNU75GALR7YQ,1.5,4.5,3.0,2,2
AFSXXU44U56ITCYEMS654W3XSQGA,1.0,4.6667,3.6667,1,3
AFOHTYIQTMPBUTHGVXZF5236QWOA,5.0,5.0,0.0,2,1
AGOHOG266FPW7D4FCQ3YFAFS6WWQ,5.0,5.0,0.0,1,1
AG3NEPXWEFONW3O2L2R2XMWEUV6Q,3.0,1.0,-2.0,1,1
AFOTASKMDN5NCHR5IIMZRP37OGVQ,5.0,5.0,0.0,1,2
AG7R6CYC6C2KCMTMVPDMQXQDDRWQ,5.0,5.0,0.0,1,2
AFJXHBDWRS3GV2P5FFHQT5THFQGQ,5.0,5.0,0.0,1,1
AHUEJN2UZACC3PJMI46YTT4GPWZA,2.0,5.0,3.0,1,1
AGMHV2ZJ6ELPAMIIIT5KBI5STKXQ,5.0,4.6667,-0.3333,1,3
AHXJXUVY3QHO2AQ65ILEATEDWPTA,5.0,3.0,-2.0,1,1
AFL7KERHEBQ7YVXEZVSEPBAXPYAA,5.0,3.7273,-1.2727,1,11
AF3TAA6LJVPN6DDAPU46QP42ZZBA,4.875,5.0,0.125,8,4
AEA5G36OUHOZL7BQ6SD4KZAQRGSA,5.0,5.0,0.0,1,2
AG7XZBJS35F7IBTBI3RWILZLIWAA,5.0,5.0,0.0,4,10
AEFRD5IVCHABO6TXUACPH2BAREXQ,5.0,5.0,0.0,2,1
AHUSG3BP2H55CCNW43FOJO5ZH5DQ,5.0,3.0,-2.0,2,8
AHN3WOBHDLB77QVJWYFQA6LSKPVQ,5.0,5.0,0.0,3,4
AFCZP2CRWGWYV2XBT3ZOEVOIF6XA,5.0,4.5,-0.5,1,2
AGCW5K5N673JXMWA7M2QXSKXIHXA,5.0,5.0,0.0,2,9
AEKCZWCN7JLZEJIWWD5KM3F5JVKQ,5.0,5.0,0.0,1,3
AFC2C23EXGES7FDJSAR6ZZQWNQWA,2.0,2.0,0.0,1,1
AFAEJH7F3A6KEOAI7RTS2KSDKLZA,3.7778,4.5455,0.7677,9,11
AHTJRC5NQTMBUIU2MIU47UOFDRMQ,4.5,5.0,0.5,2,2
AHL7TZI7SUBVMDNF4PWPI5C3TSPQ,5.0,5.0,0.0,1,1
AHPPHIXU7SDMAD76I355BK66BFEA,3.0,5.0,2.0,1,3
AHOJTZJGEC7ULL5MXP6FF46HQUJQ,4.0,4.2,0.2,4,5
AHTFBMLWNSNE37ACSRQXLJZ345SA,5.0,4.8889,-0.1111,1,9
AGZZDRC5EKN7PA5EUHJKE26RQI4A,5.0,4.8333,-0.1667,1,6
AERLRQIKGVGZH55YAWTJ2MRFIYFA,5.0,5.0,0.0,2,6
AFJAOHURTEPYSR2V67HAGNR7T2FQ,5.0,4.25,-0.75,1,4
AGZGNIFLS3FT4C7DTYK5NQYUXU6A,5.0,4.5,-0.5,1,4
AF37EMGE7LDUNRYCSZSCTVRZHPOQ,2.0,2.0,0.0,1,2
AHJYH3DE2OB73UVQ2OIZQDYCPZLA,5.0,1.0,-4.0,1,1
AFL5C3HJNA4MBRXG72GCFLDINOPA,1.0,5.0,4.0,1,1
AFHMAF6DNSQQKP2DUB2KDNFAHQRA,5.0,5.0,0.0,1,8
AF3DC4EQGNCIUGMOHWEYX2KMMTIA,5.0,4.9,-0.1,8,10
AEXV5GZWUXXFFWDQHPWX72NZTQAA,1.0,5.0,4.0,1,1
AFPABRCBIV73KN35UVEL3QSYFO3Q,2.0,4.0,2.0,1,3
AEJAHWJQ2EXYHTC5GE7TARHHAEWQ,5.0,3.0,-2.0,1,1
AFHYFZQXJO3DBPU24MCPGSLTOAGA,5.0,5.0,0.0,1,1
AFJXKFVQ36I6WNT6EFFI7VYFHVOQ,1.0,5.0,4.0,1,2
AGVHISOD2LIEKPVNFFR42FUG7GGQ,2.5,2.0,-0.5,2,2
AHWCCVLKA7BXVJJXEAQUW27LS62A,4.5,5.0,0.5,2,3
AEJPYICQOSYZEKUN233L4QG6YMBA,5.0,4.0,-1.0,1,5
AHM7K7KY2YHI6BOLEKZS3YUDCK2Q,3.6667,5.0,1.3333,3,3
AF5ZGZEJBU4OY5M2LMCCMR7AUUPA,4.5,3.75,-0.75,2,4
AHESL3JFJ5K4FYZYKVVH3EOW5O3Q,5.0,4.8,-0.2,3,5
AGALSE53NHR3XDLC7V2PXRV72RIA,5.0,1.0,-4.0,1,1
AHW42W64OVZVV4FCEUVT5FBEYQ4Q,1.0,1.0,0.0,1,1
AEKKRPCS23NTCLCP37LSTIAUBPSQ,1.0,1.0,0.0,1,2
AH5BO5V6JPOHK6IWDU4JVZMP5OQQ,4.5,3.0,-1.5,4,1
AHIB22EWQKZHDUIXA2QDJULCTXSQ,4.0,3.6667,-0.3333,4,3
AHZYPRSGJTLMC2E5CXH37LCIKK3Q,1.0,3.0,2.0,1,2
AERS37E2AEFESX4BCSLLTX4DWDIA,3.0,4.0,1.0,1,4
AG5RBRCZ2VFJPL5YZ3VZQ27QYJWA,5.0,4.0,-1.0,1,2
AG3UZN2I3FBNJCMRHVAOLLHG3IKA,1.0,1.0,0.0,2,1
AE6PS2D5EDYY74IQRZ7XHPAN3MSQ,5.0,5.0,0.0,2,1
AEDY2M4EM6YGGYH6QETVZFANQQWQ,5.0,2.3333,-2.6667,1,3
AFWKDJUU4GK7RKIPPPPCXJWJF7JQ,5.0,3.6667,-1.3333,1,3
AEOHVQ3JLE2CHS7OQ532SSNMCCZA,5.0,2.0,-3.0,2,1
AG2GCWGBZXVTRD6TFAHPOKYWZ7NA,5.0,1.0,-4.0,1,1
AEWK6R3JE4THYYFXMT6NYBNERIJQ,5.0,5.0,0.0,1,3
AGOE42NBJRJXZGV3NBMJDRSXV3DQ,4.0,5.0,1.0,1,1
AG2NOZGLFL2NM34YDEDRG64BX7IQ,3.0,3.375,0.375,1,8
AHT46D7KI2JT6VB4LO3442OL6QVQ,5.0,5.0,0.0,1,1
AFPZVWUNK6FVGYPHLF3NZVIC7FLQ,1.0,1.0,0.0,1,1
AHBYE3NHSWMSWDRRBLTL2L4IKH7A,5.0,4.0,-1.0,3,2
AF2OEL3ITF2UWHKEPTI3NSW4MCAQ,4.0,4.8,0.8,1,5
AHLAJWPL4KG4LXJUGKYWDDI72BDQ,5.0,5.0,0.0,1,1
AEZ7FDBX2BMKUKJE2CPSKY5H377A,5.0,5.0,0.0,1,3
AHXGBLSPHW2XRZZOG3UNWD6COIIQ,4.5,4.6667,0.1667,4,6
AHMZG3CJSQSU3P4T6KPTUPFSIXUA,1.0,3.0,2.0,1,2
AFGRO4FNG2MUZY2ZEVMTQWWIDPGQ,3.6667,3.7,0.0333,3,10
AEQCBABEQIAKDZY3V4YSDE74L6DQ,5.0,5.0,0.0,2,4
AFCOFAHQZETXSXJJD5I4LK7NCYDA,5.0,4.0,-1.0,1,2
AEPDOVL35IVL7KSNNKBDUDAQ7IYA,5.0,4.6667,-0.3333,1,6
AGUFVCIRADFRRQDKPHPTXYSVXQ2Q,4.5,5.0,0.5,2,1
AGKXABQMMBDFEPAI4DQLRTJXUE5A,5.0,4.0,-1.0,1,2
AEIT2DWCQVK262TO4HAW7AYI527A,4.0,5.0,1.0,1,2
AFTDEUIKXLL6RJ6S3R2GAJ5JD2RA,3.0,3.6,0.6,2,5
AGSZOBIIUHQ2YG3IYNI76POS7R4A,5.0,5.0,0.0,1,8
AGZLGIPM5KURJNBBBDQ3LMP3RW2A,5.0,5.0,0.0,1,6
AFFDOE4AQWYACG54QNBTBZVAGHCQ,5.0,5.0,0.0,2,1
AEPDHXM4R25GYDRVFNOTYRH2EZDQ,5.0,5.0,0.0,1,1
AHAQBKCEP3WHOT3S5XE26GK3SFRA,5.0,5.0,0.0,1,4
AGJLT2PVILD5KPSREFYCU7EGJXGQ,5.0,5.0,0.0,1,6
AHSYXIOHC75COOQYXWAADXSTE6KQ,4.2,4.6364,0.4364,5,11
AEO3MD4JJKBOL2GW5WML6ENCKG6A,1.0,4.4,3.4,1,5
AFYPG6WA4ISZ7RBX7EXUCIXBYPCA,5.0,3.1667,-1.8333,1,6
AHFKJM3YR3773RGWODLZMORAJLAQ,5.0,5.0,0.0,1,2
AHIQSDZ5O5JPPQIJTMYB5OVE7XMQ,4.6667,3.0,-1.6667,3,2
AFXCZHOMXHKGPE5P5MTTVQC5SIAQ,4.8,5.0,0.2,5,4
AETPGHQLJLMA3FI2L775IIHZ6DAA,5.0,4.6,-0.4,6,5
AFBXM4FUBDHCXDFT3WR34CT5TR7A,5.0,4.8182,-0.1818,2,11
AFY5ZUWT23MRU6R5ENUF3X57NYDQ,5.0,4.75,-0.25,1,8
AHACTTXF66XPZX7ARZPJD5R6M3KQ,5.0,5.0,0.0,1,1
AFPGATA5FVCD5KWWB5JQ5LUMMUQA,4.75,5.0,0.25,4,3
AFYTIKDTW6CGJFJRAIIVRCEJXFTA,5.0,5.0,0.0,1,1
AGCBDWQ23YLO3F674AB5SWIBT2FQ,5.0,4.0,-1.0,1,2
AGYUMDCDSXIL5JSPR27ZJN54DPVQ,5.0,5.0,0.0,1,1
AGSOL42LZFQOBU77Z6PBMGTLFNLQ,5.0,5.0,0.0,1,1
AH24A4P4PFO6QWM7XSNOQ75U3Q2Q,5.0,5.0,0.0,1,2
AEL6INDDKJAPJXDPOVK6RC6YPPAA,1.0,2.0,1.0,1,1
AGELDT4ROXHOJ2DLI7E2BR6FJTZA,5.0,5.0,0.0,1,4
AFJPUC7YLKKONOF4PDO6MLSI7YJA,5.0,2.3333,-2.6667,7,3
AG3265DT7WOMG3F5F5HCORFQQXGA,5.0,4.25,-0.75,2,4
AHF7JNOU433ZWKSASONB6V7ZZN6A,5.0,5.0,0.0,1,3
AHQOXTMV44OAZA56KJVZJLONJZ2Q,5.0,2.0,-3.0,1,1
AGNFKSWAIL7L7OPTI57B4T2D6JKA,5.0,5.0,0.0,1,4
AFEBA6NANBWTRUH7SAONI633ZGSQ,3.0,3.0,0.0,2,1
AHTXMUOY3QZMVC3E5P4V4OG2C6YA,5.0,5.0,0.0,1,1
AGSJ2WN7GQXAXH2ISG2V42T7MIDQ,4.2,4.1667,-0.0333,5,6
AHRTVJAWZER2TCL3RTCGWVNJMMYQ,5.0,3.0,-2.0,7,2
AEXSLEPDBKQE4KT2MRPOS65BIIKA,1.5,5.0,3.5,2,3
AHQ6A2FMVGVH3P244QCZ32K6XCVQ,1.0,1.0,0.0,1,1
AFS473TXSQOZJUCXYDUCZBCGXZBQ,5.0,3.0,-2.0,1,2
AH2LM73ZOJOJBGLTZ5TB67NYWZEA,5.0,5.0,0.0,1,1
AG3JHNEWUSSJ6HV2O563EOMTFODQ,2.0,4.0,2.0,1,1
AGPDM4U62IKLVXYOY7YBPS7QO4BQ,3.5714,4.25,0.6786,7,4
AFY33RAH7GU3RRTUALLJ7GKWSM4Q,4.5,2.0,-2.5,2,1
AF2L2JH6U2LUZZDLSXVUYZ74RFQQ,5.0,5.0,0.0,2,4
AGP4UQVTLEDI44RPVDOXIWZN3PQA,1.0,3.0,2.0,1,2
AE74DMEQNSK3U5PJYI3BOM3DZYAQ,5.0,5.0,0.0,1,1
AEIFLODKR5KUQJV26KGRIYZDRNKA,3.0,4.6667,1.6667,2,3
AELCF7DUNC6CBNOVLVS5VRERVYKA,5.0,4.6667,-0.3333,1,6
AENOS47KG7T4A5RJYRQHO32Y7IVA,1.0,5.0,4.0,1,1
AGEXW4HVGHGPHKZZ46FUQVRNODJA,4.0,4.0,0.0,1,1
AF34NCWSXBKG7Z7D7NCC5QSLQVJA,4.3333,5.0,0.6667,3,1
AE57PBSXQ5UT2COCVARRGSAWGVYA,5.0,5.0,0.0,2,1
AE55GV3J4ZYL5FN5SLBOJO5KSKHQ,5.0,3.4,-1.6,2,5
AERU5IZD37FBRXXSPVDQH4VAFS3A,5.0,5.0,0.0,2,1
AE5AGDUUWOOTGIBYZQYLSFI473JA,1.0,1.0,0.0,1,1
AENRVVBDXLKILT6X5CTQCKAEM5TQ,3.5,5.0,1.5,2,1
AFIROAFZFVR47V727GFF6QQFRWKQ,5.0,5.0,0.0,3,3
AH6WRKBDKENQRS2VMK6LQU6UU2FA,4.0,5.0,1.0,1,1
AFVF625RAFMS5GRZ3SLNZV7NNRQQ,4.5,4.5,0.0,2,2
AGRYURFFCXNI7GLEUEHF6KLIMKNQ,5.0,5.0,0.0,1,1
AEDAZ2T2IF2OE3LGYJXOUKMD3QPQ,5.0,4.0,-1.0,1,4
AHJRUYBENSCTFJ64ZZTPOLRAIGLQ,1.0,1.0,0.0,1,1
AHTDJUNL6B3W4NJGRHP6ZFJ666SA,5.0,5.0,0.0,2,5
AGRYPRW4ZLM5EZMZCFLRO5RBLNIQ,4.5,1.0,-3.5,4,2
AHPCCPRQI532IEYZ2K2C5KZTMRRQ,5.0,4.0,-1.0,1,1
AFX3NBIHKYCRA2NGYPG5UNN2AWUA,1.0,4.0,3.0,1,3
AFM5II6NDEHVOEVSQB2UVS47GZFA,3.0,2.0,-1.0,2,1
AFLI5HS4YNRRPOCZYMOJYPSG33BA,2.0,5.0,3.0,1,1
AFYKGYXS4FVRBEUPS4OHOTE5PY6A,4.0,3.4,-0.6,1,5
AG2ZYGSFG47Q62CLD6FVTXXU7ZHQ,4.75,5.0,0.25,4,3
AGXP63MOTI4RT5I2LYUF3LTKQ2EQ,1.0,1.0,0.0,1,1
AG5CROKV5DX3YRJC36ITE26GZ3YA,4.25,5.0,0.75,4,4
AEWKXFITKQPNROBKLKZJFDEMVLZA,5.0,5.0,0.0,2,1
AHTVNHTU6X2JHNPFFFWGAMZGAFKQ,5.0,5.0,0.0,4,10
AEIQOX4NR22EQZIAH6H2RQKXUKZQ,4.25,5.0,0.75,4,4
AEA3JOEL4ECFOVMFWJHNIAZWFTMQ,3.0,2.6667,-0.3333,4,3
AEUADVF74M5SYPFXUZT332GY7HJQ,3.5,4.5,1.0,4,4
AH56GY7APMA6YFXKSRPBNGYT2IQQ,4.0,3.5,-0.5,1,2
AFW5E7QGQ4QACKGKQZAKQW3LHOZA,5.0,5.0,0.0,2,2
AF3YMH7A7YGDL2OQ7N6VL7W7326Q,4.0,5.0,1.0,1,1
AEFTAGCAKAQL43KVKI2SUYN3C32A,2.0,1.0,-1.0,1,1
AGD3QA4TDYCRGNWO2NQSML5F6VSQ,4.0,4.0,0.0,1,4
AGNABJ6XMX5FXUDNLQ3LTL4D5GXQ,5.0,4.8571,-0.1429,4,14
AG2HPOWOOJ5LJR4W6JTLS3U6F5UQ,5.0,5.0,0.0,1,10
AG4CBLS26UFCOVWOVUUB6NACC4FQ,5.0,4.0,-1.0,2,2
AHBZJMLGSOAMTCSN4IMUPR3S27UQ,5.0,5.0,0.0,1,2
AHCEDSQNV7466NEEING2TPZWHAHQ,4.0,4.7143,0.7143,1,7
AGRPNQLTNRC4V6ZZQAUS347OSPIQ,4.0,2.0,-2.0,1,2
AF6CK53TL25JUNRANVZDYNI6FEMQ,5.0,4.6,-0.4,1,5
AEWBLPUJ5ET7OE7PZLJQ5IXNTBIA,3.3333,5.0,1.6667,3,3
AFQ75LKAQU2YSC2VEJFLGQQIB6YQ,5.0,5.0,0.0,1,1
AFVLETA2T7ENGPDG2G2EA2OFVQAQ,1.0,1.6667,0.6667,1,3
AFX7OS3B76X6VYHA2GSE322FAYEQ,5.0,2.0,-3.0,3,1
AFPJMC5V3M2LIZ3B4ZIT3QQ3AECQ,3.6667,5.0,1.3333,3,1
AEOWAVCXMXYPOAEE2DOW3JRG25YQ,1.0,5.0,4.0,1,2
AHAV2I25AJUUK4NHOH6PYXRDWXDQ,4.2,4.1429,-0.0571,5,7
AGFEPM65YNR7H5DKVWBZCRDP4I6A,4.5,4.52,0.02,2,25
AGYLNNDNM6HBR6H2L5GP6KGFET5Q,5.0,5.0,0.0,1,1
AHWNTTDMCQEN2EU7FFGP27UPTE5Q,5.0,3.6667,-1.3333,1,3
AERKO4YVHEENNUB6C3BPIQFW6J7A,3.0,2.0,-1.0,2,4
AGT6J643ZP5ZNVIC5SOYWSONCMJQ,5.0,5.0,0.0,5,1
AF5YLTGQ55QCWMRO2GSVKAHSVW4A,3.0,3.0,0.0,2,2
AGFY6LTBXUB5MHD2L2YYSDXUWIKQ,5.0,5.0,0.0,1,2
AH6JSLJVRTF4NRFNFK6M3JPISHTA,2.0,5.0,3.0,1,2
AE6IQQO3P522GW72UX63SB6LDRQQ,4.0,4.5,0.5,1,2
AF75EPWIQVNMW4H74LAU44HZ463A,3.0,4.0,1.0,3,6
AH42ZFX7OF4EIO2JIWH4LJIHXOOA,3.0,4.0,1.0,4,2
AFE7QDZ2AEJUCSCXYUOYGX2MMYDQ,5.0,3.4444,-1.5556,1,9
AF735HSA7HIOD7KUXIX7T4MY5UJQ,3.0,4.0,1.0,1,1
AE4BIZKAZMLKO5BLOE575FYZNNRQ,5.0,3.0,-2.0,1,3
AGEGAL53HZCWS77BUECG43E45J2Q,5.0,5.0,0.0,1,1
AF6DPZ6OXUBDMVXZOR5EGJC4PXUA,3.0,2.5,-0.5,2,2
AHA5E2J5GICZDYMP2KUEZHALUGYA,3.5,3.8571,0.3571,2,7
AETPXE3TF342MWWY2D2U642VSBMA,3.5,3.0,-0.5,2,2
AE4KXC7C757GPP6UMYVEAYG6DQSQ,5.0,5.0,0.0,1,1
AEN7UVM5UA3QKOWYO7RGHOHMARNQ,5.0,5.0,0.0,1,2
AEW55BXHCOLJ4DHFAWYURTW6SLZQ,2.5,1.0,-1.5,4,2
AFEAORQG5ZAF4YAFWGE6WHDFJFRQ,5.0,5.0,0.0,1,1
AFP63473JJIKL62DYQTZPGJOTIIQ,5.0,5.0,0.0,1,1
AEZU6FY4J2W26LK2D43AK6TVUBSA,4.0,1.5,-2.5,1,2
AHEXTD37OHNHBKHKV352JJ555RRA,5.0,5.0,0.0,2,2
AHFIDFJOTP7BYAOMMXDLQJITQRCQ,4.0,3.6667,-0.3333,1,3
AEQPTVULLGPPEQLGT3LU47GYZCDQ,5.0,4.0,-1.0,1,3
AEMSEHQFFVU3GUTKEJQSFYTNILSA,5.0,5.0,0.0,1,1
AGBSBZI4TB7MWYNINHWQ6UR7O7GA,5.0,5.0,0.0,1,2
AHBT53V6FDN2BPRJTYPHYG3OHLZQ,5.0,5.0,0.0,1,1
AHSLXE6OSWQAIGUCMBZQ43GE4XOQ,4.0,3.2857,-0.7143,2,7
AHZA7ZZK5NJ2YJN4TRPX56WUJCGA,5.0,3.3333,-1.6667,1,6
AEDKEP4OYXSHBUWNRJ4SAEATTIXA,3.0,3.1111,0.1111,1,9
AHMANFOIB5RYNNLOSAHC54AP22TA,5.0,4.25,-0.75,1,4
AEOL2WBOYXFBWHU7ABB2RXXGAANQ,5.0,4.6667,-0.3333,1,6
AGYXXGSZVBAD6VRAN5ATYTLM7XBQ,5.0,5.0,0.0,1,1
AHLPDQLEVRQ5QOZUQG623S24OZYQ,3.6,5.0,1.4,5,1
AH26GBTBQUW5IS6H4M6EA3DARPFQ,5.0,4.375,-0.625,1,8
AGCYTSZWUJQABMAWQISMFDWZ5AHA,2.0,1.0,-1.0,1,1
AHPUPBNPYV7XYYTGCQCDNK2FYZ2Q,5.0,3.5714,-1.4286,1,7
AEVINRAD23TGXIUBA2XQJ6Z232QA,5.0,3.5789,-1.4211,1,19
AG3YGH7MBFR6SIAOI6WZXIM5U2VQ,2.0,5.0,3.0,1,2
AHKOZI7NTSZRHPURL26QI77SOGXQ,5.0,5.0,0.0,1,1
AES4SEGVUU2V4XEQ237IEKNZBXAQ,5.0,5.0,0.0,1,3
AHQNERYVONMPWZA5Y6HAGF37X5XA,4.0,5.0,1.0,2,1
AG4MFFFYRT6JX3JPBIXJWEUEFTYQ,4.5,4.24,-0.26,2,25
AFPTF3XYQYOQFD7QX6N3QELFOCGQ,3.0,3.0,0.0,1,1
AHTVFEOWYPCWXIH6RQ3HYCOXC2OA,1.5,5.0,3.5,2,2
AE6TBVQW252MFEUNQKAJKLNLQDYA,5.0,4.8,-0.2,4,5
AGM5WGW4LWZBBENIA7J3YWE3NVRA,1.0,5.0,4.0,1,1
AGTMJUPUPTYCIKS6AWS6LKQTBDMQ,3.0,1.0,-2.0,2,1
AFVGNCHPHKA6RTCUFKBSC5EF2CGA,5.0,4.5,-0.5,2,2
AELJN5EN5FJ4C3KN6BUOHIZNI7LQ,4.6667,4.1667,-0.5,6,6
AHWUZW2FY2IEQGISF63PIDTX2XBQ,4.5,4.125,-0.375,4,8
AGY2OBQYM5SIX4AQHUQFQSRYLMRQ,3.0,5.0,2.0,1,2
AFGLKDBWJJ6WMYV7IAJMBPRICDYA,4.5,5.0,0.5,2,6
AG452UD3ET6TENXLPCBSSSQEYL5Q,5.0,5.0,0.0,1,1
AFXUPH6F7BWS4ZCSZARMOSRUMFOA,3.0,5.0,2.0,4,1
AFJ3UNGQ3ARLSLUKIQCPSRMOQGSQ,3.375,3.0,-0.375,8,2
AEANMXIRODVM7TCJDJ6VN76LQ7IA,5.0,4.0,-1.0,2,3
AFF3ADVK2DI2JRAME7K33OJVAG4A,4.5,4.75,0.25,10,16
AGXMNU5W7MGBWQETELOORTO4XA4A,5.0,4.5,-0.5,1,2
AHLQPFIHBNCHGOECZTRXIBQHB7DA,1.0,2.0,1.0,1,1
AGFEIWS4MGY65RZU52RU4TSHQ4GA,4.4286,5.0,0.5714,7,1
AE7MTR7OEUC243F3FYOQMDGZ2QEQ,5.0,5.0,0.0,1,1
AGIC4HBC5TQPM23BQ4P2VOW42JAA,5.0,4.0,-1.0,1,5
AFP5QFWYM6GJ66DQN56QW4Y77EVQ,4.0,4.0,0.0,1,2
AFDWIPTTBPD5FXBZALYXW6JHNCXA,4.0,4.6667,0.6667,1,3
AEDDYBF66PLLNLWC65XW2DCFL3HA,4.3333,5.0,0.6667,3,2
AGQ5H37Z66O5SMEJX5EPHTUS2EUQ,5.0,1.5,-3.5,1,2
AETMUS5HMMOYINDGUTSOTNTVQ5NA,5.0,5.0,0.0,1,4
AEESUMFWDYH3RHTABPD26VXLNMOQ,5.0,5.0,0.0,1,2
AFLITVXLFO725CJQSXVJY2JNP4QA,5.0,4.0,-1.0,1,1
AFDD2E7Z2HHU2GE7X3IRUKL6MRYQ,5.0,2.0,-3.0,1,1
AFCKNO2REHED6ZTUYPKTHUKDL37Q,5.0,3.0,-2.0,1,1
AELKWYCO7F2EWFBIUZJIG44HQ6TA,5.0,3.3,-1.7,1,10
AGTOMX4GBQQGUYPJWEI2XAR3ALJQ,5.0,1.0,-4.0,1,1
AEVKRF43BASJKDIMFYRPRFYBPTIA,4.0,4.4,0.4,1,5
AGCKVLO7U2C5I3KDY53UR6RGHW4Q,5.0,4.0,-1.0,1,1
AHYRALPVO4BZNBHSHXB2UHYBIWAA,5.0,5.0,0.0,2,2
AH2K3QJG2CA5Q4COYLPXX2W6D34A,5.0,5.0,0.0,1,1
AEZETXFCPYVNEWTPPYBT3RNAKJ3A,5.0,5.0,0.0,3,1
AGJ77KFU5UH73NXEJDIJLCFN52PQ,3.5,5.0,1.5,2,1
AHL442NYQ56E6QKFZD35RMF2KEGA,5.0,5.0,0.0,1,1
AGCDDO5QBRTWSLOC6TWTS7KX2VLA,1.0,4.0,3.0,1,4
AFWEWO2IXYIMRIGKGBO4QSPHZ7AQ,3.75,5.0,1.25,4,2
AEZCUBFXCD6YHTZ5WLYGKW4FPLUQ,5.0,5.0,0.0,1,4
AGPDTG4U3EZZZFIBP2MPGBL42WKA,5.0,5.0,0.0,1,1
AGJL76YCCAM3IEEZN4L47EWOWANQ,3.0,3.9333,0.9333,2,30
AESGC2KUJ33ISSFMOIYO77ONOR6A,5.0,5.0,0.0,1,3
AF4NLFSPIOH2MPXU7AWWAPUXI55Q,5.0,3.6,-1.4,1,5
AGRWLMGLSJ6QQICJBXSY77QXZLBA,4.6667,4.5625,-0.1042,3,16
AH2NEWXAFGEPZEBBCVIAIMOKFB4A,5.0,5.0,0.0,2,1
AETTLZGRBWTXGN5PF5VLWXUHIRLQ,3.5,4.0,0.5,2,1
AG2PWZ4QCKB4MNSG3I7VGPPARX5Q,5.0,5.0,0.0,2,1
AG2QZ2OD6JKJWMYO6LQTQ3F3QVRQ,5.0,3.8,-1.2,2,5
AGRIKSTEIEIJYMVBYM4ZYV25OFQQ,4.0,3.3333,-0.6667,1,3
AGKV37WLDTGGKI7V43AXRKIKVJTQ,5.0,3.0,-2.0,2,2
AHNDKKML33XP4WYTL4G7TMKKZXMA,4.75,4.9333,0.1833,4,15
AGOEFSIYWBVFM5KKQDIBMXPPTF7Q,5.0,3.5,-1.5,2,2
AFRYYQ2RLN65WKHZI3I55DULAJAQ,5.0,5.0,0.0,1,1
AEPJJK5I2UEUXY254SI77T32HF6A,5.0,4.6667,-0.3333,1,3
AFC36EB7HZAD7FOQIPXLSK3BQW6Q,5.0,5.0,0.0,1,1
AG62NTJD6CRR6JGMIR56SGE3H3MQ,5.0,3.8889,-1.1111,2,9
AGYBBOGAFNU7LQTGIAHRYY3S7EQA,5.0,5.0,0.0,1,2
AHF3PCGRBDKR6WJT4T3OG6YSE2BQ,5.0,5.0,0.0,1,1
AHO2XPR7T3TIZDNCQEI6Y4W2PWUQ,4.75,4.0,-0.75,4,4
AF6JF235KRDNS2RKF5VWRZYHRHPA,2.0,4.0,2.0,1,1
AERV4XBZDWR7D7Y6ASQQCAGYU2JA,3.0,1.0,-2.0,1,1
AHCKJKUXNG5EACE55KQPM3YCBYAA,5.0,5.0,0.0,5,13
AEKSXT7Y2URAXG543ZEH553NJKCA,3.3333,4.3333,1.0,3,3
AGIREVX3DMI5Z4765QOTULPLYV5Q,2.0,3.3333,1.3333,1,3
AHEJ6I7C547T3DP2PWMJIRZO4UQQ,1.0,1.0,0.0,1,1
AHPYB7UX5XV2VYGBSJJSAOB6J6ZQ,1.0,2.6667,1.6667,1,3
AGRLVMJ7EDV2KLZ4S44NYSCX7ICA,5.0,3.0,-2.0,1,1
AFGUFZKMLUANZPK4WUIYD7E2RIBQ,5.0,4.8,-0.2,2,5
AEI5DKLJTOWNO5ONUF5RHWYBXZMQ,5.0,4.3333,-0.6667,1,3
AE5Q5YNAQRQUC3YY4SRISAOQO37Q,5.0,5.0,0.0,1,3
AGI6BRRTPHOZB2TUIGVY3Q5D3ITQ,2.0,3.5,1.5,1,6
AHY354UIU6LXQ5TAEZOHNKQVX4GA,5.0,1.0,-4.0,1,1
AEFLHTCY5QO64VOWH5DOTXKVGMAA,3.0,2.0,-1.0,1,1
AGA6TSGOODLQG7QPQL4ONO2EWHBQ,1.0,2.3333,1.3333,1,3
AEPKABXH5MIYH233BMYJHVD4ZCXQ,5.0,4.4286,-0.5714,1,7
AFCGQPDU2LN7LEC2NSUNGFN34TAQ,5.0,4.5625,-0.4375,2,16
AGCQ3XOTLM3ELCPTYZPOEE5DNPQA,3.0,5.0,2.0,1,2
AHN4UDSY2H5A4JMROYPLYDQIHAMA,3.0,5.0,2.0,8,1
AFVH7NPW2WV5WH4AO5LZ56YTU2SQ,5.0,3.0,-2.0,1,1
AG7SZLFVW34EJJN5C73BN6RGLVCQ,5.0,5.0,0.0,1,1
AHTYB7JV62VJJNGMKB3JQ3HZA5BA,5.0,4.7333,-0.2667,1,15
AHBUZR5PCEJXUCKNZ5TYOA7YODHQ,5.0,3.0,-2.0,1,9
AE7RFDXK7PNIA6PDX4WYTEA3XYDA,5.0,5.0,0.0,1,4
AFBIL6DYO45ODJF7KUX5WRXFLGCA,5.0,2.0,-3.0,1,1
AFLMCWYF5LSPVOB5NBJM5MWXJRHA,5.0,5.0,0.0,1,1
AFKGJP4FWSFWJIAJGVHMTWCX737A,5.0,5.0,0.0,4,1
AG3IASTDWLZYKPWMBV7T2O7NNDJQ,5.0,5.0,0.0,1,1
AEZSGXB3PXDYKWFXWJY3NDTCADAA,4.0,5.0,1.0,1,1
AHB2YJ6C2DSUZYRCUZQKORYLLEYA,2.6667,1.0,-1.6667,3,2
AHAL7UQ23KEQER64FTQU2AHVW6XQ,4.4,4.2857,-0.1143,5,7
AFXANYSSDUIKG35MWY5UZZ25JOMA,5.0,5.0,0.0,1,1
AFBCYGIDEG4K2ODIZ4A55SKRQLEQ,3.0,3.8333,0.8333,2,6
AFYAT7J4OZN35ISCAMVIZRSLEQKQ,5.0,4.5,-0.5,1,2
AHIFVP2FKB6QCVFBRWGTOFDZHAYA,5.0,4.6,-0.4,1,5
AH5JAS4HA3GA3TJKTUUGHT5VFZAQ,4.0,4.0,0.0,1,1
AGKGWTQMEPQPZIYPMMA7HL7VDNPA,3.0,3.0,0.0,1,1
AEUK7XW4XBV5LKUCG52PEHZASRJQ,5.0,4.5,-0.5,1,2
AFOEMSBQ23DAQQ4P5QCP7KE4B7VA,5.0,4.5385,-0.4615,4,13
AGIPHI3BFFZDTB37BRLP4MD5LQNA,1.0,5.0,4.0,1,1
AGEOU2JMKQW3L25XIRWVYY3UPPFA,3.0,4.0,1.0,2,2
AHANDLAXURS5QDNTJPLVKY4DUN2A,5.0,5.0,0.0,3,1
AFC5BOHK6DLRL27HXLAZF5KADJ6A,5.0,5.0,0.0,2,1
AFWFVJ7DLN2NJXWG54G7QH7GM27Q,1.0,3.0,2.0,1,2
AFR5YC532B5JY4CATAPAV6XRPNMA,4.0,1.5,-2.5,2,2
AEKUPQDHKO64U2J3HC4QMLJ3ZDSQ,1.6667,4.75,3.0833,3,4
AH7AE6MMH4T7HHGXXYHTVGJEEWEQ,5.0,5.0,0.0,1,3
AGZOOATZS527QAQQTZTJV6X6YGSA,5.0,5.0,0.0,1,2
AGYE6T23HIXVDYBXB6O4DJ55NAVA,5.0,5.0,0.0,1,1
AEVV2DBVQUZJNTPIVEX54YLRNMUQ,5.0,4.5,-0.5,1,4
AF4WKLXZQSJ6C6NAXXUQJ2ZOVNQA,5.0,5.0,0.0,2,1
AEYMY6JYMXLTSEYHTWHENIXOIZEQ,2.0,4.0,2.0,1,1
AHKNO7HDEJBG5QTNFHEQEUVC5RNA,5.0,5.0,0.0,1,1
AECRMPIGQ3YPP5FO6X3GWGIXY3GA,4.5,5.0,0.5,2,4
AGR2Y46UIC4IZUNB4N3E4R5C6JOQ,5.0,5.0,0.0,1,1
AHWYZ6CJH4WNZLZWI4QCXGF4LJVA,3.0,5.0,2.0,1,1
AE5LV3YTABXSDSRFRVDN4DVM6HTQ,4.0,3.5,-0.5,1,4
AGLZMRCHXU4HP3C5A6DK32P6VOEQ,1.0,4.25,3.25,1,4
AHC2RLFOJXCFR3X4JEXRJGCHMW6Q,3.0,4.1111,1.1111,1,9
AHDEFNNPZ7Y2FF5ERI75LMXXA6TQ,5.0,5.0,0.0,1,2
AESYWVQMVBBXYBV3OT6W7HE6RIDQ,5.0,4.4,-0.6,1,5
AEP3XPX7WDXY3JCDWZWB6MKZDSCQ,5.0,5.0,0.0,1,1
AF74DZKXZSPIFFRXXSEZC2MOMZ3A,4.0,5.0,1.0,3,10
AGK2LFWNKDPE764LYYEZ2477L2VA,5.0,3.0,-2.0,2,2
AFCPDOHZOOBN3SPHLKF3XKFZPSVQ,5.0,4.75,-0.25,5,4
AFTS47MKJTEITJJOYMTA5ENHLZRA,5.0,4.5,-0.5,1,2
AGQNAR7EEGERARBKEHPPE5B4IT7Q,4.0,5.0,1.0,1,3
AHKNOWRHYBJOOLPWJSIWCY7CHE6A,5.0,4.9167,-0.0833,1,12
AE6XCUIH5CRI335TJMM3Q2OYX4BA,3.0,3.3333,0.3333,1,6
AG72P2EOABZK36VLV4XJRBMK3AHQ,3.5,5.0,1.5,2,1
AHVZGGHXBFFCCLGF55ARGS6NDJXQ,1.0,1.0,0.0,1,2
AHJ5HYQRHDZRBDP2BI34DSB5FMFQ,4.0,2.0,-2.0,2,4
AHQCWUQYRSMGEYLQ5MC4MU4WCCEA,5.0,2.0,-3.0,1,1
AGI4DOXSHLWIY5KHIP3MGZFJ2OXA,5.0,2.6667,-2.3333,1,3
AGYG735NN45ZGO5KRKOQVCTMRBAA,3.0,3.0,0.0,2,2
AEGROSOOZ6W36QAFZUVSKTRO5XNQ,1.0,3.0,2.0,1,2
AEERMHA5SYYW5WEELJ4EB3YCM6OQ,5.0,4.2,-0.8,2,5
AEDOMG2LZFIJILXHJVL2QCKB7OOQ,5.0,5.0,0.0,1,2
AFZI4I3GLVEQM5LF2TNGGGHT4MGA,5.0,5.0,0.0,1,2
AEOQSES267HWUMWFHRF2MB67R6EQ,5.0,4.75,-0.25,2,24
AHABYD3XCGGYSAA67MFBOGUTUVKA,5.0,5.0,0.0,1,2
AHXAA4UPXBY3RQBRWF25OOY2DUMA,3.0,5.0,2.0,1,4
AGUHBMK7QDIWEZOBUVTO5SHWN3WA,5.0,5.0,0.0,2,1
AHMPR3BPPONAGADK54FZXIGFVLNQ,5.0,5.0,0.0,2,4
AHB7SZLDKXDX4R2I2NYRDJ5J4SDQ,3.0,3.0,0.0,1,2
AHSAJP3KXYYMK7BUATEDL7XHANCQ,3.0,5.0,2.0,1,1
AF6W6HABP7NGLQCLYQB6N5Z23ZKQ,2.0,3.375,1.375,1,8
AGH6FOS4XPZGEKH6PUTFA6PNUA5A,1.0,5.0,4.0,1,1
AEVP3B3ZOHIX554ZQSYC2VKNNDQA,5.0,5.0,0.0,1,1
AGYD75BI5U3LIXNHHV5JJOKDBB4Q,5.0,3.0,-2.0,1,2
AE3KYWMUIRBFK5IETRQZN5ZEEODA,4.5,3.3333,-1.1667,2,3
AHJ65VUZEKL5FVN3MCV2BZCYDLTQ,5.0,5.0,0.0,1,3
AH2YTACORBJCHPCATJCSF27V54BQ,5.0,5.0,0.0,1,5
AGH7LELEKC4X2YWVC2IXXP5RNAMA,5.0,5.0,0.0,1,2
AHXMKGI6FW46DZCJRQBOIAI3S6HQ,5.0,5.0,0.0,1,3
AG7EDD7DUC5VR6DDVKBEXA7H2SAQ,5.0,2.0,-3.0,1,2
AGRDOXM3DVIJ7R7JB5Z7PCZSUBZA,5.0,4.6667,-0.3333,2,3
AGUDQ4JGOH2UNXP3N2D5XVXI4Y6Q,5.0,5.0,0.0,2,2
AFJEVPJLMNGN37UUZO4LFALUKOAQ,5.0,5.0,0.0,1,2
AHHVBJYQB3SF64WHFUUYFXQROQZA,5.0,5.0,0.0,2,2
AFY65MZML43GKJTGBAZFTDDMVTSA,5.0,3.25,-1.75,1,4
AHPGC5AZHZCUUOYGJRMDQDTO7P5Q,5.0,5.0,0.0,5,5
AEW4PZZZDD7XDK53IS2M4REDLDJQ,3.0,5.0,2.0,1,2
AFNSIAJPHSHX42DZ645MUHMNXORA,5.0,5.0,0.0,4,12
AFLCVNSDQ4GZL5NJUA7Z35MYAMKA,5.0,5.0,0.0,1,2
AEEPFK7ZNOQEYTCLQYEAYM2FS6QQ,5.0,3.0,-2.0,1,4
AEY3V5YPHGYNAMYSX72EKKGVWT5A,5.0,4.4,-0.6,1,5
AF5B43DFO6BY4GSA5K7DTS7OPPQA,2.0,1.0,-1.0,1,1
AGYUIL6YLZULP7R5JZB4W3P27HEQ,3.0,4.7273,1.7273,1,11
AF7Y5ILMFKERRKX5P4FLMWQVGFRQ,5.0,5.0,0.0,1,2
AGJZHDWBXR2HLSNHN5ITRYRLDKGQ,5.0,5.0,0.0,1,1
AGRPU6KGQLVOCQZ2DQYD4VAAXJFA,5.0,5.0,0.0,2,3
AHKVRLKPLLJEOHQNW6F6SUDDTOCA,1.0,4.0,3.0,1,1
AGJTTBZUO2TOBPBVDSFRS3KZTIXQ,5.0,5.0,0.0,1,1
AESGZXNCFT7JTJZKHQUG427DCVRA,5.0,5.0,0.0,1,2
AHHYBAMILTCDYPYNNYA5KT2JUIUQ,2.0,3.5,1.5,1,2
AHXV3FDKYH4W4ZPX4QRLV6FHMRHA,3.6667,4.9167,1.25,3,12
AFNOR3VZ6EOET5OAOCI2EWDN5RRA,5.0,2.5714,-2.4286,2,7
AH56BKHRME5G72PJVADDNIFFHNIQ,5.0,1.0,-4.0,1,1
AE3IYCNVF6CBUHDGKT6HJGVNWIKQ,4.0,5.0,1.0,4,1
AGZJ2PZY5X3OS4EHAU47HG5IQRDQ,5.0,5.0,0.0,1,1
AHZAJAM5A5QJ5CLMR3XOQWI6WANA,2.0,2.0,0.0,2,1
AGDSG5D5BG3J7BAFGWCJFSCOVOLA,5.0,3.6667,-1.3333,1,3
AFRVEIQHL2SSBLDCVBJUJQQFSQ7A,1.0,5.0,4.0,1,2
AGSYFENO4CU3FPWNNDRLIBLDLR5Q,4.0,5.0,1.0,1,1
AHZ7VGLUQPVA6W6MF35YHFVZM34Q,5.0,4.3333,-0.6667,3,3
AGAJBIZBTINZ7ZVKXADS4RUIRAUA,2.0,3.625,1.625,3,8
AH7PQBOEVUAPOZDTLVEO2WJLVLFA,5.0,5.0,0.0,2,5
AGMPMDCQVAJJJ3SMXUL6S3KSZ7NA,4.75,4.6667,-0.0833,4,9
AE7YKS6ZHRX6L53O5JFFGFXPGIOA,5.0,4.0,-1.0,1,1
AF5FVBYS25ARUOZ35V7ARSLZQ5IQ,5.0,5.0,0.0,1,2
AGIVMVODP5ZGEE3TAPGHORHYMQPA,5.0,5.0,0.0,4,4
AE3WDPLF4WWJ3BFKHUAN5GQZKVMA,5.0,5.0,0.0,2,4
AH5C5QAGOSXYK7R2E2DGEI2FWUJQ,2.0,3.4286,1.4286,1,7
AFSKNKK36KO73WDJ2QBUZAJFYO3Q,3.0,5.0,2.0,2,3
AETZGYXT4HDFOSZBI6TUVMAIROVA,5.0,5.0,0.0,4,1
AFTNNW4ZLUYLOAS2EO7SNYG77NIQ,1.0,3.6667,2.6667,1,6
AH7A6MJUDNETJ3M65UF6QBC4QMNQ,5.0,4.8333,-0.1667,2,6
AEZI5V7QWHNPUQRWHLP6XZVJ3TIQ,5.0,5.0,0.0,3,2
AFGCHI5FBIVCY7TUYTNGJASBPTSA,5.0,5.0,0.0,2,6
AGPE7XH4CD6MTKHLRCHTZ3YCVXDQ,4.0,4.0,0.0,2,4
AFG3QES7H3QAJWWH6XU363JMERDQ,5.0,5.0,0.0,2,3
AH7CLF5P66YDPIJYOCEVAMJPJ6FA,5.0,5.0,0.0,1,2
AGABTZB2L56FCJIPFG3BSGXV3D7Q,2.0,1.0,-1.0,1,1
AGVWNBCCCUKMAAWZICFJDZMRVXZA,5.0,4.1111,-0.8889,1,9
AEUBIAN3SANVTIY43FYB2WJCHSFQ,3.0,5.0,2.0,2,3
AFHD5PESNWOQEYW6CBNROW6BLXFA,1.0,5.0,4.0,1,9
AEVYXGXUZ5IZMOB7PKTWQYBD74UQ,5.0,5.0,0.0,1,2
AEPDHO23F2OQJKETI6WEBL72CX4A,2.5,3.8,1.3,2,5
AH2R43KZR2AGUHTRL2SDAEKAHOFA,5.0,5.0,0.0,1,3
AEW7FDOG4OJCCKVC3IEDLNNXSBPA,3.4,4.0,0.6,5,4
AFLO3IP5W76UORGKRYN44HYWPI3Q,5.0,5.0,0.0,2,3
AHVTVFTA6L2QE6ER3JUTLGG5FUKQ,5.0,5.0,0.0,1,1
AHW3AMSQF2XHKH7GE6ZW2R4G5UEA,5.0,5.0,0.0,1,1
AGISNFRF2PHJYQELV6YQSJCDHSRQ,5.0,5.0,0.0,1,1
AFTJD2XAKA3JQZP6U7HMWSONKIZA,2.3333,5.0,2.6667,3,1
AFD7NLBXDUXOPWE74HBT2HBFHXJQ,5.0,4.0,-1.0,1,2
AGEYEA6CFM672SIGSPU4YYNSLN6A,1.0,3.3333,2.3333,1,3
AFOXDB3IX32V2LL4IPEGOTVFROUA,4.0,3.5,-0.5,2,2
AGS4RCQRY2UGHSGJDA73DEGJPWEA,2.0,4.0,2.0,1,1
AGYGPB5HY3RDX5ZE7NXC5FA4LGWA,5.0,5.0,0.0,1,2
AFCM4U7UWVQQKZQ2N4GBGAPWCTWA,5.0,5.0,0.0,3,1
AHABITGCIAKFWZKAMVXFRFQOCXKQ,5.0,3.25,-1.75,1,4
AELJ4EDTJ7DVUKPLXBBX4FA5XI6Q,3.5,5.0,1.5,2,1
AGZNDUV2IWY4WYSG35QTISHABQ6Q,5.0,5.0,0.0,2,1
AEUDBE7QS675FC37ZEF2TCSXSOGA,5.0,3.5,-1.5,1,2
AGWVFHAUPQFD6BWTEMNCHLIAHL2Q,5.0,2.25,-2.75,1,4
AGH3CWP6E4XJDQJCY4QDLU5MQJ6A,5.0,5.0,0.0,1,1
AFOLQJMOXRTIXNKBXNVIFZJRMKQQ,5.0,3.0,-2.0,2,2
AFCVMPCE5MAT4QFRWYQWXENIWG3Q,5.0,5.0,0.0,1,2
AFEEGQQ3QMZPZBG2Z6IC5MGUYAXQ,4.4,2.6667,-1.7333,5,3
AHJEBJZR3YVBMNR56XRF7R42XYDQ,4.0,3.5,-0.5,3,2
AG2FUGXZ527GV6CISHPU2XDUCGLQ,5.0,5.0,0.0,1,1
AHF2O2J3KHDW7BKXA2GJK5GLZNDA,5.0,5.0,0.0,2,1
AFXVQCX5N4ZWXW3L53ASGTV6ELCQ,5.0,2.75,-2.25,1,4
AFO5FAIGRPF3NVZNPTGMDXNYQOEA,5.0,2.0,-3.0,1,1
AERVZHRGU3IGBZV2WVLB42FWBYEA,5.0,5.0,0.0,1,1
AGVDCZGNRY2YSCUK7ZT6ZJSXRFOA,5.0,4.0,-1.0,7,1
AGCFWBWPX2CEA7O7CXZ5NTMFUWZA,3.5,5.0,1.5,2,1
AHXMABQ65VOLPFARNG5OUJWK2PLQ,4.0,5.0,1.0,4,2
AEP5SRX5T6XNA4ZDWKQASALTWYHA,3.0,5.0,2.0,1,1
AFQE7LN3M4PY7QWK4SJCYB5A6C2A,5.0,5.0,0.0,2,2
AHLEO4JS7LJQE75KGGWJXN37Q4AA,5.0,5.0,0.0,1,1
AHJOS3FBOSISGV2KPA3TGC7YCXEQ,5.0,4.3333,-0.6667,1,3
AHJXYVULPJ3KDOEMEMZCOLBX7CUQ,5.0,4.0,-1.0,1,4
AFDWGUBS2X4CDW42746XFIZZWKVQ,1.0,1.0,0.0,1,1
AHICCCFMG7LB5X6G57NEL5GDAQGA,1.0,3.5,2.5,1,2
AGCN23RDZGDU6KR5N2ZSNIHLBQGA,2.0,4.3333,2.3333,2,6
AHNQABKZS6UKV3V7YPFQ2Z25ZD2A,5.0,5.0,0.0,1,2
AHEJBY2FIGP4QLB4TNOG6OTWSIOA,3.0,5.0,2.0,2,1
AGITPM3UPXLVLAHGNT2BN6DWPDHQ,5.0,4.5,-0.5,2,6
AFTX2SMUTKNNDA2YX4F7RYASHTYA,4.0,5.0,1.0,2,2
AFMGUU4SFVBTLNVOPX4OJ6LPXS5Q,4.0,5.0,1.0,1,1
AECHK2I7MUDKNG4O7GCJXYI7EEAQ,5.0,4.0,-1.0,1,1
AE2UMCS2VUERFU7FFODJNURXZA7Q,1.0,2.5,1.5,2,2
AFVAXPC6YX5AAMA2QGOIMQPFX6XQ,4.2857,4.1667,-0.119,7,6
AH5KCXPFV53PPVGJHODGX5X4LQTA,5.0,3.0,-2.0,1,2
AGI2TOPB3NHFTLMDHLKTZVCS4FFQ,3.0,4.0,1.0,1,4
AHKTK5GMZ2DYZBTLKOAXYHTUJAFA,5.0,5.0,0.0,1,1
AFXNWI2XXTOPZYOI53VJUQNYR73Q,5.0,5.0,0.0,3,1
AGKM3LGO5HMJT54FMPF6QDQ4WIPQ,4.6667,2.3333,-2.3333,3,3
AG4KSVZUWGTNVGIADALOWDEEUYHA,5.0,3.0,-2.0,2,1
AEOB6JUV3GY6336IHW5Q4F5C345Q,5.0,5.0,0.0,3,2
AH32MYC5VG7L64AEFGTB4CMNSEUQ,3.0,4.0,1.0,1,1
AGOEQQ24WXKG4K6J2BYTXE7PJLIQ,5.0,3.0,-2.0,2,4
AE7WQD3NWDQJ63UNPCTAEHM554XQ,5.0,5.0,0.0,1,2
AFHWYJGO5PERZWD54S5PKMV5WWQA,1.0,2.3333,1.3333,1,3
AHPEHMFQHFNQWJVO5JPTB2QMPHIA,4.0,1.0,-3.0,1,1
AGMBBWUJ5ALD2I2T3S62EZJ6CGJA,1.0,1.0,0.0,3,3
AG4PGWYKGDLW5NF7LZQWZBCRDMIA,5.0,4.0,-1.0,1,4
AEWHEVJBUPU2XQWKEIFLJNV254CQ,5.0,4.2,-0.8,1,5
AF64V4QRCL5UNQRSQD2XGKK7RMPA,3.0,1.0,-2.0,2,1
AE4AKACEIARK6Q3LW56MERIHJYXQ,1.0,5.0,4.0,1,2
AGJTIKOFXJEAQO647WYURAVRY52A,5.0,5.0,0.0,2,7
AFS4D6A64YIH7SIRLLIZSABCP2OQ,5.0,5.0,0.0,1,2
AH2ADYLTS6JIZJUP3VKIMNU25XZQ,4.2,3.6667,-0.5333,5,3
AHYQ3IN7MCDZPBB7HV453YZWWD4A,1.0,5.0,4.0,1,1
AH3CQQUOKURTGH76ENOGQEL5BG7A,3.0,4.5,1.5,4,4
AGTE3RXIHKWVI63NIAFGRCLYYRNQ,5.0,4.4286,-0.5714,3,7
AGV56UATM5LC5X4M7VUGPHDNUKOQ,3.0,5.0,2.0,2,1
AHMBWR7Y4RXCE7ZH35JYQZMDNBXA,5.0,4.5,-0.5,1,8
AEOI4UXR3XEJBJDQRBHCMQCSHN4A,1.0,5.0,4.0,1,5
AHRIQZ344YRSMCLYZCPXZJCQYF3A,3.0,4.6667,1.6667,1,3
AF37NCFE64XERSVN6QRI6PWWH6UA,5.0,4.3636,-0.6364,1,11
AGRTUU5C4UD5TBWRNSY6NQ6XHQMQ,5.0,5.0,0.0,3,3
AFH3GTSPMMY6IXPOSEIGMT6VVJPA,1.0,2.0,1.0,1,1
AEYCLWZGYBUVIB4IKXCYVH4CIO3A,5.0,5.0,0.0,2,3
AFIQEMIVTN4WKDE7H7U6LYFT6LSA,1.0,5.0,4.0,1,2
AHTZJZQGFSQ54OEA67OFXDP2EFFA,5.0,5.0,0.0,1,1
AECBNUOILURRDO255HUPZVS5JXDA,5.0,4.4,-0.6,1,5
AF7QRDWP6ZMUUCLDXCKL5J6YQ7SQ,1.0,3.0,2.0,1,1
AHK2Z4U3OPD2JVUMCJEIGC6YJUJA,3.875,4.3333,0.4583,8,3
AEINCXGE4URIYHML3KERSL6PKGEQ,1.0,4.0,3.0,1,2
AHDZIRRXQTXAE3LGJY66OOMNJQSQ,4.5,3.0,-1.5,2,2
AFZJLOXKNHRHPH2UEUEEYXEGFSTQ,2.75,4.6667,1.9167,4,15
AEY7CD5I4VKK5T6C4D4C2ZDLFVFA,5.0,3.0,-2.0,1,4
AG4MULLIW5B5PITGAKRUBFBZYSVQ,5.0,5.0,0.0,1,6
AENWWECKDBMI7KW3ULWP26AMCHKA,5.0,4.0,-1.0,1,1
AEKXDOYHFLVAGETZLGB7PKEWLLZQ,5.0,5.0,0.0,1,1
AGJ3UPCVD2XES5B4IYEWSQ6YCATQ,2.5,2.0,-0.5,2,2
AHNQ57TVXFV74EUE7TJAUZ5USHAA,5.0,4.0,-1.0,1,1
AECB4Y6IL5KAGLSY3PMQT53YVDAA,5.0,2.5,-2.5,1,2
AFFHYVZ7DD5AAWHWDG7HCC32MM4Q,4.5,4.125,-0.375,4,8
AGSSIUUJGK27NHIEEZLY324QJCIA,5.0,5.0,0.0,1,1
AFVQPB6QXEMIPY4IMMXXNWI6KYCQ,4.6,3.4,-1.2,5,5
AEW44AIXBSTCN7GC26S3BUAJBDCQ,5.0,5.0,0.0,1,4
AFMAYKDI2ICSXQUYLPOMMHOJXDWA,5.0,4.0,-1.0,1,1
AFHG4NAKECIEANWGWCUR4EJLZ4JQ,5.0,5.0,0.0,1,2
AFZQTFFG4JJVN7DAUWQYH7D2OEIA,4.0,4.8,0.8,1,5
AELOGNSYTMFX4NSHT2MQ7RZRUPJQ,5.0,5.0,0.0,1,2
AGD7ASV6RABVMN2XVNXUKBE66N2Q,5.0,5.0,0.0,1,1
AGC7ORHF7YJRUTFPZHGJEPNESXRQ,4.4,5.0,0.6,5,3
AG3CNUHOSX3PBX2TK5FI333LFBWQ,1.0,3.0,2.0,2,1
AG3VFBXSRRKKVRMRWTFDR4MQQ65A,5.0,4.0,-1.0,1,2
AGIZJRLHPXDZ2LFG63HFXXAW7LJA,5.0,3.875,-1.125,1,8
AGTLTDWMDRQL5UOCMRTX6FJXT7CA,5.0,3.5,-1.5,2,2
AG7IHCHZZKSST3TX6EOUSPPC3DCA,5.0,2.0,-3.0,1,1
AH2R2OQZART6T7H57JDAREEZ2KPA,5.0,4.0,-1.0,1,4
AG72IHCPTRXOO2XNQJOBPOKTUZBQ,2.0,4.0,2.0,1,1
AHMBBS5QQMWQBNIPN3Z2YDJOYIFQ,5.0,5.0,0.0,1,1
AHSIZ3CVZ3JOTELJHHB6YPI337WA,5.0,5.0,0.0,2,1
AEXW4P5HB5YIXIQQQOYNJJUFH2DQ,5.0,5.0,0.0,1,5
AHVXOPUYFGGM2VHOPPR33SQBSBAQ,5.0,3.0,-2.0,1,1
AHIUPKSSWYUGCOLIROS7GJM3YH7A,5.0,5.0,0.0,1,2
AGBBX6I6WRKMCJVNDAC3X2FPDLDA,5.0,1.0,-4.0,3,1
AFXA4NYCCW4OZWKWKIQDBDNASFHQ,5.0,5.0,0.0,1,2
AFGF42GBWTCKRZ5L3AO3OEWJMW5Q,5.0,1.5,-3.5,1,2
AH26622I7K4QCZ5UQJAFKCIJ3TMA,5.0,1.0,-4.0,1,1
AH2QUWMUEVGQ4NNXNQV6O34DGLVQ,4.6364,4.7778,0.1414,11,18
AH4U2JUOBWNAEATXGS2B4W5Y6GYQ,1.0,5.0,4.0,2,2
AF2WQXZCM5T6MKQIFK2AEGNSWO4Q,1.0,2.0,1.0,1,2
AHTZVR75QPWZIEBVVOVELPI3POBA,5.0,4.3333,-0.6667,1,6
AEP477ZZVBH2LGBFCBLXAEZBIT6A,1.0,5.0,4.0,1,1
AH4XSHETP5EOH4UC25SU7Y5EQ6GQ,5.0,5.0,0.0,1,1
AHA3X5HIVH3FUWW3QPPUS5QT5HDQ,5.0,3.25,-1.75,2,4
AFVBWYDRY4XAA2XGTFQMSNGWXIYA,5.0,4.5,-0.5,2,10
AETZSO6OQL4APLSKUZVKJN735BYQ,1.0,5.0,4.0,2,1
AFAKTXCI2A37PD7VN3EJBZBUYOHA,5.0,4.3333,-0.6667,1,3
AECLR4P7LKUAJDWGLNBXGEFCFJ6A,5.0,5.0,0.0,1,1
AFV6XBAMMYYISGK65FNUXMZ3WEQA,5.0,1.0,-4.0,2,1
AHBHAGDJN5YXSUXVX6POPZCI4FVA,5.0,5.0,0.0,2,4
AGWU2Z64K5QMZ5OYOL7RYH6M5PRA,5.0,5.0,0.0,1,5
AETODIO3DLDR5SOIGGHXAZWMZFQQ,5.0,5.0,0.0,1,1
AETWTNI75REA3JVFNFVG23KBGTZQ,2.0,5.0,3.0,1,1
AGFF77JVZETKDJ6RSX75HPSD2G7Q,3.6667,3.5,-0.1667,3,2
AHU3OKRJU3PWUWSLP23GVUFDTXPA,5.0,5.0,0.0,2,3
AH57B6SHPH3Z576FWP2JOTU5MEPA,1.0,3.0,2.0,1,2
AEWHHYOVZRVODWUGRFT2MXC7UBMA,5.0,5.0,0.0,1,3
AF6VEDCQEMEGUX6PCQWUBIUXY6TQ,5.0,5.0,0.0,4,1
AFO7GNXKQQRIO4ULUXB2B3K76YMQ,1.0,3.0,2.0,1,1
AEFCOOTLNVGKCC7U2NLFXW5CHRWA,3.6667,3.75,0.0833,3,4
AETLV3ZMWPB5QX5X255H77W7Q5IA,1.0,1.0,0.0,1,1
AELV6BFEBIWUJTY3PHMHHP4SMVYQ,1.0,5.0,4.0,1,2
AHUNZ575DH2F53RE5VMWIUJDBLFQ,5.0,5.0,0.0,3,7
AEPLYPFKFBMTPNZRCRSW2WGT7JJA,5.0,3.6667,-1.3333,1,3
AFZVO7GBZSCOXRZDE3P5TBWCZJFQ,1.5,5.0,3.5,2,1
AGGQU3DA76OVTHPPRUQFBKVMP3NA,5.0,5.0,0.0,1,8
AEGDUIIQ6ABCNYVWHM7XDSCTO37Q,5.0,4.8571,-0.1429,3,7
AHLGB7WBHNLHOICPWLOLVVRFFGAQ,3.0,2.0,-1.0,4,3
AHFUOKCBWRPJXWWCI6YW4VCREJJQ,1.0,5.0,4.0,1,1
AGBHVPX2DDTLJTNMXN7T6F7MRHZQ,4.6667,5.0,0.3333,3,1
AFT2LUGXELRLMOC3DUGKVSHC7QVA,3.0,5.0,2.0,1,6
AGLGGWQ5OJH6FYJIVQPF5FHRJXIA,1.0,1.0,0.0,1,1
AFNGYTVMJOEZGMXBNQ3M2US6C25A,5.0,4.8,-0.2,1,5
AEPEME7FYG35UUFTQME277KYE4IQ,5.0,4.6,-0.4,1,5
AFIUMNYRNS6ON6Z2X6BBJFYHHJZA,5.0,5.0,0.0,1,1
AFPJXMVNFQ57M7CAHCJ37ORHQXIQ,5.0,5.0,0.0,3,1
AFUVPV7ERE4BVZAGAUBC7ES7HCIA,5.0,5.0,0.0,1,1
AETJDV43MEWC3SEB7DGWTJSPWHYA,5.0,3.0,-2.0,2,2
AFACOX7NIOTXGH6X2UR2DK5P4MHQ,5.0,1.0,-4.0,3,1
AFJ53427YM3CP2YRGQURZNQB4AMQ,5.0,5.0,0.0,13,3
AEBFSWFLC53SLCC57OKVLY4IRROA,3.0,5.0,2.0,1,2
AFNAH4ZQPTR5NADYYSTCS4UCH2BA,5.0,4.0,-1.0,1,1
AF6URGJWOSXGM52HKL2R4WSWMFWA,5.0,1.0,-4.0,1,1
AFLK3GGFAHKPXCBAM6TBWER3UYFA,5.0,5.0,0.0,1,1
AESBCAKJJGDLFYSHWPOI3YFRWZPQ,4.8571,4.3333,-0.5238,7,3
AEN757OE2EALGS3HITMZOFZN4G6A,5.0,5.0,0.0,1,1
AEVEOVFDAIS2XXFRIMYYUFNGDLWA,5.0,5.0,0.0,1,3
AHVUTJPVW2CIOGBHPDVXU6QDS4QQ,1.0,2.6429,1.6429,1,14
AFGPTSLK6XIED4USBTRR4JXSRG5A,5.0,5.0,0.0,3,1
AEF66D4K4ESUD2CDCARP7MASRJDA,4.8,4.0,-0.8,5,5
AEC2MNIXPPLEKDMIT6XCLDRQHEQQ,3.0,3.5,0.5,2,4
AEZWX3KWKK6P5CWQ2FZCJKFEVKSQ,3.0,4.25,1.25,1,4
AHBQU6LSO2KGYJONLCG5GCCYU7PA,1.0,4.25,3.25,2,4
AEFQOMDPM4KN3HDDBZ6PWKASYIEA,5.0,4.4,-0.6,1,5
AGYXGNML4X2OZ5ROGRPPIL2DHYYA,5.0,5.0,0.0,2,2
AHPFR642U63BQEEJLM2EL6JFN4OQ,5.0,5.0,0.0,1,3
AHD4G5C4RSACOQJDTBQ6CB63K3RQ,2.5,3.0,0.5,2,1
AE6O43AZYYE2ZZZGEWTSTCECN6KQ,1.0,5.0,4.0,1,1
AH4DVHUQ5UB6RH45BJOXHTEFQGNA,3.0,5.0,2.0,1,2
AEGUIACJSCB5QCFTT3MDLQY4SMUA,5.0,5.0,0.0,1,1
AENXE7TZLRAQYMZ2W5U3XANDYAYQ,5.0,3.5,-1.5,2,2
AGTE36YQBO3RQOFARWQAJEIYIR5Q,4.7273,5.0,0.2727,11,1
AFHRIIHGIRO6Z457A4F34H4WQNJQ,5.0,5.0,0.0,1,3
AG7U3WGPLYOLK5X3GO7M2XWGOEFQ,1.0,2.0,1.0,1,2
AHLDPDSUS7LPCC2F4MX56BUXMJUA,1.0,3.1111,2.1111,1,9
AGLY2O3IWXIAVBG3JODHPYTOO4HQ,2.0,4.8333,2.8333,1,6
AFZBRS6WKBPLDFDAYIQZVEX7LBSA,5.0,4.4444,-0.5556,1,9
AHD7XZRFMIAFLNNA2HFPZQHLNLWQ,5.0,5.0,0.0,1,1
AEKAUWWQ2HQFCZWUS4DVTE6SG4YA,5.0,4.2,-0.8,4,5
AHKJU4COQF7664UVZTUPITFMH5UQ,5.0,3.0,-2.0,1,1
AHOIWSAL3P3YS4V2JNYHH2RETNPQ,3.6667,5.0,1.3333,3,2
AFIKXZX4GDXP4VIM5IE5M6RA6W6Q,5.0,4.0,-1.0,1,2
AGEMP4FVB2XNRA63RHWMDET3YKJA,5.0,4.375,-0.625,4,8
AHVDA66TQS2KXL4HDYMSFXFJKCAA,5.0,5.0,0.0,2,7
AEZPJH5RDH3DZP7IV2KELB3EKWWA,3.0,4.0,1.0,2,1
AEHXG3NXEZ64EYW5DJVC36AAZ2VA,5.0,3.6667,-1.3333,1,3
AGEIYQMXXMUJCEKIHARLUFK3C4XQ,1.5,4.625,3.125,2,8
AHBKZE57D5C34NTW3UZMOOX4OHTA,5.0,4.8,-0.2,2,10
AGKZWLPUDB6UJLAEDTBLOD2Y6BKQ,5.0,5.0,0.0,3,1
AEIL3DUVNZIJTEDJSJU5WXMIZJKQ,5.0,5.0,0.0,1,1
AE7A4AJRE4ECJHI4EKCVCUWIAN5Q,4.3333,5.0,0.6667,3,2
AGRNT65SLPMR3YFHE645ZXVIRDLA,5.0,5.0,0.0,1,1
AGODQ56U6KEDSDBZHAVZYBAUZDYA,5.0,4.6667,-0.3333,1,9
AFFNWP2TQ3P3NMX4HGYL3UUSIQEA,4.0,3.0,-1.0,3,3
AGD6HOYWUMUTIAEEWOLFOBL5C6QA,5.0,1.6667,-3.3333,1,3
AG7EM5EVONPLUGGUG4BJHHWQ4D7A,3.0,1.3333,-1.6667,1,3
AES56AWXVHMYCRCLAN2UNBXV32LQ,3.0,3.6667,0.6667,1,3
AE3VR3HNKMYLP7LSM26A5OHC5LYQ,4.5,5.0,0.5,2,2
AHKSAZQZDGRGPJMVUOSJPNR2X7KA,1.0,3.75,2.75,4,8
AEX34NDYCMSSVGANFCHMCLLACLIA,3.6667,3.4545,-0.2121,3,11
AGDHR2IY5EVEFYBKDDIDGQIEECMA,5.0,4.5,-0.5,1,2
AFP24V2WNEJZNJO5TWYU2QQGR3HQ,2.0,3.125,1.125,2,8
AG7XLVXLGCLMH5CPZVJZ5LCAGQFQ,4.0,3.0,-1.0,1,1
AGX4Y6Q4YXDNAN7AM4XAQMPDOTFA,3.0,4.0,1.0,1,2
AEFQAURLNDVY7EOU4AWEPJSTVAQA,5.0,2.0,-3.0,1,1
AHBDXPNHNYJACQCBHEFGGM7SS6JA,5.0,4.3333,-0.6667,1,3
AE6CDXSJJ2ZNHCB6HEMVH5MQSFBA,2.0,5.0,3.0,1,3
AF3YAKCVMO7BNIV4S7QBQWL2JM3Q,5.0,4.8,-0.2,1,5
AGTSDOERKOZBK7VARTAV4MW6LLGQ,5.0,4.6,-0.4,2,5
AF5D6BI5TIIPTME2QJP5U6CGXDYA,4.0,5.0,1.0,1,2
AHXKBTT62ZUNU3U4PHG4LEJ37JVQ,5.0,3.0,-2.0,2,1
AGNQRQRBN7CUIRDTD3O7XMJOQR4A,4.0,4.0,0.0,3,2
AE6JXYZHIRMNA4XDKNYRZFHFD42Q,5.0,5.0,0.0,1,2
AGGTGCHD325ENISRXITCASZTURDA,3.0,4.6667,1.6667,2,3
AG5SZJDRVOBM4L3BTDEVQNKAYGBQ,5.0,5.0,0.0,1,1
AE3WUTLRPV2EST3WFW4K42ZZ5MOA,1.0,3.0,2.0,2,2
AEVD5VUTYBOAWTKDA2H4EREOLBOQ,5.0,5.0,0.0,1,3
AEFZ36A2RK4A4APHDRGEBNSJYASQ,5.0,5.0,0.0,2,2
AFSBRXZUBGHI5GPLXIG6AF7GZ3LQ,5.0,1.0,-4.0,1,1
AFMHY4R72DCNK4CNSIVFOYRWE2QA,5.0,5.0,0.0,1,4
AEIAXCQSAEH3CXGQTAASD7JJRDVQ,5.0,5.0,0.0,1,1
AGUMV56R2XY7XOOCM7U2CPKARADQ,4.6667,4.0,-0.6667,3,1
AEHA2OLXESFC5Z2WKGR7UT2N3NIQ,5.0,3.7143,-1.2857,1,7
AFSTRA6INK36POQLHI7W4DYDEOIA,5.0,5.0,0.0,2,1
AFSJYSMAFN5AMMAQHU5DZ5MCSUGA,5.0,5.0,0.0,1,2
AENDVIKWGP6QSTPWVBMDX6SMWKLA,4.5,5.0,0.5,2,1
AGJOZDABIG7BIACG6TSDEPLP4W6A,5.0,3.5,-1.5,1,2
AHRXNJAY6ZEH37HFGSI5C5RSXMPQ,1.0,5.0,4.0,1,1
AGK3HSASP2HNNWODEPEXEYBVW7HA,5.0,5.0,0.0,1,1
AHQP3NNOKL3M44DDTFQPZFNLSDBA,5.0,4.0,-1.0,2,2
AET6QK2F6Z3YOW3AMJW4BYKJKEUA,5.0,5.0,0.0,1,1
AH4IAL2B3BSFCH37ZZQATNSISVMQ,5.0,4.0,-1.0,2,1
AEIIHYEA6LNXRUZELMZMJMMKDNFA,1.0,2.0,1.0,2,2
AGWRKC57A6LPH6YKKVUWPLVKJ7LA,5.0,5.0,0.0,2,1
AGSNG7RFJPUFJQMMWX5CPSSCQ5RQ,5.0,3.625,-1.375,2,8
AHR77EJMGPVH3CQWBBUQQR67IEYA,3.625,3.6897,0.0647,8,29
AEQVKKP6LTX7LMU2UQLCZ7FWOHEQ,4.0,4.0,0.0,3,2
AHXUC2HMN6D34N45BOPWDJ3SP34Q,5.0,5.0,0.0,1,2
AHA6BRHIYVA6WBN2YDUGRIJSDJMA,1.0,4.25,3.25,1,8
AF7HZNOTDPVQMW3TO5S4UP432VXA,3.0,4.7778,1.7778,2,9
AE2PRUW5LCDDVOQ24DHCWK2WSBHQ,5.0,3.8571,-1.1429,1,7
AFJXMN2SNYNNNAMINLJ4PZ44GFLQ,5.0,5.0,0.0,1,1
AG2ZAHGTA62R23YAV5Z2FL2XVPIA,5.0,1.0,-4.0,1,1
AHGNUFPOPEYYNJLA264OYC2ED2GQ,5.0,4.2,-0.8,5,5
AH6P6CVTEHRMVGW5UIVT55CCYZQA,5.0,4.5,-0.5,7,16
AG4AKSIA2DNVH4BQBCIGIK4KAHZA,5.0,5.0,0.0,1,3
AGYN6Z634JF5IBAND7N7Z7JZDLVA,5.0,2.0,-3.0,1,2
AEDI45MUBU3LULZVVMGTSVCUG3IQ,4.5,2.2,-2.3,2,5
AFZQUJE3SV4MZO7ZALLZFTLYPIDA,4.5,3.6,-0.9,2,5
AHOPTATIVSMTCNUUIH6SGMMYUR7Q,5.0,1.0,-4.0,1,1
AGIWJ4XQIPRZNVPDMP4VQ4CORSPQ,1.0,1.0,0.0,1,1
AHNJZBUHRQIH43EDGFFQEZWJND7Q,5.0,3.6667,-1.3333,5,3
AE6SJD763NRTO3GETBOEYUBKWCHQ,3.0,1.0,-2.0,2,3
AE4BMLMPDD25BB2UYQTMMVKGJPWQ,3.5,3.4,-0.1,2,5
AELTIYFRHYJIFS32YWUVCCQ4GU6Q,4.6667,5.0,0.3333,3,1
AELH666C6NQTPC74COYSWZ4OLGGA,4.5,3.0909,-1.4091,2,11
AGQFWNTPR2EO7QNTENGUQYYWSGNQ,3.3333,2.0,-1.3333,3,1
AHT32XSVGRWBPKFBS747TZGS5Y4A,2.0,5.0,3.0,1,1
AG5QDPDPV45OFPJT43N2LPA7ZIGQ,5.0,4.0,-1.0,1,1
AE56CJPY3H7UX5PDPT6HTO5TPRMA,3.0,5.0,2.0,2,3
AHKKI42RDKPBAMZ6K3PIN43ILOYA,5.0,3.0,-2.0,1,1
AFASHGH7DWWKNQQTBXMOU2THWMBQ,5.0,5.0,0.0,1,2
AFLMJVICGZ3YKLDEA2ISKB43BA2Q,5.0,4.5,-0.5,1,4
AEOZJVQXW4KIEM327Z3U7GPHT4WQ,5.0,4.3333,-0.6667,1,6
AEOVRC75WNQRASAOMO7ND7T7WNCA,5.0,5.0,0.0,1,1
AHIW2ZR7362JNKY4BD3G7AC4ZY2A,4.0,5.0,1.0,1,1
AEI27BWPV52YK4SVVOYT2CJFG7TQ,5.0,5.0,0.0,1,3
AGS7QHAI3JE3XR54B2DNRF2V4EVQ,5.0,3.0,-2.0,1,1
AG7NYMYTRTFS33O4K43YAYYCFEPA,5.0,4.4667,-0.5333,1,15
AHEXJKBGEEW6VFNY6O2XOEDWWYJA,5.0,3.4,-1.6,1,5
AHMU6GRKUS5R6SYIJFN2KUX7IB4Q,4.0,3.6,-0.4,4,10
AE7PG22PUGXZBSDP34OCJHIZFOOQ,3.0,5.0,2.0,1,1
AEWFRU73YGQAX5KO3WUHY3M4YDEQ,5.0,1.0,-4.0,1,4
AHREFDSUEMOWM7UBYGQQTA3TFBIQ,5.0,4.0,-1.0,1,1
AGLG472JASRUQFIKH6X5D7UASFEA,1.0,5.0,4.0,1,1
AE4AOMQVM2EMSTJY3M45BQ2YAYKQ,2.0,3.0,1.0,2,2
AGSJVI5VPISLT3QVOFULWVQ7QHLQ,4.25,5.0,0.75,4,4
AHMDAES7HX5XSKMJ23BOGW3TODEA,4.625,4.5,-0.125,8,2
AEXKIZEDPBZHU63CIP3UHH2GOBOA,5.0,4.0,-1.0,1,2
AF6NSY5MUWVFZOOCYE2UHWG353WA,5.0,5.0,0.0,1,2
AGP6FUJWY6QP6S7MZGZJXO63P6BQ,5.0,4.8,-0.2,2,5
AGLPWM56XN5EWUPUBHR7E6F5U3VA,5.0,4.3333,-0.6667,1,3
AEAH3NBBM5JWYIOMHAULXX7CEVYQ,3.0,4.1667,1.1667,2,6
AHYC3ZYEWV6MMZLC6UKUFLFALUXA,4.6667,5.0,0.3333,6,19
AHWVTWIRDUGO37RYTFXGT4CRVJ5A,2.25,4.5294,2.2794,4,17
AF6GJSEUIQROAOPRCJHMAGT3COMQ,5.0,4.6667,-0.3333,1,6
AHBINJYA45NP26IIUGZEVVYWSM2Q,5.0,4.3333,-0.6667,1,3
AGEG54OW6V7R5JMPURFNAHOFHDIA,5.0,5.0,0.0,1,1
AGN4ECR4UE46CDJ457WGPOQPOCXA,1.0,1.5,0.5,1,2
AEG7Y4REL2HB367NIXVQV3VMD4CA,2.0,5.0,3.0,1,1
AGWG4PNBYBAGJ3O2ZPMNWMVL7F5A,1.0,3.5,2.5,1,2
AHXMHOBFHWURI24CZ3GKZRKD6CAA,4.1111,3.5556,-0.5556,9,18
AG4W5DZ4JPRCKUD5ZL7PVU2MKUAA,4.3333,2.0,-2.3333,9,1
AEPGJKIAWEUQUF67IOUPYIBDYNFA,5.0,5.0,0.0,1,1
AG7S4BEHZ4FNDP2MXHRE7CNQEGFA,4.0,4.1111,0.1111,1,9
AH4V5OYRLLPKSXSEMYQUZR5NA72Q,5.0,4.8,-0.2,1,5
AGE4OEUTOLLLTQ2B6FMZ445KQVMA,5.0,4.1429,-0.8571,1,7
AHUQO4ARUD72DMPEJ7PMQOFLSDBA,3.0,3.6667,0.6667,2,3
AFILCXIQIKMIXQ3DHKTFIOI62ZYQ,5.0,5.0,0.0,1,8
AGINKCUZSO5XNYNOJMMQV7CUHWPQ,2.5,4.0,1.5,2,1
AHO7265QZGKPRY4ORTWUX2553ZFQ,4.4,4.7778,0.3778,5,9
AH5KCJ5GQB42NB6EU4BOG3IHZKOQ,5.0,5.0,0.0,1,2
AEXTB7EE5VDAB4HN5DSRNKDRYFMA,4.3333,5.0,0.6667,3,5
AHOGFX5D56WGU6USBC5CX4PAT36A,3.5,3.4,-0.1,2,5
AFGVWETT6M3HNITVGFZJ5XJKOKWA,1.0,5.0,4.0,1,1
AEBMEEW6D6STCOAKFJMQ6RQ7PLMQ,5.0,5.0,0.0,1,1
AHLHACPK3JVEH6DCVSDZ4P3SXAEA,4.3333,3.8571,-0.4762,6,7
AGHQUBD24CN2B2ZENW3FRIJRSF2Q,4.6,4.0,-0.6,10,8
AGE7RIW5NWEHHGJ4QVPVWDRE3M2A,4.5,5.0,0.5,2,1
AHP43DQQYDAPTXBE5BW2EDRHKU5Q,5.0,1.0,-4.0,1,1
AEJSOFGAJGK6AQ6WY27YEPJBQ2IA,5.0,4.4375,-0.5625,6,16
AHOMS3BBAWCUYWF2ZGZGO3POEX4Q,5.0,1.0,-4.0,1,1
AHELINRU7Q3TIGNA22QBFVE7NZGA,5.0,5.0,0.0,1,1
AG73YDTKWEBVBVKO56IRJ7NNVHOQ,5.0,4.0,-1.0,1,1
AGEGNCOJYSFH3PWU3CVH26IY5IUA,5.0,3.0,-2.0,1,2
AETYMF653NHY2IHRQPNROS3BLTGQ,3.0,2.0,-1.0,2,1
AFJBKMI6XEXLWBJR6O6RZJYXMD7Q,5.0,1.0,-4.0,1,1
AFZ2D7LYZUUA3NPKOKPEHRLH7U4Q,4.0,5.0,1.0,1,3
AHLE7ZJ7HVLY473SQHAEZ77ZNU3Q,3.4,2.0,-1.4,5,3
AHNWXXQDDTUZDGVP5MYL7BKLEP3A,3.0,3.5,0.5,4,2
AENDOMZYXACEI5IN76OPN3E45JYQ,3.0,3.4,0.4,1,5
AEIB7HHYTWAJXGIYIY2PORYT7AWQ,3.1667,3.1429,-0.0238,6,7
AFUCCSYYBGIYO33OEXFXKMV4MIFA,5.0,4.4,-0.6,1,5
AEUSG6FWB6FDFHPRSPUSANIOX3JQ,1.0,5.0,4.0,1,1
AEUGVYZRCRMSYZ5BPYE4UDSWW2PQ,5.0,5.0,0.0,2,2
AEQBGJADQZUWRBBXJ7UHPHUELANQ,5.0,5.0,0.0,2,2
AEP25OVGSHT7LVYA4DCB3L5GMSIQ,1.0,4.5,3.5,2,4
AH5VMS5UZKHLMTCYYKGBB426HWDA,2.0,3.1667,1.1667,1,6
AFJ4UXMFOEHJF6BBCHXEYLH3BHJA,5.0,4.0,-1.0,1,2
AGKNTBTS6F6ZSDTZMQBIN65SFY7A,5.0,4.0,-1.0,1,1
AFDDKYGYC25WKJFGUPUMAGBBNKAA,5.0,4.7778,-0.2222,3,9
AG36JKE2IN3NITNZFWHEWNRJYATQ,1.0,3.6667,2.6667,1,3
AHNTOBBNUXMWLD2CLK6O2JJTJAHA,5.0,3.0,-2.0,1,1
AGW4SZMX5KVT5QNPNNFV4HKEKCKQ,5.0,5.0,0.0,1,1
AH6PNXQNXEJXWUZWSPF3DNTETFTQ,3.0,4.5,1.5,2,2
AH5F3YB53BNIMUTGPGD55LIVXEDQ,5.0,5.0,0.0,1,3
AG66OHCWB67XOK4L2IOHX6BRPNYQ,2.0,3.5,1.5,1,6
AHH5TUNN5V5EK44X6SOT2DN2E4KA,3.9091,3.7778,-0.1313,11,9
AFM5HLXV4U2ZFCAEPXCXDDEQUPPA,5.0,4.25,-0.75,1,4
AF5O7XOFURYVK347SYRCT54PHJIQ,1.0,2.1667,1.1667,1,6
AHYSFDVONOYYKWHPL5WTSRZHGTWQ,5.0,4.6,-0.4,2,5
AHJLWQNP7L5DPYSEXVCQTJ7BOTFQ,5.0,1.0,-4.0,1,1
AEJGK6UNIL3UZLGCM34D6MY7WC6Q,1.0,3.0,2.0,1,3
AHSX24YWMZAFUWJBHB3FW3XWIKKQ,3.6667,4.6667,1.0,3,6
AELJFU4UDYFPKQLBEDCGGBQER44Q,1.0,3.6667,2.6667,1,3
AGT4BBUZEJNP637GSD5V36GUAT2Q,1.0,2.5,1.5,2,8
AFOMCPMW6LLAXNRI6BWZQWWT3IBA,5.0,5.0,0.0,3,2
AHFC5RNQJM7UKRHMPKK4YLDXYAZQ,5.0,4.5,-0.5,1,8
AGB2IL3CDGRY3LEK3SZKWPXKA4KA,5.0,5.0,0.0,1,2
AG3DUFBBG42NHEVGP7ZBURT34T7Q,5.0,4.0,-1.0,1,4
AEN4BHCI344QNRVDRYBSPOA4HG5A,5.0,5.0,0.0,1,1
AFBNL3WSNBWYFADVKW24BQ2Y42RQ,5.0,5.0,0.0,1,1
AGBKM5ZVA2JHNE3KFUL3WFT5FNNQ,5.0,5.0,0.0,3,1
AHIFLC6ZLFYO7QV7CHQGHZ4GX4YA,4.0,3.0,-1.0,1,1
AFSJ5ZE37EUO27ZTMPHLXIYKMYAQ,5.0,5.0,0.0,3,9
AFYT5F7Q7RIEPEGT5JTUUWTAEAUQ,5.0,5.0,0.0,1,2
AGW7J2YLE2BXGPLGJXVCXG2XTIYA,4.5,5.0,0.5,2,1
AHJ7IS7B3UZAYXFP2LLE66PSMOCQ,3.5,5.0,1.5,2,3
AFKEQPDW3YHDMOJRTJEHK6A5UANA,5.0,4.8571,-0.1429,1,7
AHLHCHTYIVB7WYQCKF5MGWSLIP7A,5.0,5.0,0.0,1,3
AH2LK22OIUXD57KRV3CL7IN6DBIQ,5.0,3.6667,-1.3333,1,3
AHSJCT5QHMERK4Q77LJDUUH7JXXQ,5.0,4.0,-1.0,1,3
AHBM3B3UGYFDXU757WO5NCFFBUQA,5.0,5.0,0.0,1,3
AEEZJP6H7DO6X5OKUMKUGUH7UP3A,5.0,5.0,0.0,1,1
AF74BQFHGMPOU3AWJHURLHQNFBTQ,3.25,4.7333,1.4833,4,15
AHFPS3PBNOUK7XXALTOZJZS73K2Q,5.0,4.6667,-0.3333,5,12
AEENATQK2VT7LPCYQ7VFP5EN7NYA,5.0,5.0,0.0,1,2
AGK427XK2SPJLCV6VTBLWTDKVP3Q,1.0,5.0,4.0,1,5
AHA42DDSO6HMRDP3IZN6NKRLWSQA,5.0,3.0,-2.0,2,2
AGEQ5PIHLC7OXPGC7DFCWYVMBGYA,5.0,3.0,-2.0,1,2
AHRQYNCQMLZR7HGVZG7R3H7R6L4A,1.0,5.0,4.0,2,2
AHC5PP6QXBXX3UKOR7XOCAVULJKQ,1.75,5.0,3.25,4,1
AESSXZX2L5VKGDVJZBUQZPLC6MQA,5.0,5.0,0.0,1,1
AHED46UNR7AHFQIEQCFNPCXSLPYQ,3.0,4.0,1.0,1,4
AGMEKHCVUG2Y5JWBYOWGCDO24BMA,5.0,4.2727,-0.7273,1,11
AHX4Z42LZSZ4XHSSHRHVMMIFYWKA,1.0,1.0,0.0,1,1
AHVT4HJVZKONARBLJBT35AAPV7KA,5.0,5.0,0.0,1,3
AGLYVK4RV2MI3FG73UGUDER4KQLQ,3.0,4.1818,1.1818,4,11
AGN7M3XVZOF5VCAYYCXC3EELC6FQ,5.0,3.5,-1.5,1,2
AHD224Z6SNWOGSCLRNP7Y3QWZACA,5.0,3.0,-2.0,2,1
AGDLYCC646JLZLAKTNQNQGLH5OUQ,4.3333,3.0,-1.3333,3,3
AFLGTVNAODKBZJS2YK5N6HJZ5EPA,5.0,5.0,0.0,1,1
AHMCEOXQC72WOKHFEKYXH4PG67SA,5.0,5.0,0.0,1,4
AF27WXU4VQJBDN2ME6WRBXCIASPQ,1.0,3.0,2.0,1,4
AFIJOTOFBVVLIDHNRBZ4DRNBWFBQ,1.0,5.0,4.0,1,1
AETH74PM5BAQP2WFDIRL2DEL3ZFA,4.0,3.0,-1.0,1,2
AFQZ7WMXYGD7XM2JT45KNGJG56TA,3.0,5.0,2.0,2,5
AGFVINV3UD7OSAXC3KJ55EDFOUOA,1.0,5.0,4.0,1,1
AELVF2PG3FRFWORXFXW3SA54W64A,5.0,5.0,0.0,2,4
AEBCYNETD3XYK2KW2NLX2DK27BQA,3.0,1.0,-2.0,1,1
AGD6MZLMMUCMA3PCSNCSD27QOYSQ,4.5,5.0,0.5,2,1
AGFINK2EBBMQVHALD74EYN7UVVHA,2.0,1.0,-1.0,2,1
AGPKZDAHAWKD5ZKQR56PETZZX2NA,5.0,5.0,0.0,4,2
AGFND257ANWJK4RPAVQTU5PJVUVA,5.0,5.0,0.0,1,1
AGXZOQSVVAFURVWPB62OXUIHWYVA,4.0,5.0,1.0,4,1
AFSK335CGSLAXKIX4QX6EBA5EWTQ,1.0,3.6667,2.6667,1,3
AHEFUX734CFOGR6JPOFG23QZ2BWQ,5.0,1.75,-3.25,1,8
AGAEXKFH4MXB53R7IP3W64YA3UYA,4.0,5.0,1.0,1,3
AGDV42RLCPDCS5JKRTIW3EATBQSQ,5.0,4.5,-0.5,4,6
AFPVP5HCOGPAXN2E2DYFZDBNUWLQ,5.0,4.3333,-0.6667,4,6
AF4EMQAWCWW6XMGNNO3R3LVRMPDA,5.0,4.7273,-0.2727,3,11
AGHNOIF6VFPCXDYP46653VYBYDMA,4.0,4.2,0.2,5,15
AHWSNSRYP3WKLZBVWQJD67SZA2NA,5.0,5.0,0.0,1,4
AEBLZUDZKBCGEJODXFZ23YENWNEA,5.0,5.0,0.0,1,3
AHQT3LU36AYCK7VOVWA5T2UQPXNQ,5.0,4.75,-0.25,3,8
AGN7GN3ZZZNN5Y4GE5BNT4CZZYQA,4.0,4.0,0.0,1,2
AEYSMF4V2N7B22PFO6Y5JBBRQ4OA,4.6667,2.4,-2.2667,3,5
AFP22N6A7AB4IYB5HIYCLQ3IP7PA,1.0,5.0,4.0,1,1
AFA7I27K6KWC6L5HYO67FXTMHC4A,5.0,4.4,-0.6,1,5
AHIMPTEOXDMWCXYHXWYJBPQWAONQ,5.0,5.0,0.0,1,1
AFQMRQHBINSV5DZ76RM3WQYULMZQ,2.0,2.0,0.0,1,1
AHIV4SU6E6IY5KUDH5STVWTRBXOQ,5.0,4.6667,-0.3333,1,3
AF2V3ZHHWBTBAZ2TRJM6SQBKMUTA,4.0,5.0,1.0,1,1
AEA44Y7GNWFIM5LZP4PDVYHDP5JQ,5.0,5.0,0.0,1,2
AFWOCAO5NAR2TQWSUAB6F4WPDXPQ,4.6667,5.0,0.3333,3,3
AHZVVRSHAVPEV63IR7FQJN5YUDIA,2.0,5.0,3.0,4,1
AFNM5ZT2M4ESYMF23Q3Q3I47WTAQ,5.0,3.5,-1.5,1,4
AFQ6FGH6TTARITAGLV3R3UF3RAEA,1.5,1.5,0.0,2,2
AHVHCVSQP5RMC5TXRDSSWVJDIEWQ,5.0,2.3333,-2.6667,1,3
AF6IEXSXSDABO2OAKVVRUABBLRLQ,5.0,4.25,-0.75,1,4
AFCPI6W345DWYRYTTDNNFCJRGWVA,5.0,4.8,-0.2,1,5
AEGYAD2A3AJBRTGDVUAWNFUR3OXA,5.0,3.0,-2.0,1,1
AGCZLXDUCHTGKI632SVCUBSMKBUQ,5.0,3.0,-2.0,1,1
AHDNQ56JLWHC5B3L5XCBXGUXHZOQ,4.2,3.8,-0.4,5,10
AHSB3BDVOUZJRPW6YOKKAVWU4ZVQ,4.0,3.0,-1.0,1,1
AGGZPQM7ELNIDC7MR5LZW3XOD7FQ,2.0,2.0,0.0,1,1
AEWVIZWASLGLEV3VHYAAYTDXRR5Q,5.0,5.0,0.0,2,2
AFYBISYBTV7Z4SNCVY2BKSPOKDEQ,1.0,5.0,4.0,1,1
AFP4AJMLU6GCUDCAPMAKA4EXL5XQ,3.6,3.5,-0.1,5,8
AEJ3QON5A3TDX7XLFZSVY52NZOQA,5.0,5.0,0.0,4,2
AEGMI3KCKDAQ3NHVCEYM2ONSOZEA,3.5,5.0,1.5,2,4
AENIOO7A3XRM7PVBBMLXF276JNGA,1.0,3.8,2.8,1,5
AF6DACRSTY5PDIGI2BILKSEBKGEA,5.0,5.0,0.0,1,2
AEPKLQJILJRE36TEYKNXTYRIQBSA,5.0,5.0,0.0,1,2
AFECFTLECZVDD6ETOBLDJ33BF6CQ,1.0,2.0,1.0,1,1
AHNSGZMRKMPCTTEPEEKP4JGI3YLQ,5.0,5.0,0.0,1,1
AGIVTN73WPDVDLGYZZN3WHAZOJLA,5.0,5.0,0.0,2,1
AH5XZDVDV4EYPFYPQHKY6NSCG5OA,3.0,1.0,-2.0,1,1
AG4SCSL2TJZOSKHAULCQOIOIU6EA,5.0,5.0,0.0,1,1
AFVNMIOJVTQU3DU45CYNOVKWT3CQ,5.0,4.6,-0.4,3,5
AFKHQXT7IMQXEWLGXE4EK3BGMKAA,5.0,5.0,0.0,8,24
AFIUO2R76EFEDZOE5TQZ6KXMJTYQ,2.0,2.2,0.2,1,5
AFW72ECFUQQRR232RS76NG2RBW2Q,5.0,3.5,-1.5,1,4
AGIFAHM424KYGDAXIS7U5Y664BEA,5.0,2.3333,-2.6667,1,3
AGCWPZ7ZK5W37EVFFACY2ACWWLUA,5.0,5.0,0.0,4,3
AGZF3J4HFOJ7U3TYTWERAJYRWMPA,5.0,3.75,-1.25,1,4
AEBTDZBEOYSSBJ7G3BU4K62XGDRA,5.0,5.0,0.0,1,1
AHQYGERQCBHYW6Q62OK42RO232VA,3.5,2.7143,-0.7857,2,7
AH2SAVICZUYNKWT5AXHPZS3O43JA,5.0,5.0,0.0,1,1
AEB2EV7QKC2XRRF5MKUKV4FRYZ6A,1.0,5.0,4.0,1,2
AHTFUU6QYTDQOWDIPL7K5E4NBNNA,5.0,1.0,-4.0,1,1
AGNL73HRC2UW4PUGF3Z7TDASVLDQ,5.0,5.0,0.0,1,3
AETO5MM5FGHAQDXG7TADUIDACW7A,5.0,5.0,0.0,1,1
AEXDFCWOKAMKMHOKAD7OSP5ZWK4Q,5.0,5.0,0.0,1,1
AHTX4VPH7BP7TBEGCLQEDBCS4IKQ,5.0,1.0,-4.0,1,1
AF6SEWBSSHCEZF6EXU74LFLC6PPQ,5.0,5.0,0.0,1,1
AFWNQ6ZY2ETMVDSJPPHCZNDXR2NQ,5.0,3.0,-2.0,2,2
AHSQOERNW2IZB7AYM5BACKEIUE4Q,1.0,3.1667,2.1667,1,6
AHDAOIKYVKYO2EJCBXGQ3OG446XA,3.0,4.7143,1.7143,2,7
AG25YPCVTYFDY2VZFVD32LTKV27Q,5.0,5.0,0.0,1,2
AFPIKTJW3LVGYSFBFZNWCAROTA2A,5.0,5.0,0.0,1,3
AF3NDURAPPHEFCAPQIZCUYLHJJ4Q,5.0,5.0,0.0,1,2
AEOXPOZVUT25JIZPO4LDBI4OOFXQ,4.5714,4.6667,0.0952,7,12
AGO6CVNMMCNUCWVGGQCHZP5W3N2A,4.6667,3.4,-1.2667,3,5
AGHKAVP7LHANHH3DZXRIU6PNNOGA,2.9231,3.7647,0.8416,13,17
AHNPTLJP7CNNAYDJJTYGF6P26LEQ,3.0,1.0,-2.0,1,1
AGG5FIYECHSGRLAV2IZQXGLTMC2A,4.3,4.8333,0.5333,20,12
AFN3OJJ6BLFBIQIHIHKPDTXGQTUQ,5.0,4.4,-0.6,2,10
AE62XJ42CIXHFZRPS4X6TUT5T3MQ,2.0,1.5,-0.5,1,2
AHZQM6UDUOZGDYG4V3SCGV2NMTLA,5.0,5.0,0.0,1,1
AG3YMDADQ734Y6BJMZTVURZZJZGA,4.3333,5.0,0.6667,6,1
AGHL2HCXLPHC3OAYPFVXCPFM2MKA,5.0,5.0,0.0,1,1
AH3L2JEA3NWYC2RXHXIGTCCS2TZQ,2.5,3.9,1.4,2,10
AHTOYJPPXX422K6ITQPAVN2RZLAQ,5.0,4.0,-1.0,1,2
AFLFSGGGAN55MY2L5EXZPIQII2HA,5.0,5.0,0.0,1,1
AEWCYUQ4NOMHQNFBYCBIDADWTJ7Q,1.0,5.0,4.0,1,1
AEZKTVX2XWUS6YZYKYKXLFEQSP3A,1.0,3.0,2.0,1,6
AGZDAPCG2PEZ6HYJMOJKRNYJ2AXA,5.0,5.0,0.0,1,8
AHDJBSOBU4KDBYEENNXCFCTUSZLA,5.0,5.0,0.0,2,6
AFKW6GUS77NCDVX6RJR5ZVSAUOUQ,5.0,4.5,-0.5,1,4
AFV6ALKD64UNRITTHBXXM25EGX6A,4.0,5.0,1.0,1,1
AEZSIYDBXDW5CADFG6A4A3MS44EA,5.0,5.0,0.0,2,6
AEOPMEA4EYXSWWABBN2EZCAGNYWA,2.5,4.0,1.5,2,1
AGPKMMC7W6LUHDKJVNC4MSCGRJ5Q,5.0,4.9,-0.1,1,10
AFTUHCNAGYHNNLUKSZWFT56X2AWQ,5.0,3.5,-1.5,1,2
AFRV44NKHPAKOO35JQSKRGZFNKGA,1.0,3.6667,2.6667,1,3
AHQZPAUBUVDXSOBNWUHYOR2LJ35Q,5.0,5.0,0.0,3,3
AGOREEXZTQ75YKU2XDP655CDUG3Q,1.0,5.0,4.0,1,6
AEE3EZ26I42GHZQLTZPUB7XACJDQ,1.0,5.0,4.0,1,1
AECQQHHQAOSYYLI5NMDBBXVDJIWQ,5.0,5.0,0.0,3,2
AFIWYWTHQXXZ2Y6B7ILL254LIDGQ,5.0,4.0,-1.0,1,3
AGSHMRCRPUGQAWI6ZPZZ7VQFLFVQ,5.0,1.0,-4.0,1,1
AGO5SJB4XYTTKRD4LUD3NA5RN3QA,1.0,2.8,1.8,1,5
AFR73VRYVUK3SJWEMLT5SKSLKN2Q,2.0,1.5,-0.5,1,2
AFU4VWIDZ5DII4SHBUWVHRAJGNCA,2.3333,5.0,2.6667,3,8
AH3HQCFHIYCWL6HJBK5QIBSC2F7A,4.0,5.0,1.0,1,1
AE5B7HZN67Z2A3FQOE5N5S2BICDQ,4.0,4.0,0.0,1,1
AEDVORLITDQUIKFKYNYFR235YDEA,1.0,5.0,4.0,2,1
AGUYLRCSDEB7JMWD3XLTVHIJXD5A,5.0,4.0,-1.0,1,6
AGM73OK7BYPXPTHDD5V4RBYTUT2Q,4.0,4.0,0.0,2,4
AHKUYQCEZ372M7Y5ULRQL5WUJD3A,3.0,1.5,-1.5,2,2
AHQ7CTTHASJPS2V5KHCQUMBSATPQ,3.0,5.0,2.0,1,2
AGOGEUX3S3SIMI3RJGKPFZLR5HSA,5.0,3.6667,-1.3333,1,3
AEHGVUKTWBAQX5PSMVHBIEBXYCYA,2.0,4.0,2.0,1,1
AH4GNWD6K4PHLDNH5IZBP7HBBDNA,1.0,4.5,3.5,2,2
AFZSLCA2UHV3AXWN5ZRQDMBGH6VQ,3.0,2.875,-0.125,2,8
AFFX3K6OC25PLKXUCHWYOAV7SLFQ,3.0,5.0,2.0,2,1
AE7LAMW3C3GH7WAGYJORXGGNLL6A,5.0,4.0,-1.0,1,1
AG2QQM6PDPDPN3O7VIAUIDHCU66A,5.0,3.0,-2.0,1,1
AGQJ6BGXS3XGNACJWWJQO5DAHMFQ,4.0,5.0,1.0,1,3
AGGKIIPJPQPCSPAGIO45R6P36U5Q,5.0,5.0,0.0,1,5
AGRYB6VPYJN3JXN364MT4LZBU6UA,1.0,5.0,4.0,1,6
AGUTKWGUAQBE7MMGBBZNE45CFINQ,4.7273,4.2258,-0.5015,11,31
AFT3LTVPFA7NTT2PUPJJYVF62DVQ,5.0,5.0,0.0,2,4
AHI3AEJTTNUR2JLQCSJVYKTOG37Q,2.0,4.0,2.0,1,1
AHRMNBG5HHYR7T5SRGJBDCMQWQBQ,4.0,4.5,0.5,1,2
AGEDAOADADB4QWUPKLA6HAVYH2XQ,3.0,5.0,2.0,2,3
AFHYPHQHQBHAYW3Z6LHTXR452RIA,5.0,4.0,-1.0,1,2
AFMWGFS5MGYTZBCGMQEWSFRBLQAA,5.0,5.0,0.0,1,1
AG66TXNO4EWYXZ32EI2PJI3GIJ5A,4.6667,5.0,0.3333,3,1
AG2O2GVCSEL5N6ZLEKDMQMQ5JUXQ,5.0,5.0,0.0,1,1
AF3KJEDURYIQO3PLKVO7GAW3QBSA,5.0,3.0,-2.0,2,2
AGOTT7ZJELE672ZBFMS6ZQVMGE5A,5.0,5.0,0.0,1,1
AGNLBGN5DFG5XQOP6XELS34LTSDQ,3.5,5.0,1.5,2,1
AGDM375OSGH4CXVVBVCA7LL24RQA,4.5,5.0,0.5,2,1
AHKFWJPX36OAHRV6PPQYNJIANTOA,4.6667,4.8889,0.2222,3,9
AH7RY32OMNNVMVCXW73IOA4SNQNA,4.0,4.6316,0.6316,2,38
AHNYK5WOJCCYDUYCS6THKN63TFIQ,3.6,4.5,0.9,5,2
AFRB7HKJU4V77RJ72ITWO7MJZWVA,5.0,3.5,-1.5,1,2
AFQ7JGCWBKXMY4RFRKDFMOROJ4EQ,5.0,5.0,0.0,1,1
AGP6FDUSEUSKDSGMFQYH37IWEEIQ,5.0,1.0,-4.0,1,1
AHVC7EIWLO63MUX26FVXJE4OS7HQ,4.3333,5.0,0.6667,3,1
AECBFWPGVO2F4RD33KSQJXKUVBOA,3.0,5.0,2.0,1,1
AHZOO5BB5X6UM5ADQMPOJCJVVRMA,2.0,4.25,2.25,1,4
AGFXPI74Q6267O3NAPL4EG4B4WZQ,2.9286,2.4,-0.5286,14,15
AE4SYSQO77Y6AVFRDG7UVPO6UXWQ,5.0,2.0,-3.0,1,1
AGVHEMNYQ7DIB2RTKL7OATCGAFBQ,5.0,4.8,-0.2,1,5
AHAEGWCNMJGTWJVJ3MOPBBFYIRWQ,5.0,4.3333,-0.6667,1,3
AHZ5HY7CHNOIESYRMSWFQ4LQKHQQ,3.0,4.5625,1.5625,2,16
AGD35RWHKPTMC7SNBG5SYUY6NVLQ,5.0,5.0,0.0,4,2
AFYO3AIC36KSRTYIVZ5RMH56EPSQ,5.0,5.0,0.0,1,1
AHM3DWP64XR7ZWR6WC5G3RTEZ5KA,2.0,2.0,0.0,1,2
AGRPXINCAIARBXU6TDK5MVHBHBLQ,5.0,4.0,-1.0,1,1
AEHKC4H2OOISK3VAFWHOUJMBGRAA,5.0,5.0,0.0,1,1
AEIUJIRGB5RLKRSDXI3YN65PSJFQ,4.1818,5.0,0.8182,11,4
AG22H3U4JY4UF5CCY6QESTQ6YKQQ,1.5,1.0,-0.5,2,1
AEGNGPVDMBK2F6W3GWLGXUCY6CGQ,3.5,4.5,1.0,2,2
AFL55X3YKRWL3HSMZSEXXPII64PQ,5.0,5.0,0.0,2,5
AHW65K5XBFAZ5VU5KRP6LOCFCETA,5.0,5.0,0.0,1,1
AEFOYNF7TDHV4JWYCPD7P4JXXNIQ,3.0,4.2,1.2,1,5
AH2MYJUQBBQPAICZ2T33PK5GOWRQ,3.0,1.0,-2.0,2,1
AFZMPBNJTR2EQJVMMURQMQHBLEEA,2.0,4.3,2.3,1,10
AHR4IC5DGBHQUJA7HZHC4T6W6MNA,5.0,5.0,0.0,1,3
AFU2RL7KEBWLAZ7FZTZNAQCRUVVA,3.5,4.0,0.5,2,3
AHDLPUAGNZM3PDNKC4AV42SUYZYA,5.0,5.0,0.0,10,23
AFSDVE7STINYTINF455BAWJ6K5NQ,1.0,1.0,0.0,2,1
AENLJONYAP2W27JVQUKSRPQBQLPA,3.9032,2.8182,-1.085,31,11
AHAJISCPTKV6647L2GZ6RTRWFXSQ,1.0,4.75,3.75,1,4
AEUSSXWPGLVBYPBSSFCZIZDOLMFQ,5.0,4.3333,-0.6667,1,3
AHVBRH7G43KRSAUG2U5U5DDZJI4A,5.0,5.0,0.0,1,1
AGNNIOS67B53IN4IQGPJZJ5BNRRQ,4.5,5.0,0.5,4,4
AESE7TZXLL4QXKSTFIFDNVGIYE3A,4.0,4.5,0.5,3,2
AHZLJYVDTRDYJJGNSJMCX6VY6ZTA,5.0,5.0,0.0,1,2
AH3QWYHPNOFDLPCBVO4FUHYYR4FA,3.6667,5.0,1.3333,3,3
AH3ETGEOTU7SKEVV6MI6NAVJZ4FA,5.0,5.0,0.0,1,1
AEB6EWDAF3OBTHKYQD6UEWN7FAIQ,4.5,4.0769,-0.4231,4,13
AGMPHXMNLSCTOH2P6WNI3N3ICLGA,3.0,5.0,2.0,1,1
AEPX4YWQ5GD4HBPTAD6OZUGXIEJQ,5.0,5.0,0.0,1,1
AGAUJ33EHAZ5WAGQE6VWTNF2ZFKQ,2.8,3.6667,0.8667,5,3
AG6KA6PIWRHQFA4Q3O5VST6FKW3A,5.0,3.8,-1.2,1,5
AEMKORTO756UMSN4L33LNZ4UVSXA,1.0,2.0,1.0,1,1
AH3MQLMEY3BNAMMQNF54DAQXIJSQ,5.0,5.0,0.0,2,5
AHJBJ6PA3ELR242B2PMUY3KVMYVQ,5.0,5.0,0.0,1,1
AEGFYQ5LEKEVM6FVCYC2SQHCFWEA,3.0,4.75,1.75,1,4
AGCA3HJ5BSCAN7ZFPALVXJJR3HBA,1.0,1.0,0.0,1,1
AE7CS3ULH6N4AEBCLHO7XGPVWETA,4.0,2.1667,-1.8333,2,6
AGAGR544GOTOFHHH37WRSCEWOHCQ,5.0,5.0,0.0,2,3
AEJL4VU35GGKBFUYQ3CRQJIJGQEA,5.0,4.0,-1.0,1,1
AE56RS6OOTLSMS2VM62EPKFT6COA,3.0,4.8182,1.8182,1,11
AENYD5HZMFCAH4XAB3P2WG5PDQGQ,3.5,3.6667,0.1667,2,3
AFRE63RQBTGMSILOD3KN76QEGD4Q,5.0,5.0,0.0,2,2
AGGPJRWNLYLVZ2DLRCTCQFHIKZEA,3.5,3.6,0.1,2,10
AHL3B7UOHAQAXNGML5ADQWIM5PRQ,5.0,5.0,0.0,2,6
AFHPM5NHAE4LJQRG5IHPEUDMQAAA,5.0,5.0,0.0,1,1
AFBCGPR3OUW5H52VWBVFCSUK5MGQ,5.0,4.1765,-0.8235,3,17
AGH6NVYF4RW3MQAIV6TKZMLL7WKQ,3.4,5.0,1.6,5,2
AGLRMNZFXLCINGCF7RH36Q57NFKA,5.0,5.0,0.0,1,3
AGXH6UPY6AIWU7I26MOJL6CNGF6Q,5.0,5.0,0.0,1,2
AHSGYF2ZNE4CCKXJETKSBIYMIXTQ,2.0,5.0,3.0,2,8
AFRZ5OEU27MMZNJBQ7CA6ARBDDXQ,5.0,4.5,-0.5,1,2
AGHST2U6B4PBLL53DZHGJXMBPHVA,3.6667,3.6667,0.0,3,3
AHI2UQTLG22Y5M75M6OTFIF6EY7A,5.0,3.0,-2.0,1,2
AFJKONZFSUWXGDUVAJSC5YITBTCQ,1.0,1.0,0.0,1,1
AGS3DOQN4HXR7IHOQLISZFQFLYIA,1.0,1.5,0.5,1,6
AGECTLF4RQACGL75Z6NTCJTNIXRQ,4.75,5.0,0.25,4,7
AGFQ2DOSPIQD7QMPHOCFLYNF7T4A,1.0,5.0,4.0,1,1
AEWU7L6UXMF32YBEB2VTO6UMCF2A,5.0,4.7143,-0.2857,1,7
AHKZFVIRT6ODB7XS5W3I7ZGUHIQA,5.0,4.0769,-0.9231,1,13
AHLSEJTVG3YLJBOQCKZO2PZ4UBOQ,3.0,1.0,-2.0,1,1
AHPNZITNSLVXUUPV2L23EG763DGA,5.0,5.0,0.0,1,1
AFJLJ6COMDRJRBOBV5ZSR2EQ6SGQ,5.0,4.5625,-0.4375,2,16
AGML3N46OR4ZSII4OLH755QNG7LQ,5.0,5.0,0.0,1,2
AG7GA2MMU3VYU2N3SWPDA5W6VKZA,4.1667,4.75,0.5833,6,4
AEPRHVXPBPNCOSZ6AJK6GDRZBUSA,5.0,5.0,0.0,3,3
AGQWBVCP4K4QPVAP3345VMKNN3DQ,5.0,4.3333,-0.6667,1,3
AHUHG3JATN4N4IG5PA5OPTAI2OJA,2.0,4.0,2.0,1,1
AECF3MLDBNULPZI666P3ONOYZMRQ,5.0,5.0,0.0,1,4
AFQGYJQ44R6CFNFJX7JETIN4BFWQ,4.0,4.0417,0.0417,1,72
AGSKJWGC5BPDJNVEQBLNFT77Y4RA,5.0,5.0,0.0,1,1
AEX2UYTJQBQPC47VEL4MNDSNVS4Q,4.0,5.0,1.0,1,1
AFRARDETZZP4PSBMDNKUP3UR33SA,5.0,1.0,-4.0,1,1
AHEQX624MFMMRINXDV7OK5JH75SA,5.0,4.0,-1.0,1,2
AEJ3JHEYG3HKB34KDCE4UYVUXEIQ,4.1,4.1875,0.0875,10,16
AHDYQK3FTCXJLU5KXPNRJIGXHMMA,4.0,5.0,1.0,2,6
AH6JC5MUDPZ7NHJPS2PJYLJQGSEA,5.0,5.0,0.0,2,3
AG3OJYBCOUMNBIHDX4NTYZCILAJQ,5.0,4.2273,-0.7727,1,22
AHYS3SIB7MZD2LIWX3RMHEMA2VOA,5.0,4.0,-1.0,2,2
AEWQI25547POJRYECTCY2AAYW22Q,3.3333,3.6667,0.3333,6,6
AHQOEI56CAQAGAR6XDI22WCKW3BA,5.0,5.0,0.0,3,1
AF4D3EOX7HPQBK7UE72OVJWLHL2Q,4.4286,4.4286,0.0,7,7
AFNRXHW565LWBDQ5CAPZKKRBQSFQ,5.0,4.75,-0.25,2,4
AEM2RL6N427PVWDZVZ6S7YGLILNA,1.0,5.0,4.0,1,1
AGD5MEUKPGUF43WDV5DAKQQ4ZDVQ,5.0,4.9524,-0.0476,3,21
AFZBM3WN7VZDDHX2WUQFEXI6AEIQ,2.0,4.3333,2.3333,1,6
AHU4FRV37FIY6V5737NX6FQEYPXQ,5.0,1.6667,-3.3333,1,3
AEH2WOVHD73QTRA3ZOQLR4TQONKA,5.0,4.6,-0.4,2,5
AHB2Z7QDMJQTTX7HDANSFHLM4D5Q,5.0,5.0,0.0,1,1
AHBSIZLWRNAMMT52WK3JEIHKIBCQ,5.0,4.0,-1.0,2,1
AEZPSQGDSGT4UX4PQHOUDQBZ6BEA,4.5,4.8889,0.3889,4,9
AHABKEM3ARNSUTVAPN7XACX7J5FA,5.0,5.0,0.0,1,1
AELTHTXMK46SFC66EK2ED25KHK7Q,5.0,5.0,0.0,1,2
AECIU5MVFCLYGOGA6I24R4Z6YHLA,5.0,4.4444,-0.5556,3,9
AFVY4ZJYVMKBW5O6YVTXHH3SZR4A,5.0,5.0,0.0,1,3
AHXOI4EXMG4CPDKJ7N62CT73NE7A,5.0,5.0,0.0,2,3
AFH56NLDINXBX6WNZCNVUGBTOUQA,5.0,5.0,0.0,1,3
AFQQCHVHFPYDWA667NC4EVPTENGQ,4.5,3.2143,-1.2857,4,14
AGCHH3GF4DLLWBLXHFY7Y3GYX5NQ,4.0,5.0,1.0,1,1
AECVYSJE27FZRVRSV6ADFVGFSWMQ,3.0,4.0,1.0,1,2
AELM2SZIX2RRPYUQA4VZCROAZOEA,5.0,5.0,0.0,1,1
AFURSBKDCVCLCJWOS45YD5A4T7CA,5.0,5.0,0.0,1,1
AF7YQNMNW23N6SANXQF4SWVAJUUA,5.0,4.4286,-0.5714,1,7
AEYKB4CTHX353XWKJQO3JVXBTRDA,5.0,5.0,0.0,6,1
AHBUWHPHJKOHUKT3TZUHEN5LYTTQ,4.0,5.0,1.0,1,1
AHK2KHP2BTAG5RL7USNMOM5XO5NA,5.0,5.0,0.0,1,1
AERNSXUBHALUS6NKWCP25VXI5LDA,5.0,5.0,0.0,1,6
AF5AFKTMJUIRURNFRY5XSSQ3MD4A,4.0,5.0,1.0,2,2
AGTXH4KRN4M7RM3YFSMKPWKTLYYA,5.0,5.0,0.0,2,2
AEQM55WQFXWELTCZ5TRVQAI6KIAA,4.0,4.0,0.0,1,2
AFGHI4IR55K5YORTG3HAX6G27JNA,3.0,2.0,-1.0,1,1
AEB6S26DNMPCXHZHKIVDZPMQ5F2Q,5.0,4.0,-1.0,1,3
AGZRETXZ4PBEZNQ3MQTSJ4GDINYA,2.5,3.0,0.5,6,2
AHOJMF64FQPNRPULO3U4ZWY4TWLQ,5.0,4.1667,-0.8333,1,6
AEP476PCR774PJHF273VF6NBXBKQ,4.0,4.9091,0.9091,2,11
AGG6BK6Y6QDKRIT3JLCPLCUHQR5Q,1.0,3.0,2.0,1,2
AF7U4H2ZMAZOJXKI3LX7HRR4WZTQ,5.0,5.0,0.0,2,2
AFYK3FLQTLFZ3NBDUIUW6PRVICDA,1.0,1.0,0.0,2,3
AFM3MXAVC6IONG4ZK2V6ENOQ2HBQ,5.0,5.0,0.0,1,2
AHDPU6J5WW3POAORCAIBOHIZX7KA,5.0,4.7273,-0.2727,1,11
AFED46XEK55HRJBIVMT6O6XSULFA,5.0,5.0,0.0,2,1
AESFF4XE22GSXFJQWSKC72YGP62A,2.3333,4.5,2.1667,3,8
AGN6YGN2J5KYR5OHC6IEMWPOVTNA,5.0,5.0,0.0,1,2
AEZI4HSIP6P2TXUSIDN6TP53WFZA,1.0,2.5,1.5,2,2
AERIY4MNVIMIOUT6PUZJUYIQWGUA,4.3333,4.25,-0.0833,3,4
AGAFAD27WTBBD6P5VM355ZQMUJPQ,5.0,5.0,0.0,1,2
AHB3QA2VX3RBV2KKJPBHDAZA4C3A,1.0,4.3333,3.3333,1,3
AFD2EGUTX374ZDYI3MM7EBOW5J2Q,5.0,5.0,0.0,1,1
AEEB42KFDFAVQSYHD4NFXXTP36DA,4.0,5.0,1.0,1,6
AGD3NVGTSG6TRFTP62WCSMYRIKYQ,4.75,3.8571,-0.8929,4,7
AE7QBOGYFCYJ6LC34HSNS4UVAFQA,1.0,3.125,2.125,2,8
AEAEBT2LQAMDCDEJEPP4SLITZ5VA,4.0,4.8333,0.8333,1,12
AG5EFM2VG3LODSO4SS4DNERR4YFA,1.0,2.75,1.75,2,4
AGGFIZWJEEZTHRDGY7UIVEJFKRNA,5.0,5.0,0.0,1,2
AFHPHBJQTDRAPP2KGRZMWIUAPNXQ,4.0,4.6,0.6,1,5
AHRES3ZGQB35DWQ24MI6YXWSIUYQ,5.0,1.5,-3.5,1,2
AFMDTHSASEV5DAJJAIJGVRWQSWXQ,5.0,5.0,0.0,1,1
AEOONUZG2F5REDCIPK55LVH7GV4A,5.0,4.0,-1.0,1,1
AFQKGNC6TEICU3NGGLS2ZEWV7XHQ,5.0,4.625,-0.375,1,8
AHUM7GJASNJUOJ2NMDNDTAVOWMEA,1.0,1.0,0.0,1,1
AGXBKVTEPQZ3AKQKI5OU553HTLEQ,4.0,3.25,-0.75,2,4
AECVBA75EK7XNKKNIPDKLXD2D2XQ,5.0,5.0,0.0,1,2
AHIHAQB47LURMCFR7RAWYU5HYOKA,5.0,2.25,-2.75,1,4
AGCJOFTGQZV3R6M7M6Z5NUVTMVQQ,5.0,3.6667,-1.3333,1,3
AG3ZCM5P5XAZB5GTPJ7WXGWRBD5Q,5.0,5.0,0.0,1,6
AHGBZOUHGW6FOZWKZW3F3VIP2DQA,2.0,1.0,-1.0,3,1
AEPVN6CBFGHJ5NWRM34Q4UMJ2D4A,2.0,1.0,-1.0,1,1
AFKBRI7Q25YH6MBMDZYRVHSWOKDA,2.0,4.0,2.0,1,1
AHXNXFHKUMUVTWWSFBOKG2E4CCEQ,3.0,5.0,2.0,2,1
AF5LGLAJI5DBMOA5SFXWXHX6ELJA,2.5,5.0,2.5,2,2
AHHXDUHGWVOBZO6QYXGSSH22D57A,1.0,5.0,4.0,1,3
AFRG7FCZE6BHWZWZLEDR2VALI5VA,5.0,5.0,0.0,1,4
AG4N7HZVH65KLEWLAUDZMDJMLHYA,5.0,5.0,0.0,1,1
AGU34SFDOQ2NC6PHR27TCOMX3JEA,4.5,4.0,-0.5,2,1
AER5SD7HHVRIZLS3GQCYKBW6D7CA,5.0,4.0,-1.0,1,1
AHOSIDEM7FDQVIZPH5MZ6SPOUY7A,5.0,1.0,-4.0,1,1
AHRGDYNH5SZA2IPT7FEDWRVMRSKQ,5.0,4.0,-1.0,1,2
AETZHFZJCJR72FZ2L2FR6VZQJ5XQ,5.0,1.0,-4.0,1,1
AFB77TVHLGJZSPR6DVUPACMJKKBA,5.0,1.6667,-3.3333,3,3
AHQ26ZZXOSNZDRY2WGW77IIQ6ZLA,3.5,4.3333,0.8333,2,3
AGDDD5IA5PANFK5X3YC5BHPHOPOA,5.0,4.3333,-0.6667,2,3
AF3L6CMWF22PGCX5V3UQ5EWT4WLA,5.0,1.0,-4.0,1,1
AHLHXD6LA44LOB5A4D7TWER5FGJQ,5.0,3.8,-1.2,1,5
AG66Z3UNQ6J4YCCO3HWNU643G7ZQ,2.0,4.75,2.75,1,4
AE6WT56HWPUCD3J4R36C5SXQEFMA,5.0,2.0,-3.0,1,2
AGT3XEBUPQR4EZ4M5HECM5RPJJHQ,5.0,5.0,0.0,1,6
AHWGMSCVE6L4ZNG2L7EKEY4GPKDA,5.0,5.0,0.0,1,1
AH6DHMCYY4XOPWTG7A3YTOKMFABQ,5.0,4.8333,-0.1667,1,6
AE4AFF5VXJ3KGG4BVCFI4UFIHKVQ,5.0,1.0,-4.0,1,1
AG3TFWSDALCK4XI4VBUQBKOL3IOQ,5.0,4.3333,-0.6667,1,3
AHF7ZI5ZEYK3DP7PMNH6SL2H5FGA,4.0,4.0,0.0,1,1
AENTECVYXJKSESLTOZ5EVLOWWTUQ,4.0,4.25,0.25,3,12
AHHM2DN24BLS4UKXU5OZHNOE4AZA,5.0,4.75,-0.25,1,4
AGB3C2NWMQAHAL26W26DBHPYPNCA,2.0,1.6667,-0.3333,1,3
AHZ2Y2OVODOXEV526AINBJWOHOYQ,5.0,5.0,0.0,1,1
AGJ4HTDCHN77ZQBX6TOKQS5FFIGA,4.3333,5.0,0.6667,3,2
AH5BBDYB4JRNDTR6DTSWUXQNMDZA,5.0,5.0,0.0,1,14
AHKJY277YUIGBA7R2ETIVZASWWLA,5.0,4.7273,-0.2727,3,11
AGMXQZLVDOI32VEJFFAO6LJDZRJA,2.0,3.5,1.5,1,4
AFX7AUOAOACNPCQJO5JQRCQIOGTQ,5.0,4.5,-0.5,1,4
AEVCV75UFMSZAKXPTVSX7DPVRZJA,3.0,4.0,1.0,2,12
AHN62RX4745YHXPY52MB76PLVS2A,5.0,1.0,-4.0,1,2
AFTODIQFUZPVC6BNJRJJADK6LMPA,4.3333,3.3333,-1.0,3,3
AF3UQ6RWU2XUNQMNVK7RNBSP2VEA,5.0,5.0,0.0,1,2
AFY3WT6AXMBWULCJFKSM2JTTF3UA,4.0,5.0,1.0,4,10
AH5NGKQLNT4DJRIQ3WCGXKBEVUEA,5.0,5.0,0.0,1,1
AGWCN75N7VGSIRLT66ZMWTFH5FPQ,4.0,4.0,0.0,1,3
AEAYDYOTCRVIMOQQVLWYNJ62PV4Q,4.0,5.0,1.0,1,1
AHJZ3SDHZXTK3N3LWSJ76C4F7JHA,5.0,3.0,-2.0,1,2
AEWJTOOEJUUGBHMZS7G3PDWYEBAA,4.0,3.0,-1.0,2,1
AER22TWKOWRLV6CMIJHNJI4I7HQA,4.0,4.3333,0.3333,2,6
AG6RGV63XOTWJEZ4N5QKCEUEUBGA,5.0,5.0,0.0,4,5
AESEIEYHXWYJEHEFNF2RGKEX6P3Q,3.0,4.0909,1.0909,1,22
AEOIXHFZMWKFOJOHE4UJQS3MCHFA,2.0,5.0,3.0,1,1
AG6I3EU35RWZJTKABUNW7RGBBXTQ,1.0,1.0,0.0,1,1
AEJYQSMYR3UPCNVWO2JCHW2EBSRA,3.0,5.0,2.0,2,4
AHOH2YNGZT7GNUMVZSZ43UDPPYZA,5.0,5.0,0.0,1,1
AG6FV7KHY2NZDWS4VCXX7W4PYN4Q,1.0,4.0,3.0,1,4
AGTLEX4DJGTZFSK4CDR6KT2ZKC3A,4.25,4.0,-0.25,4,4
AH4645IMBQ45F2WK3BTNOAJRJTEA,2.0,4.0,2.0,1,1
AHYG7GY2363MY3HIJ6SJPJNXIFZQ,3.3333,2.4,-0.9333,3,5
AH2HTRUWJ24UYMHM27NPTL6BYEHA,5.0,4.6,-0.4,2,5
AEZUTAECRHLKGOYT6IWBZ5THAJBA,5.0,5.0,0.0,2,6
AFIVFAJNPUXWLYZ75UQIL7ZVJQGA,2.6667,3.7143,1.0476,6,7
AF5H5QPIDQM7HLJDSQN7LODMXCDA,3.1429,5.0,1.8571,7,1
AHKM3TZINIHIJ4FMRLYGR3KNDV6Q,4.0,4.0,0.0,1,1
AHDN5KZGFOLCXAT4K5I7PQ4IKISQ,4.0,4.0,0.0,1,1
AHO42Z3FGM6I7TFHJZTVV3IHKSJQ,4.5,4.6,0.1,4,5
AFKKAGPHQXD4R5L22ZLLFEWWGCUA,5.0,5.0,0.0,1,1
AHWGP2Q3WYDRYBKRBG2EIEG57FPA,2.0,2.0,0.0,1,1
AHU6GQZEXJ5N36AHHHSLPKJ6KDEA,2.0,2.5,0.5,1,2
AFE4INB3JTXCL2EXZHDE467ILC3A,5.0,3.8,-1.2,1,5
AHUST4S5NTKQSGVPQI4XMMZZAYDA,5.0,5.0,0.0,1,1
AG4RCXKPTC6QRORJLUSBY4SO2IAA,3.0,4.3333,1.3333,1,9
AE3QQEZUHUUHMYVHTX5YTLG47LVQ,2.5,3.0,0.5,2,1
AHUDQYNGKYQIY5SYBUTYLDQHVU7Q,5.0,5.0,0.0,1,2
AGNOH7N5SLLSCB757W2EYMQ4SVDA,5.0,5.0,0.0,1,2
AE5YRCLE7CRLB2R65LV27HREEBZA,5.0,4.5,-0.5,1,2
AHRIIX6BBILEHKIQF6W7VAI3KLBA,3.0,5.0,2.0,2,4
AFGSBPGMMZKASJZIKKCGAPTQRCWA,1.0,5.0,4.0,1,1
AE5B3AFWNOHVT7M7BUPAPPJ7UZ6A,3.0,4.25,1.25,1,4
AHVFDNQV662UKXQOJBRNCLNORVPA,2.0,5.0,3.0,1,1
AGHUQFTARUUK3CGFIRIVQF5KZKPA,1.0,5.0,4.0,1,1
AH2GJEXGDOAOHHRSRVPUA7OWEC4Q,5.0,3.0,-2.0,1,4
AGVTKK4OPSWMZ6FM6QHLK4WZPVIQ,5.0,5.0,0.0,1,3
AF25G23P4CYLGH6HKKEHRBWZ6OCQ,5.0,5.0,0.0,1,1
AH4HTQOXVOKD5FCWME257I2WNOKA,5.0,5.0,0.0,1,2
AFFVREN3G73H53KNC3A5VYR6S6UQ,4.0,4.6667,0.6667,1,15
AEH3RFHYJ4QEFKIRR4XOJEEH4NNQ,2.7143,5.0,2.2857,7,1
AENV26M7WXE5SWH4ZGUVJA5MWWQQ,5.0,5.0,0.0,4,1
AHKWRZZNJ4366H4O4JX2GKFR4FAA,2.5,3.0,0.5,2,2
AG7ESPOOLO3NZ7RH7FPZKLHFELEQ,3.0,2.0,-1.0,1,3
AHPNBTSPZYALRJPAJPZPXH35N62Q,5.0,5.0,0.0,1,1
AHOJEZXXYYD3KNB4N5NUTLGNNZFQ,4.3333,4.0,-0.3333,3,3
AF2PXBQIEK4EDP6NOQCWNTKNZTZQ,4.5,3.0,-1.5,2,1
AHZEQH2NGI3K5F6CYSB5MJKLDTTA,5.0,5.0,0.0,1,8
AFABFUTI4Z37RAUTSWF6LTHUUYXA,1.0,5.0,4.0,1,3
AHDTVHXL6E3CAOPKT67RUCQQIS4A,5.0,1.0,-4.0,1,1
AFZG2RWOQQGLYFHTZAZQAXYHDQGQ,2.0,3.5,1.5,2,2
AGHZH5XIXVEYYOJTVJIIURH4I5YA,1.0,3.4,2.4,1,5
AHGFEQ3KJWY36SU3VCFLB7HZQROA,4.0,3.0,-1.0,2,2
AENG7OXZNC6OCX454SCYEN7FIT4Q,5.0,4.9,-0.1,1,10
AHSG3DYFQOQBBM3J5P3LEUTPEZEA,4.0,2.0,-2.0,1,1
AHRI5FHPXUMJ7UHI26ZRPYBSCJGQ,5.0,5.0,0.0,2,2
AHQFE6CNYXTRBPFFQCQBTXIFOREQ,4.0,4.5,0.5,1,2
AGC6JE6QM42IK4MGOMOAXNQB5P6A,1.0,1.0,0.0,1,1
AFCVBGFZKWBQXK5E4QPRCUMOP65Q,2.8095,2.5833,-0.2262,21,24
AGH5XDG7SLABMBJ6B6KPGQS2Q4AQ,3.0,5.0,2.0,2,1
AF6FWX2SMPTN2YYSTEBE7R36ZWEQ,5.0,5.0,0.0,1,1
AE5M5VWQPT3ZVUQSDVY3E6SZJ2VQ,4.25,4.3226,0.0726,8,31
AGK5O22S6US4HWCA2C54OE43G3GA,1.0,2.0,1.0,1,1
AEIUPEOATFW2PHNNHBWZQQEIHNDA,5.0,1.0,-4.0,1,1
AGJBW233MLIQOYOCYUGVUBN5IIFQ,2.0,3.0,1.0,1,1
AFASLF7II637EERWQAOFD3HC726A,1.0,5.0,4.0,1,3
AEIMQMRBDSMFPCY73ONJLR62M6AA,1.0,5.0,4.0,1,1
AEGSBBEWZLOPCQFRWZZ5ALUVKX2Q,3.1429,5.0,1.8571,7,1
AGONS6NPKJ2WYZDTCZJB3NG62OYA,5.0,4.1667,-0.8333,9,6
AGGKZKOQN7TAV74NRGVQM6K632FA,4.5,5.0,0.5,2,1
AE7QMPZBVICPBLG764Z4YPZS4EBQ,3.5,4.5,1.0,2,2
AHB2EDEXDHNBVSEVAAKJUU7BRVHQ,2.5,4.6667,2.1667,2,6
AFBF2WNHYGUX45LCSBO6J3JAHB4A,2.0,4.0,2.0,1,1
AHURTOGCNRZRS7QIYFE56T7DDBHQ,4.0,4.0,0.0,1,2
AHPEGEFFS2F7IM3UX74ZNLSWPLPQ,5.0,5.0,0.0,1,1
AEYBXK4NNN26K2BWEEV6LTCYRDZA,5.0,5.0,0.0,2,2
AF4TEBJQU5IBMWK3TGGWLWHOSV2A,5.0,4.0,-1.0,1,1
AFWBQ6HPGYHPNROXS24TDDAOO6MA,5.0,5.0,0.0,1,1
AETLJMK7LP4EDZO7GAMMYRC44V7Q,5.0,5.0,0.0,2,1
AGFSF5RY67OZP6BSY3UCAOCX62EA,4.0,5.0,1.0,1,4
AFXPS5B4PICQOVC7OQEJLR25FSIQ,5.0,5.0,0.0,1,4
AEAHFWKY2W2OC6WWRZCK7RQYWZMQ,5.0,3.875,-1.125,1,8
AFNAZBLH7GKVNDCQRJZAHY5DQ27Q,5.0,5.0,0.0,1,2
AEZG3XUEV2RB5DPMULUOIUVF46UQ,3.0,3.7143,0.7143,4,7
AFDIHBCLLQIT36RL7ASNIMEOQXRA,5.0,2.0,-3.0,1,2
AGAVVGW3TKIGHWBSTEX5JWIJJCGA,1.0,5.0,4.0,1,2
AGMA2TIDAUQHZPEVU5HIYORHJHIA,5.0,3.0,-2.0,1,1
AH7X6MS2TB7VANNEW574MEDUTIQQ,5.0,3.75,-1.25,3,4
AGR2TEN67UKLOEYUS5WLTZWT3J3Q,4.0,4.4,0.4,2,5
AG2LTR2ZKVTSO5SWVRHFXL3RCZBA,3.0,3.0,0.0,2,4
AF6JTKHFFXYUD6BK432WW6VENWLQ,4.5,5.0,0.5,2,1
AGXYXEWCBIDTZTEWHVRURZLUPEVQ,5.0,5.0,0.0,1,3
AEOHFRF42FUGP3ANKHW6CMYD7W2A,4.6667,4.8571,0.1905,3,7
AEDT25ADFB2LLU3RL4VPBB5B5UPQ,5.0,4.0,-1.0,4,4
AFQABKLSVLPXFZDPDKR2OUKVDPXQ,2.3333,4.1111,1.7778,3,9
AEOKAUAPOEKG3FQNWYVPPCMMFAUA,5.0,5.0,0.0,1,3
AE2TJ3TNAKEHQMEQ4KCNBCMPITWA,4.6667,5.0,0.3333,3,8
AHE6PMKO33BH2RLP4SANUPMMJQWQ,5.0,3.6667,-1.3333,2,3
AFHWUJDTUCYCC4AOTUPTB3ZPK7SA,5.0,4.5,-0.5,1,4
AHWRU6QD4O6H3LXG4RGYUZPTEAEQ,3.6667,3.7333,0.0667,3,15
AGLS747SOVH7KNKSWONHJB6ZW57A,2.0,4.0,2.0,1,1
AHU3Z2SUJCR3SZDIVB3F5F25DR5A,5.0,5.0,0.0,1,5
AEJ732IB6QBIUDNYTK247ZOMWQVQ,5.0,4.0,-1.0,1,4
AFQYXBLUWYDHWMSCT4TJUJKU5HSQ,5.0,4.5,-0.5,1,2
AEYSGQV4B4CZ7JDDZDWL635O7N7Q,5.0,5.0,0.0,1,1
AGZRZXWHV26UFIGJQIFL3ZRJLD4A,1.0,1.0,0.0,1,1
AGC25KP3WWVAY6KM4U7NLLOBERLA,2.0,5.0,3.0,1,4
AFMYZHXCFE5M7GNYNNOMM4MQFP5A,5.0,3.6667,-1.3333,1,3
AF52QW3WNPTE3WXO63XDVUWOLWAQ,5.0,5.0,0.0,1,1
AFFPFMTWZ4BKK6QIZ3AUKHGUEREA,5.0,3.1429,-1.8571,1,7
AF6ENVRZYMCXLAS5QUCPDK6BIMWQ,5.0,5.0,0.0,1,1
AHZFJUIVWYVLZHBUOJTSQN22RGDA,5.0,5.0,0.0,2,1
AHDS3L25HLY2LQPIVJ7X7CA5CFQA,4.0,4.2,0.2,2,5
AHUMDTIYOHBUZB5SGKF3PAIBHIAQ,5.0,5.0,0.0,1,4
AGIK5JKWGXQ62VYGHK5R7MF47CXQ,5.0,4.25,-0.75,1,4
AH656O7JA3ZDOGZIUA66NWW3O57Q,3.0,4.25,1.25,2,4
AHPXX2MJQJGN6IPPWKMCUZDEHXMQ,4.0,1.0,-3.0,1,1
AEVFRKQKQR4MS42JEGRJ6QJEVPVQ,1.0,4.1667,3.1667,1,6
AGZP6CQF4BDESOCDBQAJD3BTUJYA,5.0,5.0,0.0,1,7
AEXFY7FXSUNMU4VK46UETKV3REBQ,4.0,5.0,1.0,1,1
AGEVVKUXJU2AOZL3SOIXWSNMPRZQ,4.0,4.2941,0.2941,1,17
AGGHJD3UAFFFG5NUGZNOGW7J5QFA,5.0,4.0,-1.0,1,1
AF4VP57CKEPDOXROEA77SIHKCPIA,5.0,4.0,-1.0,1,4
AGND6T5NQVO2FUZHXHVMNT5LF4WQ,3.5,5.0,1.5,2,1
AEJHQ54MGOVPTI5XW5Q3UDQQHAIQ,5.0,5.0,0.0,2,3
AGQSXY6R6IRJEOACVEZXQOBQLG3Q,5.0,5.0,0.0,1,1
AF43FBFWXVWBJ2IAKEY3TOFBHWCQ,5.0,5.0,0.0,5,2
AHXP2WKKUFBRICLYLP5CQFLWB5GA,5.0,5.0,0.0,2,2
AH2DTJ2VU3INGFWIPJPGY4CME37Q,5.0,5.0,0.0,2,4
AFNHWZK2Y3C6XNZ2PKBMPCXA5HIA,5.0,5.0,0.0,1,2
AEGOZHGBSMTIB2PFTJPULVZ3FYUQ,4.75,4.75,0.0,4,8
AFR5QF2I5CJNDUEISKRQXSKKX7EA,2.0,5.0,3.0,1,3
AHI7KYNFGQ6TKX5IA7YQH6BSNTTA,5.0,5.0,0.0,1,2
AGUOT4TLR6CIWR55JCSHRDZWGPOA,3.0,4.6667,1.6667,2,12
AHEKLYLJC7C3C7OJTSMPPRS2TBTQ,3.0,4.36,1.36,2,25
AGVF7N4L6BOM646L2LXLIX2X7KEQ,3.0,2.6667,-0.3333,3,3
AEND4F26MOL4N5PW2R4YNVHAI5DQ,3.1429,3.5385,0.3956,7,13
AHEK7PDAE3PWO7U6AWFKOSCSZY4Q,5.0,3.0,-2.0,1,2
AEY3ZACAYIZZC4ZUJ5XZXQTL4ABA,1.0,4.0,3.0,1,1
AFRUF5MUQGCCBDUGRLNFZZH6XVMQ,4.5,5.0,0.5,4,2
AERAIPXKW7FPXXAPUDFU3RAYMO7Q,3.5,3.5556,0.0556,2,9
AHBDYWSEN27YCC3OUZTEXQAA2P2A,5.0,3.8571,-1.1429,2,7
AGKV3IZD4CPPSBALORQCKA72QMPQ,3.0,4.2,1.2,2,5
AE6DO43XH46BPVVEQL3J6FTIWZPQ,1.0,5.0,4.0,1,1
AG3DAKZY2OR35DM4FQADC6ZZ2KWA,4.4286,4.4,-0.0286,7,15
AECBECGEIAETYTVG5UFUOP67J32A,5.0,4.0,-1.0,2,3
AGMZBUEW52RMI3B3PWKFNIVVSOJA,5.0,5.0,0.0,1,8
AFBZGGRXLFV5JVMVYZMXQ3I2MMCA,5.0,5.0,0.0,1,3
AH4JKTHOYYDU3ZROZKTBPGIVNYWA,4.5,5.0,0.5,2,3
AEMFRZWNZA5FG5IS7Y4QERW3MTBQ,5.0,5.0,0.0,1,1
AF3UTSZWFQTL6IGUOOR62IV2PQLA,2.5,3.3333,0.8333,2,3
AE7RBP763STEQBYOCJ334LEEN4VA,5.0,4.3889,-0.6111,1,18
AG44FBFH4F5DUP5DE74RHNNVEAMA,5.0,4.25,-0.75,2,8
AF7TXRSXY2GQ2BZL23EALU24EGVA,5.0,4.0,-1.0,1,1
AHOTJZZTW62YFJ6CQZMJM5KLZR6A,5.0,5.0,0.0,1,1
AHHO5TTWQH55PKHH6ZNCMV4E2IPA,5.0,1.0,-4.0,2,1
AFVPYQISSWZPN6R24I4X2QXTFZ7A,5.0,5.0,0.0,1,1
AERYOZQZJDDKQ5N2BOPF6HLJV23Q,2.75,4.25,1.5,4,4
AE3Z6HBRFS6DA4PNXF2UNQQLNUXQ,4.5,4.0,-0.5,2,4
AF5I5ERGWPXGKCAI4EKMUPSPPIIQ,5.0,4.3636,-0.6364,1,11
AESPDL7WYSHXR36BCSRE3KF4GV2A,5.0,4.8889,-0.1111,1,9
AFLFRYK7RQDG5XZL4L57DVCMSWZA,5.0,5.0,0.0,1,9
AG4Z6ADBCWJUSG7BWCERTNNN45KQ,5.0,5.0,0.0,6,7
AHQMNJ7Z3ZLCNG245TJLFWSDMBSA,5.0,4.9,-0.1,1,10
AEJWAOLIUU247AMZO4FEADHIMHPQ,5.0,4.0,-1.0,1,4
AGYYY5CSQOD6H2UQPM35Q637DXOQ,5.0,5.0,0.0,1,1
AGBOQ3DC7U36CFGCBAHERW6XM3LQ,5.0,3.8889,-1.1111,1,9
AGT2UANBPWZBHXBQAQZGRZ3DQWFQ,3.0,3.0,0.0,1,1
AH4QFKSXN3SUF7S6EBSMWJJDTIPQ,5.0,3.0,-2.0,1,1
AFA7IZDHVVTQQEN62KZ2VLLAEJ4Q,1.0,5.0,4.0,1,2
AF3M4JMGZVOSPURYFYFGEOE4OZBA,5.0,5.0,0.0,2,4
AHJVO5UQXNY56Q4CZVOEKVPONK3A,3.75,2.1667,-1.5833,4,6
AHN7X5E6X6F2ZCKI3MDBJGI4PNVQ,3.4286,3.7647,0.3361,7,17
AGPXMEYUJMXZ3VA57U4QRMXRXMMA,2.6667,3.25,0.5833,3,4
AFPTD4EMGUCHVKOA6DMEBOGFSQWA,3.0,5.0,2.0,3,1
AGI6PMYHOHFLOOSAPQEZ6U6ZKHNQ,5.0,4.5,-0.5,1,2
AHCEV3B2GFGMNG7JY7CM2SAJCTIA,1.0,3.3333,2.3333,1,3
AGUAS3KVAOFJVTOVLEURKRETXGPQ,3.0,2.6667,-0.3333,2,3
AGXMU44B4E4CL4EJ7HKGP3LFWACQ,4.0,4.6,0.6,1,5
AHTGKI6ZSUJM5A5K6MULSFZEG25Q,4.0,5.0,1.0,1,1
AHHF7BOTVTYBV7O7AOOBQCEMUBKA,2.3333,3.8,1.4667,3,10
AFGNVEIUZG4A45TBHG45H5Q5O3UQ,3.0,5.0,2.0,1,2
AGMX6KN5HMDAP6C4KU4QOCU5CWEQ,5.0,5.0,0.0,2,2
AGSUSU3MJOAZWEHEX2X4OAGZHD6Q,5.0,3.4,-1.6,1,5
AH2GQ3RWLFLVWJ3SKUTQCVF6QGTA,1.0,4.5,3.5,1,4
AHLHHJEEIERMTCJXW7H22K76ROHQ,1.0,1.0,0.0,1,1
AE7SIZHUKPGOXUEGW7EBCYLFFYWA,4.0,4.0,0.0,1,1
AGEP3DWRQDSCSAP2SKOSCU7I3CVQ,1.0,4.0,3.0,1,2
AHNC6HI3YB4UVMIPYLMK4LJXR5ZA,5.0,3.4286,-1.5714,2,7
AEIDWXEJRJOZJYYQ3UXXLPPLCF2A,4.3333,4.2,-0.1333,6,5
AE5C2TPREOQ4XT4IOXCMF6PTU3ZQ,5.0,1.0,-4.0,1,1
AE3S6UOAO6CVHDU4ULWAWFKAWDAQ,5.0,5.0,0.0,1,1
AEXSZ4Z6SZVH3NSLK5UXDNRFDR3Q,4.6667,4.0,-0.6667,3,4
AHRAFBPHB3G72KWXFRBCBI26MOGQ,5.0,4.75,-0.25,4,12
AH6LXYG4OP6D5AGNPFM42QDYVSPA,3.75,3.25,-0.5,4,4
AHTZ46MFLDBXWNFQSSZ3GPSFWZFQ,5.0,5.0,0.0,1,1
AGHMZGT7ASQN7L44HGKYW5F22NIA,5.0,5.0,0.0,1,1
AH566RGVQEITLCTJOW2C3PITC7XQ,5.0,5.0,0.0,1,4
AESB66GV7U2WT4P36Y6M7H5LJBVA,3.0,2.0,-1.0,1,1
AFM6C6NLNNRIV6SLZ4BDJZ65AVYQ,1.0,5.0,4.0,1,1
AG3TCSPSVFU6X6SZFIDLEUO7ZGLA,2.0,3.0,1.0,2,4
AGFXFTJWPP6X64UAH6T6F3336H5A,5.0,4.4,-0.6,1,5
AHFBOM4YQGNR7ILRXBDRHX6FRFNQ,4.6667,4.2973,-0.3694,3,37
AE2YHBN4OK3HDI4OSW4A5OTMOOMQ,5.0,4.25,-0.75,1,4
AHW7XLYFAGAGMJMT2PHTAPPKRATA,5.0,5.0,0.0,2,1
AGAVHXXHBZGRJQWF4COHZ6OXFV2A,5.0,2.0,-3.0,1,1
AEST67WJFZ2MAJDHXNVVOSHXKBMA,5.0,4.0,-1.0,1,1
AG2SO4CSAUWJFKVMI7O3ZPJUTYKA,5.0,3.6667,-1.3333,1,9
AFR72SPV4TBKBCLEUYUE5PNF7S6Q,5.0,5.0,0.0,1,1
AHHSZN7NZFV53R5NMIJ2ZLPA5VNA,3.75,2.5,-1.25,4,2
AGCMHNZ6JZ3NS44BIUFGOK7EOOKQ,5.0,3.0,-2.0,1,1
AGMQ2PAFS4BUIH5JNBPOFR5I2Z3Q,5.0,3.0,-2.0,1,1
AHPNBIJDHSGO3EWAPKPJ4PD53ISQ,5.0,5.0,0.0,1,10
AECOYETYWHA3CYH722WDPA4YAL2Q,3.0,3.4444,0.4444,1,9
AFNGC4PREDXX72WLV3DCRJCBWSTA,5.0,5.0,0.0,1,1
AFVLPTDF3UXADBA3MPHWO3ZTZHYA,1.0,4.6667,3.6667,1,3
AFZ5SG342C76JO5KE2ZRV2TEYIVA,2.0,5.0,3.0,1,1
AE4GL676LHDD5A6UDR5QZO7ULGYQ,5.0,5.0,0.0,1,1
AHELO2U3R2BTOSNNVSQHHY4FVZSQ,5.0,5.0,0.0,4,1
AFHQGYIBBL3N4SBOPGVDEVRYBY5A,4.0,5.0,1.0,1,1
AGCB7PQWEI3DTBUO56LDKPLK6KEQ,1.0,1.0,0.0,1,1
AEXMJWTCTICZFQ3AFK5HUVM3JBGA,5.0,1.0,-4.0,1,1
AGOZU6LDIB7ZAL22TI76CKUSHS3A,5.0,5.0,0.0,4,1
AHWAMRT767SUWV6IIKH5GVS6JJ5A,5.0,5.0,0.0,1,1
AFFERH7HTSO2PSIEPIDTPVDCAWJQ,2.0,5.0,3.0,1,2
AGJBFUE7FE4DU6W4VBR6L4UISTEA,5.0,5.0,0.0,1,1
AFXPIJPWG4U2GH2NR6SD2XZSFQSA,5.0,3.9375,-1.0625,2,16
AFTFTK4HSLB2FU5K7MZKRUTPGLHA,5.0,5.0,0.0,1,1
AE2VSFYYSEMM2Y3LSZBJEYWUE6HA,1.0,3.0,2.0,1,2
AHFTJPXBBIDPQEDEASAV3MP6VXSA,4.5714,4.0,-0.5714,7,15
AFCOU6PLISXOSK7222ORNOT3VXOQ,5.0,5.0,0.0,1,12
AGY6P5YYJINQFM6HR3UKY2SOOKNQ,5.0,1.0,-4.0,2,1
AG5HOHQUTITNFKPUMR5Q27OSQQZQ,5.0,2.0,-3.0,1,2
AHCMZ4S2ITJM7OH3UXSQ3LNHCV6A,2.0,5.0,3.0,1,3
AEM2CYM4UXMU5IKCIT477RT4ZU4A,5.0,3.6667,-1.3333,5,3
AE6ZHQWTQXRGKFFJFWYWXA3XXXTA,5.0,5.0,0.0,1,2
AGLBOG2QBBFJLUE33TKP7CVTDPOA,3.6667,4.6,0.9333,3,5
AG5RBENJ4ZBJ2NKFIN5472TQAHCQ,5.0,5.0,0.0,1,3
AHGNJXCLFO6KV4CKTYO2Z3MJ72NQ,4.2,4.75,0.55,5,8
AE2GH765U3YINPEDG3SNFBN4RKHA,2.0,3.3333,1.3333,3,3
AFBCRWOYSJKIM4POT7LYNOOLQXZQ,5.0,5.0,0.0,4,12
AHPXMHMLOWRCS22MKHBYBXM5JE6Q,5.0,5.0,0.0,1,2
AFEV4FRIFUQVL3RLVIUH6G4BW5PQ,5.0,5.0,0.0,1,1
AGKWQKGW5OC7NQNUZDRIHWHC3GGA,5.0,3.625,-1.375,2,8
AGGPO63DZASWZDTJFFP2Q6J2XLAA,4.0,5.0,1.0,3,1
AECR56ELOIOUS22S5QUWABHYJV4Q,5.0,4.3333,-0.6667,2,3
AFJMGHDCCR3M6SSUIMAPKDTAXOVA,4.75,5.0,0.25,4,4
AH3TTSNGWR2SZBJOMIBYERG4SZDA,5.0,5.0,0.0,1,1
AEUOKDCM4IUN233I34QZM4WOASNQ,4.5,5.0,0.5,2,2
AHOBLYZYDMWDKIOPGS24325MCKSA,5.0,3.0,-2.0,2,1
AHUJOBO3PGUVX6T5EAFPAHZ7OO3Q,4.0,4.1429,0.1429,1,7
AHKH76V7R5CTYR72IQHV65B237FA,5.0,4.9,-0.1,1,10
AGECCN6DEF7NOXSQKZGRPMNGJD4A,2.0,5.0,3.0,1,4
AGEVDDW4ETAGVOZM35SETS2XA5DQ,5.0,3.75,-1.25,1,4
AEBMH2RTUQC4HIY3T56M5WHHCPFA,5.0,3.0,-2.0,2,2
AFBT4TLXGZTK34EFTDUHJJL4FSGQ,5.0,5.0,0.0,3,2
AGE7SFWI27VEMQ37KGY5ZE6C2G3Q,5.0,4.6667,-0.3333,2,3
AFS4QADSS6SKYIJKTKH4Y2BOKJOQ,3.5,5.0,1.5,8,2
AGFP5LWF4TYNSSMP3R4F44ZMSAYQ,2.0,3.4,1.4,1,5
AHFCZELAIRC2JPED6CWV52PICC5Q,5.0,5.0,0.0,1,4
AEUNIUK4KFU6SU5QCJZ7U7DDNFVQ,5.0,3.0,-2.0,1,1
AHABWEXG5VKGA5NBGKE5VQ32S2IQ,2.0,4.0,2.0,1,1
AF4RMJA4U4KROK437XP4DDQIFO6Q,5.0,5.0,0.0,1,1
AF6BEGFP55YLSUYSZID6MQVKXJJQ,4.1875,3.4,-0.7875,16,60
AE44H3O2TTHFUFW4JMRU5EM6BIHA,2.3333,5.0,2.6667,3,1
AFSZBBMIZ32KQ6ACNNH4FK42E27A,4.25,5.0,0.75,4,2
AF47ITEJ25AGDA45UOWYQL2IE6DA,5.0,4.875,-0.125,5,8
AFKUF2XQ674RWMF4B3IZ6PUCBVNQ,5.0,4.5,-0.5,1,6
AEHHT76AYCWM5QEJMM64IQVBNG2Q,2.6667,5.0,2.3333,3,1
AHAUS4IFJB3O5OZKWOU4OQYWMDLQ,4.2143,3.875,-0.3393,14,8
AEG5CTFAGODP5KFIRO2DWHL3RVNA,5.0,3.4,-1.6,1,5
AFCQZPAM4EGFY7O7DF4MCCLHTYGQ,3.0,4.5,1.5,1,2
AH2EOYY7BJ3JLEBCUKBAFYDY5Y7A,5.0,5.0,0.0,1,1
AG7ZMF4U7MMRWV6IYWQ4FEZXRJBQ,5.0,5.0,0.0,2,1
AGUWQL7SSVQVH75EFOHWMAN5REUQ,1.0,3.6667,2.6667,1,6
AEZJHI44RWQ3JXPKSCGY4GYB6DAQ,5.0,3.5,-1.5,1,4
AGUGMB7JXWX5FO2LQEPCL4MST7GQ,3.0,5.0,2.0,1,1
AGOXLUFVBYT6P6RRAASTE54TXE2A,5.0,1.2,-3.8,2,5
AE4ZYPEBH7PVYWX5HHDYDATMY5SA,1.0,4.0,3.0,1,4
AG7AMTXL6H56TI3JKHWRFQ3VL3TQ,4.0,3.5,-0.5,3,2
AFAGZIKSJJ63PZSR6NPJJP2X36YA,5.0,5.0,0.0,2,2
AE77JMIVABH3RRNCM7GREUZYJNVQ,1.0,3.6667,2.6667,1,6
AFYA62KLTNZSHOUTX2RKBGHM77LQ,5.0,5.0,0.0,2,4
AGI6ZEAQ7M25DHG2UB7RQ7K7PBXQ,5.0,5.0,0.0,1,1
AHR3IWGVNJ766PVRB6WRGBNHRT3A,4.0,3.5,-0.5,1,2
AGCAGCH6HXYMZPV6JCRNTGY4ZC3A,5.0,4.3333,-0.6667,1,3
AGJ6HIOPEBJ4T3TPIGBSVROXR2KQ,5.0,4.5,-0.5,3,6
AHO3MK7Z33F5V3VRCKLKQZNI3TUQ,5.0,4.9,-0.1,4,10
AE4LJX7FR6MZRZNI3POU6NHAS4ZA,5.0,4.25,-0.75,1,4
AFSYQVEGQEV4N4FN2KYV2IFR6N5Q,3.0,2.0,-1.0,2,1
AGMR23YEH44ZCZWB7AFATCGYLXGA,5.0,3.7143,-1.2857,1,7
AFIQHC3XKGCIGW4TWGJBJQJDXRCQ,5.0,4.0,-1.0,1,3
AEJCWJW6B6OMVGUH5XTMSRGRAEXA,4.0,5.0,1.0,1,1
AFVI6U64MADQIUZ54ZMCF5LNHTCA,2.0,4.2,2.2,1,5
AHFD5T5JODKXLBMZZWU4PV4QNW2A,5.0,5.0,0.0,1,2
AEHXLMCW53N3ZPXGKVBVAR4MYBWA,2.0,5.0,3.0,1,2
AFU4ZTBJQAVHHPYHPGDX2MHCREYA,2.0,1.8462,-0.1538,1,13
AFMCXQNM5OYJTXLLES3AQTNH6XMQ,5.0,5.0,0.0,1,1
AFENZTUOQQCFRAB67CNKIUEQJ22A,5.0,5.0,0.0,1,4
AHPDWV46BSW7L4IK2FYOD3F3SDJA,4.0,4.3023,0.3023,6,43
AEEYLEQ77PEVU3TKMAC5PKUBQ2JA,1.0,3.0,2.0,1,2
AENYKLJ2M6YKWTGLKQVXMSADFWNQ,2.0,1.0,-1.0,1,1
AF4YEE3CDDTJNBBTC5IRYDATHJRA,4.6667,3.8333,-0.8333,3,6
AH5LIB5A7WEY5BSVWUSF2M7EORCA,5.0,1.75,-3.25,1,8
AGU3BIQTKKVPSAJBEFHKPCLDS7NA,4.6667,4.0,-0.6667,6,6
AHK7CRF3QBLMTYMHAWKBJJDL7QMQ,4.6667,5.0,0.3333,3,4
AH6QJDAOA7YLXXODI5ESYKZNTJ5A,4.0,3.6667,-0.3333,1,3
AEBKGCL5OI6NB3KM5BV3C5TGXFJQ,5.0,5.0,0.0,3,1
AHACJWXEJBNQNGDANDN3XWCHVSFA,4.8,4.8235,0.0235,5,17
AEEWOT24HIUYEYALGBNZ2XALTFHA,1.0,5.0,4.0,1,4
AGFXG4T4EYGOYCFLOT5BLMY73AZQ,5.0,5.0,0.0,1,1
AFWKM72ZPBHEI5S7BSKOUDYPXURA,5.0,3.625,-1.375,1,8
AEXMNKHQLIZ7WSUFCYOP7AX5Z6HA,4.5,4.5,0.0,2,2
AENEB35Q55CABHSXUEPPOP6GKKPA,2.0,2.8,0.8,2,5
AGQEJ4W26BUO3SCYW7CUPJBN2B2Q,4.5,4.0,-0.5,2,4
AFZ4XXXHYXSG3KBKSSVAGO3FRVMA,1.0,1.0,0.0,1,1
AFZUS3EYFRJ4VVJXRERCBKOR5FQA,5.0,3.0,-2.0,2,1
AFGKRCAFA35WHU2RQLUQWZ3HMGVA,5.0,5.0,0.0,2,2
AF5HNVZJNY3FPO3ZZ3BINPHYIFOA,4.0,5.0,1.0,3,2
AGZYRK2YDNYGMWJVAVQSQOY7BXSQ,4.3333,3.5,-0.8333,3,2
AFHDLVVSLHFIIRSUOXEU3VK47UBA,5.0,5.0,0.0,1,1
AGSTIZX6QKIKIUVOC6K26VMPRYTQ,4.0,5.0,1.0,1,1
AHKNTNFRLWMJF2IQIAK3D45DBC2Q,5.0,1.0,-4.0,1,1
AHYN6HSVSE2QWQIDNPF2SPPSC7TQ,5.0,1.0,-4.0,1,1
AGXNB5A3N2F5ZO5HZ5J3LIYQOOHA,4.2,4.25,0.05,5,4
AFC73VMGIF25B4WH7AJPVSLRD35A,4.0,4.3333,0.3333,2,3
AED45X4K6CQHG7IEMLZJSWGFEVCQ,5.0,5.0,0.0,1,1
AFTGPSX2UN25S52NNXYOD224PFDQ,2.0,5.0,3.0,1,1
AH2IWYOHYXFB574FN2FFGERR3G2Q,3.5714,5.0,1.4286,7,7
AEI3GPLW4JNOR6SOXAIII2J726CA,5.0,5.0,0.0,1,1
AGFUM7OF5RHWDKQJSRXM65WZSD7Q,5.0,4.8,-0.2,2,10
AFDQYRDE2PU6ATFQ6FVODLC7N2VA,5.0,5.0,0.0,6,4
AH4SRUVZMHIMP32LLQHFY6U62JRQ,4.2,3.8333,-0.3667,5,6
AEF2VNZBHXGYYT4HIM47OFP7S7HQ,4.0,5.0,1.0,1,3
AGXQPRDLDQNWE3WFIZNSOZU4SHMA,1.0,2.0,1.0,1,1
AGM5LIDUZO5N5N64BHFFUTSEQL2A,1.5,3.0,1.5,2,3
AGRMV5AHJPZEMV6SDQTIGN4KYMYA,3.0,3.7143,0.7143,5,7
AH6MEWPS2F27TBTP7FJTNXNJXSWA,5.0,5.0,0.0,1,1
AEX3X5U6N3DD2Z2FRMYKZFQ2DDSA,4.3333,5.0,0.6667,3,2
AH44QIRQDF5NGDHQHA3UOYEEZKTA,3.5,4.5556,1.0556,4,9
AHRSTZHPHSCHKA2QKGOOFAY2LKRA,4.0,5.0,1.0,1,1
AHMOKITEOF3GVVW4TBPDUGRABTLQ,4.0,3.3333,-0.6667,1,6
AEN54DXFFEGZAMQ6X554CZOVSXMQ,5.0,4.0,-1.0,2,1
AE266DKES4RSCWGGGFX6PK6F6ODA,5.0,5.0,0.0,1,1
AHBJEQD7GGO554U4IXKQHEQLSUKQ,5.0,4.8889,-0.1111,6,9
AHMYFX6IQ4Y44BUIVIEHGWP7OFRA,4.0,5.0,1.0,2,2
AHIZZW2CG5PFJC2YCBZQ6LRVYHLA,5.0,3.0,-2.0,1,2
AHCODIWP6OZWSZ5Q5REJCMM4T2EQ,5.0,5.0,0.0,1,2
AHGFMBGY32ZJIQCCGPYOWE5BPGLQ,5.0,5.0,0.0,1,1
AHWRXF6LJ4DKSIKCGHI37E7XO3ZQ,5.0,5.0,0.0,1,1
AFCSEKLCLJOLTOYLZP5MAJ66XNZQ,1.0,2.5,1.5,1,6
AHKPLOER77GDVJIPUXIWYOYK7L2A,3.0,5.0,2.0,2,1
AEDFEEPEKRD72XFJJR5GC3EUMV7A,2.0,5.0,3.0,2,1
AFCJGXLGQH3S7HJ6PIZCHU3LQ6GA,5.0,4.4286,-0.5714,3,7
AF22KMPOWQGO4FHSOBOSM4E2YHPA,5.0,5.0,0.0,2,2
AGR5GIC6GIUL7R2IOUJFWMP5R5WA,5.0,4.6667,-0.3333,1,3
AH4YBDAPV2V7HMIT5MSF2YINDCTA,2.0,5.0,3.0,1,5
AEC7QU5HEQCS5MI5CUUSS5W6WE4Q,5.0,5.0,0.0,1,1
AGMTVLINXXUJZNH5FMKE7BLIBIAQ,5.0,4.0,-1.0,5,4
AFD55OJAXGGY4IB4DANQ76EHCHKQ,5.0,5.0,0.0,1,3
AFO6VLB2XRA2CHKXCBDBOPNH2LZA,4.5,4.2143,-0.2857,4,14
AFCIYPZACFKSLPXEHLYKTP7M366A,4.6923,4.5652,-0.1271,13,23
AFTZ5X75MOY76BQP7J5TPX6QJQ2A,1.5,2.3333,0.8333,2,3
AF7CZRGWDZ2GDQKYEUT2XT46WKJA,5.0,5.0,0.0,1,3
AHTL2S4IMSLWDIUH7JSGHYDWZGEQ,5.0,5.0,0.0,2,7
AEJT7I5OYU4SEYMITC3ZDLYUG6RA,4.0,5.0,1.0,2,5
AHV5GMF562LI7SPQM4YUTI4RSEBA,5.0,5.0,0.0,1,12
AED4PJHUQ3OWREYWXNYPAKCKM3UQ,5.0,4.0,-1.0,1,1
AEF7UN4TMNJ6CWNDXC5VWNWWYX6Q,4.0,5.0,1.0,1,1
AHKJ5N2OACFUD65TABL7GCN44PJA,5.0,3.2,-1.8,1,5
AEKHTJHCXAUF2ZUZTCEX2XW5YMWA,5.0,4.0909,-0.9091,1,11
AFY5OX5YVXVCLQWR6P2476GDITIA,4.2,2.875,-1.325,5,8
AGY5ZAZOPYEORGLMIYSBN25IKNDA,3.0,3.0,0.0,1,1
AHRAY5NCL7S3OZUKJZ3F46QU4VRQ,5.0,1.5,-3.5,1,2
AFSBXFLFAEV5ETFWUVEE7OFMGUHQ,5.0,5.0,0.0,1,1
AHOOBNVURD3RJCB732WZZFTSHN2Q,5.0,4.0,-1.0,1,4
AGV4ZCAWNQWMFF6PPHZZ5FNI3QPA,4.5,4.6667,0.1667,2,3
AEDPMIRMUCABLDQHFHCJMVHSRYCA,5.0,3.0,-2.0,1,3
AECEVXRFEJACNRSORXUE4QIVVXKQ,5.0,4.0,-1.0,1,2
AF3NEJ6SAFCKXJURJQR4FAMHHP4Q,2.0,5.0,3.0,1,1
AGCLWPGW2IEB2CCF36ZOMPCWW32A,4.7333,4.3793,-0.354,15,29
AE6ZGNPT7TFZHBBLXYXP7U2MDKWA,5.0,3.0,-2.0,1,1
AGJJA3SXGEETVPKP3DFSQJBD5IMQ,5.0,5.0,0.0,2,5
AE3ZXYYHEY7JSZ54DWUSAO6JIVWA,5.0,2.6,-2.4,1,5
AGNJOHZGMZIEGWU2FHYWQKC2VMXA,4.5,5.0,0.5,2,1
AESVHB722SNMJ3QHIUDB76RKL2DQ,5.0,5.0,0.0,1,1
AERGHWCBJEBKN5IY32X7ZLLV23UA,5.0,5.0,0.0,1,3
AGCUKL47QV6QPTGVKKMGEYHIMF4A,5.0,5.0,0.0,1,1
AEINO5LI3YZL62XTFAX53DMC2IYA,4.0,3.7143,-0.2857,3,7
AGS4IYTRAAPAXUXLVYYFMBETYZUQ,4.0,4.5,0.5,1,4
AFILNFNBNCNKACK4SLXYWD3HRLLQ,5.0,1.0,-4.0,1,1
AFHGN2MHU5W2XUNSUSTE6ID3M6NA,5.0,4.8,-0.2,1,10
AHLK4KDZM67M2XK2LBRBTQZ76ABA,1.0,4.25,3.25,3,4
AFINRI2HVO6ZQXY7PP3OIXN7XOMQ,3.0,5.0,2.0,1,2
AHJ5YUYMK5TE3EMXWHBPDKBI2XKA,5.0,5.0,0.0,1,1
AG36LPNNE6I4QDBTWL2ACXVORESQ,5.0,1.0,-4.0,1,1
AHZ2ZVYZUQM4VD3AMEOBPXQWBKYQ,3.0,5.0,2.0,1,1
AHPE4A6B6QNM24VBGP3EYBZAX5OQ,2.0,5.0,3.0,1,1
AEIMWPPP6XWXTB5PTUIZ5HQV67MQ,3.0,5.0,2.0,2,2
AHZN46ATBIHXRTJQZ233E4EFFLMA,5.0,5.0,0.0,3,17
AEPKVRD47BUJZ7SHGJLBEUTFBN3Q,1.0,4.0,3.0,1,1
AFP2Q7RVMYW24FKQ2QNSBXENZQAA,5.0,4.75,-0.25,2,4
AEGHMBBKZRWCN6K353TD5EHOZDCQ,5.0,4.6667,-0.3333,1,3
AGW54JEA5RCBK7EL7JR27Q4XIUQQ,4.5,4.8,0.3,2,5
AH2VWLP2ZDU7ML2USUYLABSOK7GQ,3.0,3.6667,0.6667,3,9
AFDSRMYIBSN45T2ONIPAQB6ZP44Q,4.1667,4.1429,-0.0238,6,14
AFULMEFPQR3PC6IQDQ45TYM7T3FQ,5.0,4.0,-1.0,1,1
AG22DJN2JSBCUOWL72XQCG7245RQ,1.0,1.0,0.0,1,2
AG5VFDHE7CJBJNPB7EH6XZDNLXLQ,1.0,3.6,2.6,1,5
AE3LLEKC26YCJ7EN3WCRBJJZHDNA,3.0,5.0,2.0,1,1
AEIP3G4VXHNHYERKOIA66RE2EXQQ,4.2308,4.0,-0.2308,13,4
AHUAUVY577PXBS3KUOYNEZ4SXKWQ,5.0,4.8182,-0.1818,3,11
AHVAUVJOTZ5KHRUVODOXNHFCIVXA,5.0,4.5,-0.5,1,2
AHT3U73PPORGNZSG5RVUJ3LLZCMQ,4.0,2.0,-2.0,1,4
AENEHOJE2VOHDQ32CSM7DPYPU3VQ,4.0,5.0,1.0,1,2
AGB25YS3EDL7WZIW3AGR6N5JCB5Q,4.0,3.0,-1.0,1,1
AEYX5XRQWYMSAFQ2A6IWZ2OH5BIQ,5.0,5.0,0.0,1,5
AHYPLANGX4OMVJ2GK2DVUFGLX47Q,3.0,4.3,1.3,3,10
AF6L3MT7HRZF2SKKWVFDOJAIRQQQ,5.0,4.5769,-0.4231,2,26
AEIS4HZWEWTQ4MNRB7UBKAP62Y4Q,5.0,5.0,0.0,1,2
AGSUCJURIYNMZG6KFDVOSZAEWRRA,5.0,5.0,0.0,1,1
AFEHJ7KYX257ADL3PTQJATOV4SSQ,5.0,4.0,-1.0,1,2
AELOR5LPYCFZPHWFLV52EEH2QXFQ,1.0,5.0,4.0,1,2
AHLLVQMRRIEIV6AHBLXP6KCYJUCQ,5.0,5.0,0.0,1,2
AH3K5UDXQJPBBOGZXLGVNJMD2GSA,5.0,5.0,0.0,1,6
AEPILZVF6JIKAKDHSTP2OKZWTMTQ,1.0,1.8333,0.8333,2,6
AFQZQJ3ZWVT4VMKTZLUXRCQNP4AA,5.0,5.0,0.0,1,1
AH7XRHSKJQWCEQT4A3AGEGNPQEVQ,5.0,5.0,0.0,1,1
AHAEEV7HSEIPFNKPUV3NVN6KSVYA,3.6667,3.3333,-0.3333,3,3
AFDGDYFVRJ2NCE6SS2P5IK6YCIZQ,3.6667,4.2,0.5333,6,10
AGZGJTXTDSAX6SASUGLULJDNNT5A,3.0,1.5,-1.5,1,2
AEYTXC66XNSH4YNEXOWGZHQTJDAA,2.3333,1.0,-1.3333,3,2
AH76OEO4D3DNG4E22Y4MVKCQDOSQ,5.0,5.0,0.0,1,1
AFJU2LKDRC3QZGDXEDIIQTYU7TPQ,3.0,4.1111,1.1111,1,9
AFX2S3BBILAGIUGTHRNEXS3GXQ7Q,5.0,3.8,-1.2,1,5
AHFEOFF7ZMIGW4ES7W2DGEXCSK7Q,5.0,5.0,0.0,1,1
AEHENFEC7QAZBMPJHY7OYFQDBDEA,4.0,5.0,1.0,1,1
AE6V2QRNUSWBG67XLTZWIQQG6C2A,5.0,5.0,0.0,2,1
AF2YMWHVEKTOMIQ6MZOXBO7UKNVQ,2.0,4.0,2.0,1,2
AGMNZE2T7QELOSAJWAY5S7XY6JWQ,5.0,4.75,-0.25,3,4
AHRSCDX4RNVJJB3XRI2G66CGH3FA,2.0,1.5714,-0.4286,3,7
AHE5B6XU2TW5SG2P2DRES5EX5C3A,5.0,4.2,-0.8,1,5
AF4QPRWO5EUY7ZT3UPJRH4B2AZZQ,5.0,5.0,0.0,1,1
AGYPKJS4BH7FDKBNZE5BPPCIY6WQ,5.0,4.3333,-0.6667,1,3
AHMAMEBS7CBJFQDJCVSRIE4YQBEQ,5.0,4.8571,-0.1429,3,7
AHYDQGXTGLNJUB6FNE5MDLLZCWVQ,5.0,4.0,-1.0,2,5
AHKTODRAZ2NEDE7B7KVRJAVBEUNQ,5.0,3.6667,-1.3333,1,6
AEOA5YFWCFWF4WE4SNPT7GMRJNMQ,3.0,2.5,-0.5,2,2
AE6ITVFCMWRXWKJTTJSQVAXIYPXQ,5.0,5.0,0.0,1,1
AGAUBPYAHQ3YZ7VKOGBUXWXOOPHA,2.0,1.0,-1.0,1,1
AFR6AXGYSYS65JGABU73AW6HELAA,5.0,4.8,-0.2,1,5
AGDVQXVN4AQ3GH6ZTMEWHIVUAEVA,3.0,3.0,0.0,1,1
AH7BJR3NCD6WGFW4LWZHXEC27CIQ,4.0,3.0,-1.0,2,1
AEUCIZZCUPMVZM3O6KVJD7TAFSAA,5.0,5.0,0.0,3,9
AGXLED7QCFWC7HJXX7UWMCHZJP3Q,5.0,4.0,-1.0,2,1
AG2TK7XONYYJHAB2IFJEHEARWPWA,5.0,5.0,0.0,2,2
AHXDYIE2F2GLGVJQP7PCTJPKHC6Q,1.0,4.1667,3.1667,1,6
AE5S4J2YIT5B54GOXM4SEWOPLRAA,5.0,3.6667,-1.3333,1,3
AFJKPNFIVKMJDOP6DOUZQF5Q4DLQ,3.0,4.0,1.0,2,3
AEF4G7O3FBEDTMQIWQGR7RAIZ7VQ,5.0,5.0,0.0,2,2
AHICTAKH74PHH4J4UV5ZHQ4UQC5Q,4.5,4.25,-0.25,2,4
AGJDTUMOJAJTZN3LDVXULSPH7AAQ,5.0,3.4,-1.6,1,5
AG3ZMGSN4U6KXZU54KDUCXH5NUMA,2.0,5.0,3.0,1,1
AGLGGKXXP4GKMGD3TSIZ5XFYPLKA,5.0,4.0,-1.0,1,1
AFZE4F2BC5TTFNFDPHO25OW6F5KQ,1.0,3.6667,2.6667,1,3
AHJWECDQRV3A7HCLM57MULAZL7DA,5.0,4.5,-0.5,2,2
AFCFMNSG2QDUFAXAQKBDG5E23QZA,5.0,5.0,0.0,1,2
AFCJQAPBFGNPJUXNH66QURRQ76WQ,4.4,5.0,0.6,5,7
AFD6U3ATC6C4PH4YT2TICNXYJVWA,5.0,4.0,-1.0,1,1
AGIH5BG6GCD76ZSVGSAPYDVA3UNQ,3.0,3.5,0.5,1,2
AEZIV2O4SQ5VZIS4JXYMBS3IGLCQ,5.0,5.0,0.0,1,1
AH4YEQN6CA2Y7GAG2NKK5L3RKTEQ,5.0,5.0,0.0,1,1
AEQ5C4PLPOXLRAO4HS2DQVZCW42Q,5.0,5.0,0.0,1,2
AFXXFV4XFSZLDLWAP2VJSEVKD77A,5.0,5.0,0.0,1,6
AGBQAZY4BBPWX5DWGCA5NZSDCMXQ,4.3333,3.75,-0.5833,3,4
AGCDYLZDNOUK4EA55MOXE3CPILKA,5.0,5.0,0.0,1,1
AEMBMTSHCCC2BUWROZGXKC6N6XNQ,5.0,4.1667,-0.8333,2,6
AHUKEBY6KZBMZOZV36ZJPASXD52Q,4.0,3.0,-1.0,1,1
AFGWMCTN6WM5AJC3FXQOPYVUL6RA,4.5,4.4444,-0.0556,2,9
AGMO4SXIP4UDLF67DZHYJB4V3SHA,5.0,4.0,-1.0,1,1
AET2N7P7JIUYI6FPBAXJBCBWT55Q,4.5,4.3,-0.2,2,10
AE6FNMXP2JD6PJDQ4ZZAJ3HDEAFQ,5.0,3.0,-2.0,2,1
AEZ4DLJAJZ5OC73NWHTCYABBVNTA,5.0,3.0,-2.0,1,2
AFQFFRJIJXSBZ45D46DMODAK6HAA,5.0,5.0,0.0,1,1
AGXU5F4LTNZPOEBLPGHCXLKYEJZQ,3.0,4.8889,1.8889,1,9
AEV3PZEMZYRBHNZQCSVUXIU5Z32Q,3.0,3.0,0.0,4,2
AH2GV2LH5XB7LPEQYOOCY3WETMVA,3.0,4.6667,1.6667,1,3
AE6D4WS24ONDBU5ENIAGOXIL3AQA,4.0,4.0,0.0,1,3
AE6JNN33WPWJD2PIWIRHMR7JMGVQ,5.0,4.3333,-0.6667,1,3
AHAHPJDROCWE5SE3V2LQD6XFJCRA,3.0,5.0,2.0,3,2
AH7JWQ36AXOWAHNEVYQHO5AEIJJA,5.0,5.0,0.0,1,1
AEDIACIDTHT5PJHRNGKIS2SK4PEQ,5.0,5.0,0.0,1,1
AF4TEBBLMGL3GGN34CDEAZZEGI4A,5.0,5.0,0.0,2,4
AFJTDGNYZHU7XXR7K4VIECKW3XWQ,4.8571,4.9,0.0429,7,10
AED2DTPX6KD7J64LJT2CSAPG6HSQ,5.0,4.6667,-0.3333,1,9
AFOVDTJHHYQRZCCGSSKNOMVGQBYA,5.0,4.6667,-0.3333,1,3
AFPTFM3BQ3C34Z3OCEGH7GSQJEQQ,5.0,5.0,0.0,1,3
AEAGWXCFDEGQYN3CAIWOM5SY6HCQ,5.0,4.5,-0.5,1,2
AFYYUTB5YRKZ4Y6QOFX4LZXL66BQ,3.0,5.0,2.0,1,2
AFS5FDTAMVKUKJ7Y2OWVEMOV7P2A,5.0,5.0,0.0,1,1
AEYIDWLTASE3XAM6XWLZJCN74JNQ,1.0,1.0,0.0,2,1
AEKBYIWPVY2R4WVKGFARHCMKMRPQ,5.0,4.0,-1.0,2,2
AHIAVF7CT4FFMNTUELL5XITEOQWA,5.0,5.0,0.0,1,1
AH2R3RRFZSBMCJ7RKMQRGM4O25JQ,5.0,5.0,0.0,3,1
AHWG6GTRZPMDWOEISQEO26E7LU7Q,3.0,4.5,1.5,1,2
AFBSSPGTKGM55RWT7PIHDJ3HF2NA,4.0,4.0,0.0,4,1
AGZXAEO3TY3SYKYCFBFAWC6RO2HQ,5.0,5.0,0.0,1,1
AGDODHY5R7RUZN4C46VTOP25XMPA,5.0,4.6667,-0.3333,3,6
AEUBT2JRV47N2HWQFRBDLHIN4JIA,5.0,5.0,0.0,1,3
AFRM2NWDZBKKU5YU6QNVKEDNONAQ,5.0,3.8571,-1.1429,1,7
AGDDP7S45UJB2NDZDB2J7IWKZTRQ,4.25,4.7059,0.4559,4,17
AFGLFJLTJUB3LUSKJBEBBAKGJJBA,1.0,5.0,4.0,1,2
AFUQUKMPZJ64XDTLW475RJEKF3YQ,1.0,2.3333,1.3333,1,3
AFRNGVGDWSUN4ZQX2FI3UCNFWEGQ,5.0,5.0,0.0,1,4
AH3YW3RJOYLMBNZTHEPP3XEHEO6Q,5.0,5.0,0.0,1,4
AH4J2LBLFITYSJSJNFMLABKSJS6A,5.0,4.6667,-0.3333,2,3
AE3QRER4YBQC6A7VF2GWMWG7O6PQ,1.0,3.5,2.5,1,2
AG2AUIORQ6VAIKBEX224J4F2BYRQ,5.0,5.0,0.0,2,4
AHZD2RJFWGE7N633CV3AKR4PARAQ,5.0,5.0,0.0,1,6
AGKIEXN7P6TGG55KMHRTJDJI4KAQ,5.0,5.0,0.0,2,4
AGZINRO4MZKYKCJDNENYK6P4ECKA,5.0,5.0,0.0,3,19
AFIPUWA4VBO7MLWZAOYKR2AKFBPA,3.0,2.0,-1.0,1,2
AEPOULWM7EICTOVNLAX4EJMMMOHQ,5.0,5.0,0.0,1,1
AHG4FUJNGYF2VPU442GMVD3OYEQA,5.0,5.0,0.0,1,1
AGQHS7Y4HFFFPMYWBIAP7VM2TVMQ,5.0,5.0,0.0,1,2
AELDLWT4BJAC72KIVJM5GSVVZK2A,5.0,5.0,0.0,1,1
AHORC4ANJAIFDM343G27UNJADQLA,4.0,3.8,-0.2,3,5
AF2I3XEWHM5H7NCW6JYSYNBUJOUA,4.2,3.6,-0.6,5,10
AFM2STJOTBO2X5SOUPCV5EVLYRKQ,4.0,3.0,-1.0,1,1
AFUOJ2RBC3GMPKSTLQMMQHYM3FKA,5.0,3.6667,-1.3333,2,3
AH2C4BI25ABS2YNXHD4AQAQEXE2A,5.0,5.0,0.0,1,1
AGOLHYHPY5ORN74BFGKISZAX4SUA,5.0,5.0,0.0,1,4
AEPIFEFRBSVRWVPCZAPYLINDEOYQ,4.0,4.1667,0.1667,8,6
AEZH7HPT3TPKQGSOKJ4Y7IZ6BFUQ,1.5,2.5556,1.0556,2,9
AFWGUYRENBWKN2UY7P3NFDXMQ6VQ,4.125,4.6667,0.5417,8,3
AFPILT7G54XBXAQ2VZ7L57NAWJMA,5.0,5.0,0.0,1,1
AG7EJKYLB3HASKXQOIWKPG7K5WVQ,3.0,4.0,1.0,1,1
AEEBW2NHWXP453GMGPQB7WIMC7CQ,4.5,4.6667,0.1667,2,3
AGO4H4KPUDKANZD3P2UZNRXRJIXA,5.0,5.0,0.0,7,2
AEHNEQDOTM5JWC254LB4AY2AHVQQ,4.0,3.0,-1.0,3,1
AHBQASRVHUYXYE7J3CAKCZKSW4TQ,1.0,4.0,3.0,1,2
AHNPNJDR4N7SYPB4XD2NQ5IAZN4Q,4.0,4.0,0.0,1,1
AFO4DJZB2QJ2AQMRI2JERDQY3ALQ,5.0,3.5,-1.5,1,2
AFOPM2VEVRDG3MW6LJSWA22MOYDQ,5.0,3.5,-1.5,1,2
AGBJKBU7GV2XPG2SCCCXXLP4D6IA,5.0,1.0,-4.0,1,2
AFP7T4QSB3NULNLMGH4EWBQVUA5Q,5.0,5.0,0.0,2,2
AES4IXBW3FCC4KO5WMSWYRKUJJDQ,1.0,3.0,2.0,1,1
AFPXWQS4HM4OZO67IHSKQKT5KEOA,5.0,3.0,-2.0,1,1
AEHTICFPGV534R4LFSWNCBO33ARA,4.0,3.0,-1.0,1,2
AFDFHD2ABLDMKO7O6ZYTAWMOOOUA,5.0,5.0,0.0,1,1
AHA6JL3FX6DU3M5XGB3RQUJCD5LQ,1.0,4.7143,3.7143,2,7
AHT2X6NY6VY7KFQPGKKVNERQDVPA,5.0,4.3333,-0.6667,2,9
AGMUXNMUSWUPNKZNZLSTL47VJ7VA,4.0,5.0,1.0,1,1
AEPZCW6M6E7H3NGAK3B6O4DEUVZQ,5.0,4.9231,-0.0769,8,13
AE2GN6X56JOVAXQJHKKSOY6QC5BQ,4.25,3.5455,-0.7045,4,11
AHQBDY6HAIGQ5ZJM5F23BSZLJV3Q,5.0,5.0,0.0,1,1
AFDGUYCESXEUVPAGKNWNBD3RYTVQ,4.0,5.0,1.0,1,2
AHXGHIDX226DR2IMNEWF5APCY2SA,5.0,4.4,-0.6,2,5
AHMWHGZQNE6TYBPXYTWPR5QR2EOQ,1.0,5.0,4.0,1,1
AGRGSKGGISZOY2NDJW5CTJ2VKJTA,1.0,3.5,2.5,1,2
AEBCTEIWEMIIQKW5QI2PEPN4XMQA,1.0,1.0,0.0,1,2
AEEQDS2KANXFBE4RTN4OKQ6WF5IQ,1.6667,3.4,1.7333,6,5
AGOJTT5P6NSAT5LTUIASYOBOQO7Q,2.0,1.6667,-0.3333,1,3
AFDHCUMHYUWEQ5BAW2OUTGOWTCEQ,5.0,5.0,0.0,2,3
AFMWOCTJ7KXN44XCAOJHEQIBS3QQ,5.0,1.0,-4.0,1,1
AEJWWL473ZSMFQ22HGUERWQ6LSXQ,5.0,5.0,0.0,1,2
AE544XBZUZPQOWPGGIFZ7VTO7T4Q,5.0,3.3333,-1.6667,1,3
AG3IKNNJX7ZUMPR7VNK2MGPM5YLA,5.0,5.0,0.0,1,1
AHA3MGJR73QEILB7L3Q7GRJC7GSA,5.0,5.0,0.0,1,1
AECDCFC5YQCMVS4HCXRLBOESY3EA,5.0,5.0,0.0,1,1
AGA4ROM3FSWRYBQSN3CVU3OWMUZA,5.0,2.3333,-2.6667,1,3
AFWAU6GWNCMUA4GHZMSHGEZVGJDA,5.0,4.8,-0.2,1,5
AGMS36OUSY4B4LCXHMOFBRV7DROA,4.5,2.0,-2.5,4,1
AEWDU73WVM3O6Q52JR6ZHG6UOKUA,5.0,3.5,-1.5,1,2
AE2GR4ZZTVPQ55QU6UCUOKLG5SMQ,5.0,4.5,-0.5,1,2
AGW4VUKRPFMRZOXZVMNSQLSG2V5A,1.0,2.0,1.0,1,1
AFQ5W6Z6YXW3SSL5BGCXJUY247GQ,5.0,5.0,0.0,1,1
AGM3MOQS2ZJNZNC33OAMU6HIJZYQ,5.0,5.0,0.0,2,1
AGDHIYEQXBFOMXU2ZOMNDPOI2JIQ,5.0,4.8333,-0.1667,1,6
AHQBW6AXOTEOPJ2V3CPU5J2CA3TA,3.6667,5.0,1.3333,3,1
AFZNTWXTZXES6SPC7477FTAWFYYQ,3.0,3.8,0.8,2,5
AFNWQLVUKN2A2VHJAKVPKCS47P2Q,5.0,5.0,0.0,1,5
AH4TZU5YICPER5TLFFYPFEDJ6ANA,5.0,5.0,0.0,1,3
AFQTWHLEWXYHE5XOKLWTUBVB2V5Q,5.0,5.0,0.0,1,3
AEPGHH3QW4TDKL34PA23GOLUFUJQ,1.0,5.0,4.0,1,1
AFFCGHGCIEHY7PXTIY2PAGERNV7Q,1.0,3.0,2.0,1,1
AHTMQXALY5AD77OO2DWRHCIFG6LA,4.0,5.0,1.0,4,3
AEQIMDNIKFUMUHA2APQA3IXYNPPA,5.0,5.0,0.0,1,1
AEAUEGAK4CMAL4SJZWT2GDM33DAQ,3.3333,3.0,-0.3333,3,2
AGCBKBXQY72RW3EAMBC3S6HSNMUQ,3.0,3.3333,0.3333,1,6
AHIVY4K6FNXMUIEKQQHYAFRRXAFQ,5.0,5.0,0.0,1,2
AEHI3DLDUC2QSAQFSVNJN5R3QYAA,3.875,4.8889,1.0139,8,9
AGHK7U2EWI4SI7PZB3243PDCV5PQ,5.0,4.3333,-0.6667,1,6
AFR4GBI7JYICNUEE3NRIKOXPCYDQ,5.0,4.4286,-0.5714,1,7
AEUMCZ3BI2VPT2HD4PR2AGAMALGA,5.0,5.0,0.0,1,2
AEKAGJIV7M2RQ6TOFSSC6OTXFYJQ,3.5,5.0,1.5,2,1
AGYQCV6VOSXUQAWDDMRLFB6HLMLA,5.0,4.5,-0.5,1,2
AHJWJFJ26LWINQE3XBVXNKXOP4MA,4.5,5.0,0.5,4,1
AE5VQZUSNTEWIYCKN6PIFN6TNCOA,5.0,5.0,0.0,1,1
AHTZ223CXXHEML3LU6VQULYQCGNQ,5.0,5.0,0.0,2,5
AFTO35Y3RIIYVZSSZ5DCYLYRW43Q,5.0,5.0,0.0,1,2
AHPEA65CJIDOKPWY4TBF6HD5U2OA,5.0,5.0,0.0,1,3
AHEYLRDJJG6UYX3FGOPTHXLVKWEA,3.25,4.0,0.75,4,6
AGGZD5PJ7OQ674TC4MNC6EL7I73A,5.0,4.8333,-0.1667,1,6
AEVZT4UWFWRYL6G755QK52SPAQQQ,5.0,4.1538,-0.8462,1,13
AGHSNORKIEJWBXYL46KXYYVLSABQ,5.0,5.0,0.0,1,2
AFDU6FNOTHDJ7PTVUR3TPM6BG5SQ,3.0,4.5,1.5,2,12
AHZR3OT52M5MQLB4RL4YTW53TS2A,2.0,4.5,2.5,1,6
AHE6UULSIZPWI3C5PCQEQPAMQFYQ,4.0,4.3333,0.3333,3,6
AFEFDANR5NXNSIMF7V6CUXWICYUA,5.0,5.0,0.0,4,2
AGKVSO3XIUIPMYZIEZZD5XW7L4AQ,5.0,5.0,0.0,2,1
AFEATFCHGLCGFIBVJ6BCOUJ7ZO4Q,3.0,5.0,2.0,2,1
AHX5TRNLWXFBSIB2YMZKRYAIDH3Q,5.0,3.8571,-1.1429,2,7
AHEGD7HPN2KDEEAJ7K7UWMQBQDSQ,5.0,4.0,-1.0,2,1
AGZ5H6U2U37YNLRCFWVOD4YMRDRQ,5.0,1.0,-4.0,1,1
AHLPKWPCNWDMUG7EYLJ2TIMWCZIQ,3.6,5.0,1.4,5,2
AERN5GUQWW73XDKUJLMWINVEPIWA,5.0,2.0,-3.0,1,1
AFHX6ZA2YJLGDXBVPQNOFTITGTQQ,3.0,4.3333,1.3333,1,3
AESJ2CQWAIEDCECSVCWGIBQVUWTQ,1.0,3.5,2.5,2,2
AFUXGEN3SOBI5CT5FXM73HI3LMZA,5.0,5.0,0.0,1,2
AFZHDN57MAKO3PYCB63MHOMXPOZA,5.0,5.0,0.0,1,1
AH43UIB2SQFNXKQJDBXQ5B7YASBA,5.0,4.3333,-0.6667,2,3
AGDPPN2ECJ5VIX7TGNHWPP2FMV5Q,5.0,5.0,0.0,1,1
AGJSELCPGIZXETRM2NT4IAS5S4VQ,3.0,4.0,1.0,2,4
AGI2OBXRTDVOGMAIZMA4BG4RC5BA,4.5,4.5,0.0,4,4
AER42VT5BXZ3XEFHWLX53IMIQ42Q,4.0,4.0,0.0,1,1
AGDRRGBISDZOGW7PO3CQ5NLZOAKA,4.5,4.4,-0.1,12,10
AGR6A5SYOR2FSDG4HBXPVZHBXMXA,5.0,5.0,0.0,2,2
AEMKD5EGGTXZNHDS7XZR7GNPLQYQ,5.0,5.0,0.0,1,1
AFQ5NFJ4O6B6X5CN67ONGVV7KEEA,5.0,4.0,-1.0,1,2
AFZG43SLJHAEQGI6YFD5RZMJ57ZA,3.6667,4.7778,1.1111,3,9
AGA353N5KF7ZDJ7OQE3JJT6N736Q,5.0,5.0,0.0,1,1
AF3VAMIZPIPYOCHHSZBZYBWHR7LA,5.0,5.0,0.0,1,4
AHZFLUNQQELEZ6OQVHXO2QXNUG4Q,3.0,5.0,2.0,5,1
AHVQTNIIVANXR52HNTTFJZTV5J5Q,5.0,5.0,0.0,2,2
AE5OP7DZYKCYIM5K2TP6Y7AFCBEQ,3.0,5.0,2.0,1,1
AGQSEJKSOUMTYR52736JQRY5QD2A,5.0,4.7273,-0.2727,1,11
AF2NVWQOVRKZT2FCPNINDEKCUKYQ,4.0,4.1538,0.1538,1,13
AHTDXMWTWABUM6PHUPA2F44QM5LA,1.0,2.0,1.0,1,1
AESVGHV6ZTMMT4A4HM4HY43N5WNQ,5.0,4.8333,-0.1667,1,6
AEI5ZGN2V52ILUWX7IIGEFTK2F6A,5.0,1.0,-4.0,1,1
AFIKULE6XILJVGOOZWJCPWJQZLSA,5.0,4.5,-0.5,1,2
AFKJNZE6OALZWJOJVOYGTKIE4QSA,5.0,5.0,0.0,1,2
AHUSL4DRVPLR7CBIJZZSTBBXORJA,3.6667,1.8,-1.8667,3,5
AHJSPCZTM2CJLESZ24GAJPJQ3VNA,2.0,5.0,3.0,1,1
AF44APFUXRBZPTJHU4VGZFAUGMLQ,5.0,5.0,0.0,1,2
AFQBIT4RCIUH3EEAVUNKJGSKBJFQ,4.5,5.0,0.5,8,4
AHGHVFNINP46CVIWZPYKORS5JQAA,5.0,4.0,-1.0,1,1
AFMW3RX2A75VI5X5WSPPBIRHNMBA,5.0,2.0,-3.0,1,1
AHPTG27RMZA4NJFDS4PDSSIEYEPQ,5.0,4.5,-0.5,1,2
AEDQOZSNIEI44JOYFBTN3WMZMETQ,1.0,3.0,2.0,1,2
AFCPYQAK4TECLRQ2JAWOHFU56RMA,4.0,5.0,1.0,1,4
AEMBBDDAY5XW2NAK2V462HNTIPOQ,2.0,1.0,-1.0,1,1
AEKHFWB7GOVDPTMX77VRLDVR642A,4.0,1.0,-3.0,2,1
AFQ346V2A53CQD4H3QY5ZLDDBA4Q,3.5,3.2,-0.3,2,5
AEHHTRVPSKKGNLKDMAT2SZ3HE2KA,5.0,1.0,-4.0,1,2
AG73UCZEAN4X2Z2UB2KX7ZTQV4CA,5.0,5.0,0.0,1,3
AE25AJJL37ICF3MTQTXRPOY7JQOQ,5.0,5.0,0.0,1,1
AH5KIIHQ77FERU5Z3MEL7WUN7LHQ,5.0,4.5,-0.5,3,2
AGCVTHF5W3U2LPHCIBHDQLEUW4NA,3.0,2.3333,-0.6667,2,3
AGWCVZHG5IVNEAU2A6OL74A5LOHA,4.0,2.4,-1.6,2,5
AFO4PAMPNGPD6TKHNREQH5V4L4RQ,5.0,5.0,0.0,1,1
AF4WFGBJ2CFSMDSXCLFLJ7OMPJ2A,1.0,5.0,4.0,1,2
AH7QYAQRK7AYK5ELXHQVIGZ2KENA,5.0,4.875,-0.125,1,8
AE42BB5UTDNF4BBKG7CQZOXUCQQQ,4.0,4.6364,0.6364,2,11
AEC42PFSKVY2SGSIWDQPITCISULQ,5.0,5.0,0.0,1,1
AGVLIOINFQTTP4U366BDVYH4XDSQ,5.0,5.0,0.0,2,1
AGEH6Q6P2AM7BZ7T3KUPPBT26QWA,5.0,5.0,0.0,1,2
AGBVPH7KKP33XDAXJCMFFN3KAJNQ,4.5,2.0,-2.5,2,1
AGXIAO4LNDCBJGOILTKSBORWKSSA,5.0,5.0,0.0,2,2
AGYM622EDPJXZ6ZV2TXNTN7BYHEQ,4.0,4.0,0.0,2,9
AGX5LWY4OTGJYVUOSZSEMSPZOG6Q,5.0,5.0,0.0,2,2
AEEYX7Z6MQFPJAEWM6K6QBRLU26A,5.0,5.0,0.0,2,4
AGOUZU3AZQ6TMZ77KCMZ2XXCANUQ,1.0,4.75,3.75,2,4
AGI4SFXA5ZOSIDGFHFW4QSGWU3MA,5.0,3.6667,-1.3333,1,3
AHF3TPUTC7PGBZIFH6RV3WHKNULQ,3.0,5.0,2.0,1,1
AF5AF3Z2SHJP624OKXGMVFUOG6IQ,5.0,5.0,0.0,1,2
AENT2DY6X43NCIUEFILV5JZXWQFQ,3.0,5.0,2.0,1,3
AHY4NQTIDX4U4RG4UAQYWAU3XXVA,5.0,1.0,-4.0,2,2
AHJGTQSOXOMDIUTDORM2CJTFXGIQ,2.3333,5.0,2.6667,3,1
AFLRMHIYRGTQPFWA5UK7E2GR3GQQ,3.0,3.0,0.0,1,3
AG2QCRG2WPQL6OEWFU46RGIHMYXA,4.0,5.0,1.0,1,4
AGWPXQKKD3RWJ3USCN22BNWU4Y6Q,3.0,3.5,0.5,1,2
AH4XA635C6CDTGT6O55F5VZ4CRAQ,5.0,5.0,0.0,1,1
AEQ3A4PB6KYHAZL5XMZKHAYSVCLQ,5.0,5.0,0.0,1,2
AFLKZJ33DATJYWK6CWZEL7GDZ7SA,5.0,3.0,-2.0,1,1
AETXTDFQD643GIO5K4WSG6XO5HDA,4.0,4.0,0.0,2,2
AH2DZCFASYP6APLJBN2TN5J5A6KA,2.0,5.0,3.0,1,1
AENXENH4WWNDOAQQJCCOEMPT3RIA,5.0,3.7778,-1.2222,3,9
AHSBN3WSR76CWE33AUPWUVKJL5VA,5.0,3.0,-2.0,1,2
AHPXIVW2MWPQM3JNBQVDTIXW6FGA,5.0,5.0,0.0,2,2
AEEQUVXSKMNELFQTDAQQXRPZBBHA,4.0,5.0,1.0,4,7
AFEYSVF4MJWYEXDV5CL7DOO62RVA,5.0,4.6667,-0.3333,2,3
AERU3AOXECW625GUOYPKN7LXLNDA,3.3333,3.1111,-0.2222,3,9
AEOF7ZPRL2HWPVYWLMZJCEXBKL7Q,4.0,4.0,0.0,1,1
AEQ7SFHAFGB4VA3QA5X7SW2VQL6Q,5.0,5.0,0.0,3,7
AE6QVZBOHWO3DZ362DAZRIB5BC6Q,1.0,4.5,3.5,1,4
AFI756WFX2OCRZJOF4QY6IPW62GA,3.0,3.7,0.7,1,10
AGLZI5RHQJ2MWBLUUFJXYJQCQU2Q,2.0,1.0,-1.0,1,1
AGOXJCQKNNCV2TI66WUEB5U7YJIQ,1.0,4.0,3.0,1,1
AGSMBS7J6QIVGQ4ITTHEK2UGQGGQ,2.0,1.6667,-0.3333,2,3
AEYUVDK74JUVN7L4URLPPROFAD4A,3.0,3.0,0.0,2,2
AGK5UT23CHNGQ6FBWYIDFBNWGO6Q,4.5,4.0,-0.5,4,3
AF45YTXE7BOY3V2S4ZUZ2DUCIXQA,5.0,4.5,-0.5,1,2
AGE7SORDZVVWLEWKZGKCSYLIQO3A,5.0,5.0,0.0,1,1
AGAHZ3PTWUGKDZXDT2SHNOM45CHQ,3.0,4.3333,1.3333,1,6
AGOWAZSJ6YNL4KP7YINVL6UPXCWQ,1.0,1.0,0.0,1,1
AEB56N2CN3RGWGRBDRXY76OB2GLQ,2.0,4.8333,2.8333,1,6
AFCMH7CLJAWTD6IXHSIR3MDIR7RA,5.0,5.0,0.0,1,1
AF77ZE3JSLVST6UQYW3GCM3DNXPQ,1.0,3.6667,2.6667,1,3
AHMNK3ZVOCBWLDWCMCGJE46ZVLQA,2.0,3.875,1.875,3,8
AGF4BC7N5NBWFEJZXIOUYQCWMXQQ,3.0,3.6667,0.6667,1,3
AHBM6AWTDRGW772GHOEKDVC4BMUA,3.0,4.3333,1.3333,2,12
AHFT2ADWLPFTTXMJRTHV5UYZQ5NQ,2.3333,1.0,-1.3333,3,1
AF2VV5BDA5FYOG2OVV4VRUIZDICQ,1.0,5.0,4.0,1,1
AFN67WSOX5U5AMC2MFRE4PHMIIDA,1.0,5.0,4.0,1,1
AHZ2652YBZGGUICZYIBJTCG7BXPQ,5.0,1.0,-4.0,1,1
AGA7NJLR4JABVSRGSX2BXUYARHQA,5.0,5.0,0.0,1,1
AGVM74CRSWBLTTS2RTAULQLZBPKQ,5.0,5.0,0.0,1,4
AFCHIVUPRTMTJBJRVRLT7BS2JXKQ,5.0,4.6667,-0.3333,9,18
AGQ6OKL4ATBERVQDAMAKADTLOAIQ,3.6667,4.8,1.1333,3,5
AGPUW34FTQ4A4HIT6CNAOAPMQMFQ,4.0,3.0,-1.0,2,5
AHUT4IYKZRBZ7C7663V4DDZSDDNQ,5.0,4.3333,-0.6667,1,3
AEA2YV4YDGI7HVXK35LILOPKZGHA,4.0,4.5,0.5,2,2
AG3BUBKBGHSKHZWXCKWY64MNP5OQ,5.0,4.1667,-0.8333,1,6
AENDBK2UZSON6NN5OVWV735TQ5IQ,3.0,5.0,2.0,2,1
AGZ2D7ONEWZQN3K4JFSFEYWXKBGQ,5.0,1.0,-4.0,1,1
AFVGOEW7QY7KNE3RWOLVADJFV6BQ,5.0,5.0,0.0,2,1
AF6DYBLZFXLXCDNACAEVN73VRP2Q,4.0,3.6667,-0.3333,2,3
AHZKQRMAHSLL6VLWDSCR3WBNKMRQ,5.0,5.0,0.0,1,1
AH5POTO2Q2KUOXGZNKVNWWR5XRWQ,5.0,3.0,-2.0,1,3
AFEAZOUBIAZPH37D2RKO4WBHPQOQ,4.5,5.0,0.5,2,3
AHZGITDSWUEYIT3TQ2QQGRXLK6GQ,4.0,5.0,1.0,3,1
AH7N3V5MRT2WX4QAWSF347HAHP6Q,5.0,5.0,0.0,1,1
AF6XZTLQAZ6K4Q76PWDDVJZGW3WA,5.0,5.0,0.0,1,4
AGQJRKELNHSFVXWDFBIKN3UA32EA,4.5,3.0,-1.5,4,1
AF5DFONMCHP55KAOTUGGBJJ7UIWA,4.0,4.25,0.25,2,4
AF235YZLMEY264DDIJ563SLFCNDA,5.0,3.125,-1.875,1,8
AHAXDOA37VHHES5Z6GZXHBCY3D5A,1.0,3.0,2.0,1,2
AHWIXVRABZNXFBZB67Z34SSXUCGA,1.0,4.6667,3.6667,1,3
AEPSTNBGUYOZEEWINSSSW2K4WH6A,5.0,5.0,0.0,1,1
AEYFRXSJR7KAL7FJSBZJG57FWEKQ,4.0,4.5,0.5,1,2
AFLOW4OOUHB4PDWKMMUUZXCBIKZA,5.0,3.8333,-1.1667,1,6
AFR2PDPYG3OCEKZ4D4NZO62LHVTQ,3.0,3.0,0.0,1,5
AEDRNR53YC5KKU7WHRNT7QZEF3DA,2.2857,3.5,1.2143,7,4
AFB4OOROXCPTZUJM625HBUQXHKAQ,1.0,4.0,3.0,1,3
AHGY2TSA3DDMOC6TFCJR34QSDPSA,5.0,3.0,-2.0,1,2
AHFWBUUESENCY2NDUR5XXU4T56WQ,3.75,4.3333,0.5833,4,3
AEPY6NMHJ2HPLMPNCWMGO4YZSEAA,5.0,5.0,0.0,1,4
AHX7WREHRIAODPM6NV42UBJCUYHA,4.5,4.7143,0.2143,2,7
AGB47SWQUYWRPCNFTQ3ENFXGVIEQ,3.0,2.0,-1.0,2,1
AEJ2JIGPNBXZZW63HUGD4EHJU4PA,5.0,5.0,0.0,1,1
AEWKVGNKK4PGE5QOV3GOWR5FZK7A,4.75,4.6,-0.15,4,5
AFN7CRVFK6LPQ6AQ2PBQCGPTP6EA,3.0,2.3333,-0.6667,1,3
AEIEQVAQDB2YFZSTMQDB22O3X2TQ,4.6667,5.0,0.3333,3,5
AHRQIO66FULZMEYM4CT2G5ODNKMA,5.0,4.0,-1.0,1,4
AF7TPOV43TOM2L6ESMPB56BJOTIA,5.0,4.7333,-0.2667,2,30
AHLJJ244GZVCMA6GTAFEU5ZKGCOQ,4.5556,5.0,0.4444,9,4
AG5ALJWVCH2WXDQPHMTLN3WAYL3Q,5.0,5.0,0.0,1,2
AHKWPLZ7I4YGOQXOUR4SOQL22FTQ,1.0,3.0,2.0,2,2
AG6TBQ2MRVXS6JYBW3X5Z2YXTGFA,5.0,5.0,0.0,3,2
AGO4AHFUVN6PCTZY3FQGWJAPU3VQ,3.0,5.0,2.0,2,2
AGZIW2QCNY4BR56HAW54NLNNQVRQ,4.0,5.0,1.0,3,1
AHHWCLLSOADOJE3XQ6MAAMFQQXKA,5.0,3.5,-1.5,2,2
AFRGAYQYWRGTHQPO4JTVEASLXOTQ,5.0,3.0,-2.0,1,6
AHN5YGEAKK626WGHWDOSRDHR77WA,4.0,5.0,1.0,1,1
AFPH5N5BAFSCZB5ZTLGUARXXUQ5A,5.0,4.75,-0.25,1,4
AHZ2VUYEQQN7BHDC5PJRKFSDAJ4Q,3.0,3.8571,0.8571,2,7
AGARFQ3FQQFYTDHNOXRRD6IC6NKQ,5.0,5.0,0.0,2,5
AH4MAZXRK7FON6WURX4B4ID7J5YA,3.0,4.0,1.0,2,4
AH56UPVDEN5HTSKTWQO36UCQX27Q,1.0,4.0,3.0,1,1
AEE4YRNIVE6GZQ7MBWBHMS3HGOAA,1.0,2.0,1.0,1,2
AHK4G72RA4TGPWIVHLKZTEJLQ5FA,5.0,5.0,0.0,3,1
AH3R2K2YDQUV2EYJAKBFAKDSSONQ,5.0,5.0,0.0,5,25
AEO5TZ2ZRK55OZSKSSSTBFJIFMNA,5.0,1.0,-4.0,2,1
AFJAASJQV7YV4T6DXIWE4CWEDYVA,5.0,4.3333,-0.6667,1,6
AGCLWY7NT4MCSTN5THFUP3JGSSQA,5.0,5.0,0.0,7,1
AFKWRT3Y35AFTETAMIODCIVFRSRQ,5.0,5.0,0.0,1,2
AHZ5LMSB3YT5SGJK6NAX3DXXE4HQ,3.0,5.0,2.0,1,3
AF4FRDRFT6A7ITOFEVBJEGL3U5SA,2.5,4.0,1.5,2,2
AGOYKUHI77XR6HSKU7OYPAUUV4LA,5.0,4.3333,-0.6667,3,3
AGE5NBTPVIGSWMSFUHYQODF6O6RQ,5.0,4.8333,-0.1667,1,6
AGZQBYQ3PZIZXKMV6KMQKHLKOSLA,5.0,4.3333,-0.6667,1,3
AGJX3FCZDWVQFVXPB7NST6X3M27Q,5.0,5.0,0.0,3,9
AEDQYBPLBUYYGFQYZTDE54UQD6XA,3.0,4.0,1.0,1,2
AGNM6EDP7WWM37YYY76PZ3JCI7WA,5.0,3.0,-2.0,1,1
AGP7UG2QISQD7WMUCD72ASQF7ADA,5.0,3.5,-1.5,2,6
AES4PMUXJ2GK6UDW2ZPYMBYAFHPQ,3.5,3.7143,0.2143,2,7
AHPKTIM5J6YUKWZJNP6WDEJOWWSQ,5.0,4.6667,-0.3333,1,3
AFNXA6SG7H44NNTHUN5PAVZCVY6A,5.0,4.5,-0.5,1,6
AGJGSVVEKQ5VG6DMNZQDKAIJMQGA,5.0,1.0,-4.0,1,1
AFHBODHPL3PEBBDQJMPXXKJA2N3A,5.0,3.8,-1.2,1,5
AGVVXMIOZ3662D6Q7NXNGYSN4EOQ,5.0,5.0,0.0,1,2
AEHSHX576IXTVBU3FF2J3W5W4XMQ,5.0,4.0,-1.0,2,1
AFB3URF6AC2E7OKU2M4V7BJTUFZQ,5.0,5.0,0.0,1,7
AFBYXSAUJPRJGJKKBP5FHCTX2NAA,5.0,4.75,-0.25,3,8
AHZTEEOMPNKXUTH2EM4ZV74WGNEQ,5.0,3.0,-2.0,1,3
AGSLUK3KJTQPG4TZQ2FPMRJOJSPQ,5.0,5.0,0.0,2,1
AGFSHOYCAYECGOWJODMXHGLT22BQ,5.0,5.0,0.0,1,1
AH2HU4HVVGU6TPTVAU3UT2DW24AQ,5.0,1.0,-4.0,1,1
AEHZU7JTXAON3EKYQ7P72CIPRWTA,4.0,4.0,0.0,1,1
AG6ELIHVCAGYI4GZK633VO76B3HQ,5.0,3.0,-2.0,1,1
AGVL4Q3HW6VTLUP6HMAD2JQKI2YQ,5.0,5.0,0.0,1,1
AF3XGWGKTSFOX5BEU7TDJGIRIWNQ,5.0,5.0,0.0,1,1
AH6VSPOLEFT63PI6XZTE4ZVTMKLQ,4.5,2.1667,-2.3333,2,6
AEKOEYGEE76OLRW3JAXSOR4EBDSQ,3.0,5.0,2.0,2,1
AGOT7UAQWYI3JQI7XI5MMSAPSLGA,5.0,1.0,-4.0,1,1
AFG3N6GEWD6EUMZGM2MKKDXBVBEA,5.0,5.0,0.0,4,7
AFQEZBDPMAM3NIUKGZAWGF4UOBEQ,4.2,5.0,0.8,10,2
AFEKT4K3NLXJOU5Z77NKCQPCNYDQ,5.0,5.0,0.0,1,3
AE2GFQCX4LL7TXIKGJN4PPQVYCUQ,5.0,5.0,0.0,1,1
AEV2MH65S42EU72WLO6WX2F4IHHA,5.0,4.0,-1.0,1,2
AELW4S7QFO6IYM4MH5QFPZOXCTQA,1.0,3.5,2.5,2,4
AG4JXQVQQ62X5GGFADPK2XU5XWYQ,5.0,5.0,0.0,1,2
AEFYOMFYAEFCLGAL64MDM7RNKZEA,1.0,4.6667,3.6667,2,3
AHEYLEFVICIQLOV6V74A22TH6YYA,5.0,4.8,-0.2,2,5
AEQOMXYTARZBZC5QLJL4UHVDHPAQ,4.0,5.0,1.0,2,2
AGO5XHX3E5OHPBJHOGRL37Y4FVGA,5.0,1.0,-4.0,1,1
AGO5BEAMA363P3UN755D7ICJ3M3Q,5.0,5.0,0.0,2,5
AGWH7BQQZIM5WKD4XKZ7TAUV7ZKQ,4.0,5.0,1.0,1,3
AHJ35I762NXGBHVQSCK66I63IDXQ,5.0,5.0,0.0,1,2
AFDMJYXBDNFGU5UWKFITEADF6XSA,5.0,5.0,0.0,1,1
AFRWDZ6KA2RYACKSB5NSSUYAH3XQ,5.0,3.5,-1.5,1,6
AH35MJ2VSP6PT7SDN7LFBHSNMIGQ,5.0,3.875,-1.125,1,8
AF2GWR6DCFLBOMF5JTVHCUOWN3BQ,2.5,3.3333,0.8333,4,3
AGYFQYYDU4QQTK3ERPPYISZRRX4Q,4.8,5.0,0.2,5,2
AGX5ZR4TGYACQ76WLQYBQ5ZEKV2Q,1.0,5.0,4.0,1,2
AFIJ77NSNYPTW7U7AP275PYXJSHQ,4.6,5.0,0.4,5,2
AHAIGVM4IW4KP7USMK6EUDDSJAFA,2.0,3.6667,1.6667,1,3
AEP7OXKV7VICIV5NSWHFKOSWIWYA,2.0,3.6667,1.6667,1,3
AHREZXOU4YLSAAAEZJZWQ55CBOYQ,5.0,5.0,0.0,1,3
AHSPBZBILV2CQ4AZTMHFYOJDUMAA,5.0,3.0,-2.0,1,3
AGMVW6C2ZE6Q2HM5VMNBGAKEZJAA,1.0,5.0,4.0,2,1
AHPRAQZ3U5MIGBGZHTWLTKVDDW7A,5.0,4.0,-1.0,1,1
AHCW6UG2FLUVCJCRYSEFO7IYMJZA,5.0,5.0,0.0,2,3
AHVTSRCRPU5PJ3Z5MVFHNIDK7KFQ,4.0,5.0,1.0,1,1
AH7KGHS6OSBEIBLFDN57QESVMXGA,3.0,3.1667,0.1667,2,6
AEZCA5NP63ZBS5X7BZI6HBQVIPLQ,5.0,5.0,0.0,1,2
AEJ6373PJUG6M2SKLRPVISJ3KYWA,5.0,5.0,0.0,1,2
AFDETABFONRHSH5MTJ4SC2OANJCA,5.0,5.0,0.0,1,1
AHFDGEO4XCLAMNKFK7UNVBMYPO4A,5.0,3.0,-2.0,1,1
AG3VP2LBTWJFY4AJO45XDFM7VUWQ,5.0,4.0,-1.0,1,2
AGJBWOQORRYRM54SEMXVDAY3TV4Q,3.0,3.6667,0.6667,2,3
AEAXWLHR3DQS6WSYR2FKW7CIHNYA,5.0,5.0,0.0,2,2
AEBHQEQKQ674EKZCCSMGFVTZQMZA,5.0,3.0,-2.0,1,2
AEXFS4YM7T72ME5X2EPCSBDBKNUQ,3.5,3.75,0.25,4,4
AF3JH7JHKLX3BTXE67TVUFHP7ICA,3.0,3.6,0.6,3,5
AEARJE6LAX7YK4NHRTVV4SP6EVEA,1.0,5.0,4.0,1,1
AFN5KHQGTFQSHAQBTSXT5T436NPA,5.0,4.7647,-0.2353,1,17
AGCHMB5XZUDBDHDZWRKCXMEB5RPQ,1.0,3.0,2.0,1,1
AHHP2V5DQBGDKNJFEBDWWVSFFVMQ,5.0,4.4286,-0.5714,1,21
AHPNOEW3ID3DPESEYFQ4XM4NMFTA,1.0,4.125,3.125,1,8
AGIIOUOEVKKREX3J2HKVXAZOUVHA,2.0,3.0,1.0,1,8
AH3WMIIJW5TN4NRV72HANM5XKI4Q,5.0,4.0,-1.0,1,1
AHE46FVHPWCE56YWZZYNYZTQRUNA,1.0,5.0,4.0,1,1
AFPVXI4SGVGBY4GFD2IDLE2NUDQA,5.0,5.0,0.0,1,3
AGQHS2MY75TYAG33ELIZ2GHZ3VTQ,5.0,4.25,-0.75,3,4
AFEACERNPRX5GS76KTVL2LL3XWTQ,4.0,5.0,1.0,1,1
AHTLQJYZIG5XYSOL7Q53OZWYN4UQ,5.0,5.0,0.0,1,1
AF675JD7WWDEV7J4XI63AZ2LDPFA,3.5,3.5,0.0,2,8
AGGKJPWDNNBOHJOGKZRGCPUKOXRQ,5.0,5.0,0.0,1,1
AGLBXRZIJKYRQC4IUUWBQ2RATBKA,5.0,3.3333,-1.6667,3,3
AEUJ264JVYILUCXA5IBTNWWD7VJQ,4.0,4.3333,0.3333,1,3
AG2IUOVJZPMPR7ZA6KYIW52KIXTQ,2.0,3.625,1.625,1,8
AFO7RNOE2JGXFBIUOO7RZVX24O7A,1.0,5.0,4.0,1,1
AEDURAP37OXOZNLHMWRQUENZM3SQ,5.0,4.4,-0.6,2,10
AEKUX3ZTLGZPMUBXR7AQOXIWISFA,5.0,5.0,0.0,1,2
AFNQLNFKRNF22CMKVKF57EQNHXGA,5.0,5.0,0.0,1,4
AFHI7FHHMHO52D2NYL7HAGIFXUZA,5.0,3.4545,-1.5455,1,11
AGHYHYJGR7ECYHQTOCFFT3GRMAKQ,5.0,3.0,-2.0,1,2
AFYUCW3JVMFNCEIPY26FDHDHHZXQ,1.0,2.0,1.0,1,1
AEL3GELTHD3AZNRKO7YZORLSS7IQ,5.0,5.0,0.0,2,6
AFTFOACITFOAVGEUWFCNY2AE2NIQ,4.0,5.0,1.0,1,2
AELRVJKG3XTYGVGR3ARII5RRGDHA,5.0,5.0,0.0,1,2
AHMFUQBNVKW37DCXMEZGKMHJIX5Q,5.0,5.0,0.0,1,1
AE4U2WTWURHLZ7LGAZXX7EOVF3LA,2.0,3.0,1.0,1,2
AFAGY766VOS2IFDZ4N76OANWSJGA,5.0,4.1667,-0.8333,1,6
AFXTOOQ2NEZZSXUFUPS3Q4RZUUBQ,3.5,3.5,0.0,2,4
AGIIRU7BXT64MBW5YQ3PI2EYWT2Q,4.0,4.0,0.0,2,1
AESXLK5CGYNNM6JFEUDJJGY3O7SQ,1.0,2.0,1.0,4,4
AG2AWW56OVAF4SYUKOX6BMEHHKAA,1.0,3.0,2.0,1,1
AGQKCOKDBRDVBWQBZ54KKGGFLXPQ,5.0,3.5,-1.5,1,2
AGVM5K3XWS3CASKDGH6WWPUO2ZZA,5.0,5.0,0.0,2,2
AG3AO7VXUXFYINBNTY6EQD7IDQ3A,5.0,5.0,0.0,2,1
AHRGKOWLZD6QAJAMI3EXSYZPP7FQ,5.0,4.2857,-0.7143,1,7
AGU3Z4COEBIHAJ7HUJ4AZN6546WA,5.0,5.0,0.0,1,2
AE6GGTCQJ4XPX2QKUSKSUMPHJVGQ,5.0,5.0,0.0,1,1
AHRXO3G2X7GCXRT2ANGDRY6D3TMQ,5.0,3.75,-1.25,1,4
AE73QFWXJ3YDVTXZBYTBH4UPQWIA,5.0,4.6,-0.4,1,5
AHXL2EHRZQMPEHKSCGWSTPCJZVDA,5.0,5.0,0.0,1,2
AGQJYPOTKDOTLMCOA6ZXD6P5P7ZQ,5.0,4.5,-0.5,1,4
AFNHELD2UG5GZTQPTG224KLM2LEA,5.0,5.0,0.0,1,1
AGMSDQRVN4V2FJML3V2ZXBGEYODQ,4.0,4.5,0.5,2,2
AHVUDYJXIDTWR56FZ4GHBDAZEB7Q,1.0,2.5,1.5,1,4
AEQD55EZGRUQBAX3PQMAJ45DDMNA,5.0,2.0,-3.0,1,1
AGM25OEL5NLDHFCWVQJVUE42B2DA,5.0,5.0,0.0,1,2
AGZXO62M6X5AQAJ3QPQSC42V4TNA,1.0,5.0,4.0,1,1
AGLH6YZT2YX2RHCA6YPIOESIBMHA,3.0,5.0,2.0,1,1
AF3R74M3UEZZQZ5XFX72KYR3M75A,4.0,3.6,-0.4,1,5
AFSTGOUWFEV6MHDJGTX6TWIOLFBA,5.0,3.0,-2.0,1,1
AFO6R4YCV4PHJ3PGOX5ZW7PIJ2GA,1.0,4.0,3.0,1,1
AHGAASSPPDBHWQ3HDIXEQU6NROBQ,2.5,4.0,1.5,2,1
AHYGBX6LDLZUJZ6XGI2J4YPSFYEA,5.0,3.6,-1.4,1,5
AGJPZCAWZFIVLZOCDPIFSJOKXBMA,2.0,3.0,1.0,1,2
AH46AMIRQ2FGKXUS7QPDIDDOFW5A,3.5,4.0,0.5,2,1
AGT7GWA2X7V2S2KQJKH2HC4RSIHQ,4.0,3.0,-1.0,1,1
AH24LCPGQWVBE5X7X26RMXP7OIDA,5.0,2.3333,-2.6667,1,3
AHEAWV5EM5IXA6K4EGIWEOOPGLDQ,5.0,5.0,0.0,1,2
AGSHBGSS2UGYF32IM2ICVB3SZRQA,2.0,5.0,3.0,1,1
AEWIONXCT5IS66RFJDELGWAZOYJQ,5.0,5.0,0.0,1,3
AFOEJQJO4GBZUWYAHUCFYBBO7UOQ,5.0,5.0,0.0,1,1
AFW26T3KV74KTHMVKX6L7EJHSH5Q,3.5714,5.0,1.4286,7,1
AFNRKMYR5EHWITXL5QEVCYDNXVIQ,5.0,5.0,0.0,3,1
AHFTOEJ7G3KZMSJ4A44AT24KZMCQ,4.0,5.0,1.0,1,2
AF64N237HWHMZTPYPDV7BWNGAS2A,5.0,5.0,0.0,1,2
AENCLAY5PMA7M33SKZWXEND75DXQ,5.0,4.6667,-0.3333,1,3
AGWN75ADYWQKNNURAJALWK6OAWMA,5.0,5.0,0.0,1,2
AE5UZSBGEOAA4BFERF2WUO2MWRCQ,5.0,5.0,0.0,1,1
AGOQVVCDPT23KIAQZ7QMZMEW5X2A,4.0,3.0,-1.0,1,1
AHY5SGT3VEFRUN2EXOQNBVMK6JYA,5.0,5.0,0.0,2,2
AFRJY43ODOC3VJTDFBVIDKGUOOYQ,5.0,5.0,0.0,1,6
AEFLOWLW6QQONSVBNFGF4MSXHZ6Q,4.8,4.0,-0.8,5,5
AEMV3BGFDLHIBRG43BGMWEFTITTA,5.0,4.6,-0.4,18,25
AGQ5SQ672JS6VUR7HZDJLXJSVBPQ,5.0,4.0,-1.0,2,2
AHHVIUKSONQARSXRIF3Y7AMDS3YQ,4.6667,5.0,0.3333,3,4
AFDNESSNBUE4SAXXEAFWWJ4ZOGIA,5.0,5.0,0.0,1,3
AGXFIL6SMI3D5XN54VLQJ6MWMIYQ,2.5,3.6667,1.1667,2,3
AFBXYX2CYIQUNQIRBEVJUCRIPDMQ,4.5,4.4286,-0.0714,2,14
AFX3ZTFPJ3GWIXHEFHGFFJRXZKTQ,4.0,4.0,0.0,1,3
AGOQBDFWOGUFPKIDP5TXFRE5HL7Q,5.0,2.5,-2.5,2,2
AFFGSP74AQLVJI7EMHJD7BYTHBHQ,4.0,2.0,-2.0,1,3
AFJ7Q7G7J5L72YZDJXXFMYTLBHMQ,5.0,5.0,0.0,1,2
AGUSRDNC7VFKKYDKX3ZXWPB3HLFQ,3.5,3.6667,0.1667,2,3
AFANZKBZ5R376Y4V6JOTAGBMCC3Q,5.0,5.0,0.0,1,3
AHZ2R5BS5ZXNRUWQXXQF5UYAFPGA,4.5714,4.4286,-0.1429,7,14
AETVJ7ZQ5VK554DDNWAIKKLCD37Q,5.0,4.3333,-0.6667,2,3
AGRVAB7ZYSB2ZMMAPTY32VA64VJQ,5.0,3.75,-1.25,1,4
AGN7VII3UNN76GN2TGZYAUFRJHEQ,1.0,5.0,4.0,1,1
AEGORT3UGPLTEDV5W7GXIXB2U5CA,1.0,4.3333,3.3333,1,3
AFHI4CCKIKGUYK4WDUI5G7ARCJ3Q,5.0,5.0,0.0,1,1
AHITOBADIVOXELTGULYDHW477IQQ,3.1667,4.0,0.8333,6,2
AGXSAJT7GBBSPCEKQL4RSAL3PWCA,3.6667,3.5625,-0.1042,3,16
AG53P5RKYEIMHNOEEV25WLZFMVMQ,3.0,4.3333,1.3333,2,3
AFPGRNK6ASY4ROHJR3FKKCA4EHLA,3.0,2.0,-1.0,1,1
AGGULJOUU2OK65BU6VFLBMQOGCLQ,5.0,5.0,0.0,1,1
AEHKZ2JLMSETBRPKVUKPVIWG6Q4A,5.0,5.0,0.0,1,2
AHPOW7YBGY2XPG7REQBCRXQODP2Q,1.0,2.0,1.0,1,1
AG3JRJ7GEIW3WM2IUEEENPRYUBOA,3.0,1.0,-2.0,2,1
AHSLCD5QJJIZXW2FKMQYPGCSG4JQ,2.0,5.0,3.0,1,5
AERYIMVDEUGFQK325D4YWDMEWLZA,1.0,5.0,4.0,1,2
AHT6WRTAP7M2E3AN55AXBGMXSH6A,4.0,5.0,1.0,4,3
AERQ33SRRV5S6SYXIUKOISQENPYQ,5.0,4.4286,-0.5714,1,7
AF2K6CXWOI24ELGH5MQSATAYGYTA,5.0,5.0,0.0,1,1
AEDXVYUDOSYQQEWH3SAB7YCSHBRA,2.5,4.1538,1.6538,4,13
AGSNSMZPB7CMWVJNZ2VORSVE4BIA,5.0,4.6667,-0.3333,1,3
AE3G4K3L7WZID42SX37OOQJ5SAAQ,5.0,5.0,0.0,1,1
AHZURUHSS3R57DHJX6R3OE7ASADQ,5.0,5.0,0.0,1,1
AENEGB723NULMJ2TFLAOJ4X6KHNA,5.0,4.0,-1.0,1,3
AFMQHOAS3LMW5VKLMFKSNQS6YECA,5.0,5.0,0.0,1,1
AFAAEIOZ7FDAEJU6V2Q52NJ26X3A,5.0,4.0,-1.0,2,2
AGJ62YMRT3FNPQAR6NXBJZGIMFTQ,1.0,1.0,0.0,1,1
AH4WTQXGSXSSLM4T75TUIF5EODKA,5.0,4.5,-0.5,1,4
AF6XH6YOAV2LGLMYHSGYNVFVXGCA,5.0,5.0,0.0,1,2
AGUFZ4L6TJH6QLE7224YJYQWOBFA,5.0,5.0,0.0,1,5
AEGMRI5O5XMVOQBIKSWWRL5IFQRQ,3.6667,5.0,1.3333,3,1
AEGAH3PYPURE2OTR3HHH42NYQRQA,5.0,4.0,-1.0,2,2
AHMZWBPOSP7QMD4C743BWFMHBAEQ,5.0,5.0,0.0,1,1
AHB6I6S73RI3JUWVVL2SCTZS4HCQ,5.0,5.0,0.0,1,4
AFCDX5HEUSGY2LHHSMCYOJAAYGWA,4.8333,4.0,-0.8333,6,4
AFMSI4UI2WFTJP7EZYSYN3WP2JVQ,3.0,4.0,1.0,1,4
AGDCNMZHLRNO5VZMOVMDQQWFG5CQ,5.0,5.0,0.0,1,2
AFYRPQAR5GPH4776YNVHW7226HUA,5.0,5.0,0.0,1,1
AE2WLB37QDMRO5KRLTKBFQNMKCIQ,5.0,5.0,0.0,1,2
AGATXWXIUTLHB3H3DYIYGVNLKFSQ,4.0,3.6667,-0.3333,1,3
AFS6OBKP7AY5QJ77IH7KPBMJ335Q,5.0,3.6667,-1.3333,1,3
AHKNCJKGOHWH3RMW3LMO4CSCMOUA,1.0,1.0,0.0,1,1
AEAFWE26NGZYPFSJJ72UROF2PYRQ,4.25,3.5,-0.75,4,6
AEQZRNDDRU2O46WFH3YPHOBACS4A,5.0,5.0,0.0,2,1
AHWIUEDIWT4IQNYORXXWL7SSYXNQ,4.75,4.7407,-0.0093,4,27
AHBRHO5NU6CXIKTJP46TWC7FR4DA,4.0,5.0,1.0,1,1
AEMUSEOLNCORSFAKLINHR4VDYEUQ,4.2727,4.4,0.1273,11,5
AELWAYXKDZYNRCEIQ276Q6TYVLWA,3.8251,3.9583,0.1332,223,24
AEQM3HFQZZDABXQ2O6TU6XI3TQ6A,3.0,1.0,-2.0,2,1
AGWQMNE5M55CR3NRFU2B7OQTKV7A,5.0,4.75,-0.25,1,4
AHHWONTCYGQIJYUQOAZPMWB3DQAQ,1.0,1.0,0.0,1,1
AFGMIPEVSKYTMM6VGCZ5QTHBG7MA,5.0,5.0,0.0,1,1
AFCPJUT5SWDJJBOY7454ICZCCGVQ,3.5,5.0,1.5,2,2
AFQFCRHQAWE4PJRKKLWPHJ3YV5NQ,1.3333,5.0,3.6667,3,1
AHPYL2PAHKHNR6Z3R7WIT3BPIC3A,5.0,3.75,-1.25,1,4
AGRFINDOY5YGJYCDKIHWKBSMIZOQ,5.0,5.0,0.0,3,1
AH6IAHS44L5KR6GZJXCILHWZGVDA,3.5,3.0,-0.5,2,1
AHZSTCI6244LPLZQNVQTASRNDUEA,5.0,4.5,-0.5,1,10
AFALTC4PTI37F7DMVLXGWFKAMQUA,5.0,4.0,-1.0,1,1
AHYQRUI7WEN47XFO34W2HHFLOMXQ,5.0,5.0,0.0,3,4
AH3EVJR65BFF6KTD3TQFFMZX5BNA,4.5,4.8,0.3,2,5
AHRD5K7B362JQHTUTRT3CJH4MVNQ,5.0,4.3947,-0.6053,2,38
AENUPODRS63BGMRVPRLNJZWP3YXA,5.0,3.0,-2.0,1,2
AFG34YP72IAGNCX2PJAHGEGJBDSQ,3.0,4.5,1.5,1,8
AEYR524U4OGALGQAWWHGEIMHZPNA,4.6667,4.25,-0.4167,3,4
AEDYVP4YGI4L27OEG63QAGH5MMFA,5.0,5.0,0.0,1,1
AEILRC5HJ6RMRN6JWSWO2VWSXLRQ,3.4,1.4545,-1.9455,5,11
AGKOZDLTD75XRTT3YNN7EYAF3OJA,5.0,4.0,-1.0,1,3
AESP3R6QH5CBZWOUZO6DG46NZHJA,4.6667,4.0,-0.6667,3,7
AGEZALHZA7EW6IQQGYJNIJTUG7GA,5.0,5.0,0.0,1,1
AFOLJ3RM3PQI2OJ55MMD642LHFUA,5.0,4.6111,-0.3889,1,18
AGRU55NNZK2TEW7AEXDZMK3WQZZQ,4.0,3.0,-1.0,1,1
AFHKW4BZN4JLWN5RI7SMHSNMQY2Q,4.0,5.0,1.0,1,2
AEHT2UUVQ3SPOGQ7FOOYU5ZFPETQ,5.0,5.0,0.0,1,1
AHNEC5FTTAEPLYD3J3ZSU4XHH3FA,5.0,5.0,0.0,2,2
AEAFRVOQNGGLN3MLHRZ57XFH2IAQ,2.5,3.0,0.5,2,1
AEKG3FEU5GFGZ4F7JTDW3NC3S35A,1.0,5.0,4.0,1,1
AGFNFQKGJJH77FZHJTVQIWYSZ56A,5.0,1.0,-4.0,1,1
AGUELHZGFNCAYALYNDZ4ZLB3A4DQ,4.0,3.5,-0.5,1,4
AHCKIVQSASIO5CJYJM2PKYL6GK2Q,5.0,1.0,-4.0,1,1
AGQJJ7AEUC3TCGWBXXFQ4GPBPY7A,4.0,5.0,1.0,1,4
AFYQ7H22YWTIHKZ4X2UOEEGHZ66Q,1.0,5.0,4.0,1,1
AGZA42OEQGQVDLQC2ZHZDEXG3RRA,5.0,5.0,0.0,2,3
AGR7IOEYAS6GQTWSYLBZ56U5RICA,3.0,5.0,2.0,1,2
AGFTAMHP4YSKDUVJ57GJFVWA3U6Q,4.0,4.1667,0.1667,2,6
AGOV4G2JA6AYDA2CNQHIME2M2IVA,5.0,5.0,0.0,3,1
AFDHTV7X3NBHKV46WMCAZ4PZRZZQ,5.0,4.3333,-0.6667,1,3
AHG2B3KR3R2X5CT3E2QCTMCXMLHQ,5.0,5.0,0.0,2,3
AETLI34V727WR4ZWUEEZETQILLLA,4.0,4.8,0.8,1,5
AEPMKLCGPFCTGDE3FG2A5D2AGJRQ,5.0,4.1538,-0.8462,1,13
AG6R2IPRVXFJW2MIWFS7XZNWN35Q,5.0,4.75,-0.25,4,8
AE7XRK3FII4BBTDZQTQNELI4X3CA,1.0,1.0,0.0,2,5
AHHBJXGOUNYAKLFZF4LWV2AQHUKA,5.0,5.0,0.0,1,2
AH4NURWPMO2TF4DRK2SDMO4JYKDA,5.0,5.0,0.0,3,4
AHY7M7QTL4SKGQD64QBPBKMR6GTQ,4.0,4.4375,0.4375,2,16
AH54SBJ5C66UJZ4GAA6B4UUPCAGA,1.0,4.0,3.0,1,1
AFH5DFZQLV6KZYSRO5JJPYJM7BRQ,4.4286,5.0,0.5714,7,4
AGFFDSCGMRYJUL53MMTVF5CI222Q,5.0,2.0,-3.0,1,1
AF6H3H7KNWTL5A52WHC2HZTY25NQ,5.0,4.8,-0.2,2,5
AFGKTSCGQMZ6S3S3NRGUM4DF6BDQ,1.0,3.5,2.5,1,2
AGXT32SGMXMGYSOZOGQAXBIN3KOQ,3.0,5.0,2.0,2,2
AEJ3PPHFXKUKMAAKW654QTZEZDIA,5.0,5.0,0.0,1,1
AGSRQQ245J2TU77BPAYE5JVUAKNQ,1.0,5.0,4.0,1,1
AEQVCRHB336CCEMFEWKXL5XOTADA,4.6667,5.0,0.3333,3,1
AEZXBO2SSAGT2HCCUJ7VTA4WI3QA,5.0,5.0,0.0,1,1
AFVLHGUQEU3I6R5TEJ6YOXWWPA7Q,4.5,3.4375,-1.0625,2,16
AEZ7D5N25VNDRHKW32PPEC72RSZA,2.3333,2.0,-0.3333,3,1
AE2NZ4YCG5VRQZ6FD6VT4F65GREA,4.5714,3.8,-0.7714,7,5
AGO7WPYHM4RZDC4NAX6IFDGUVTSA,5.0,3.0,-2.0,1,2
AH5QF5ZVWR3HS7Z7LKOLVXLMQ5EQ,5.0,5.0,0.0,1,2
AE5GAE3ZE2N2JRLLJQ6DGL37UUWA,5.0,4.5,-0.5,1,4
AE6BUOQ73G3ZGLZ752RWGKCOL2UA,5.0,5.0,0.0,1,1
AEDELLGXYY7WO5LYJOFLOXCR65OQ,4.0,5.0,1.0,2,1
AEBJS3NBDYBK3FRBVZFG6MBM3C3A,5.0,3.0,-2.0,1,2
AEYVSLEQWQKKKENQUOGV3WVPBI6A,4.4286,5.0,0.5714,7,4
AEY5QXXEY2BQYPMT4AV42WHTKF5A,5.0,5.0,0.0,1,4
AFXCVEJ4VMDN3A3SYDZEU5JTJ45A,5.0,4.8,-0.2,2,5
AHS36F73LJGCNALCMCIQAEGEWACQ,5.0,4.125,-0.875,4,8
AG23EMK65XR2MNC2E323WBPYNFLQ,5.0,5.0,0.0,1,2
AGIGIAZYR5GVYKJBCKEFVZ6SCAJA,4.0,5.0,1.0,1,7
AFVXXBLNV32W2KGQVO7BJ24PVDFQ,1.0,3.6667,2.6667,1,3
AF76OIA6UJCUTNBZCSHNNJ3BGEZA,5.0,4.0,-1.0,2,3
AFFVK7JYHRHF6RNM2YK2VBCSSS5A,5.0,5.0,0.0,1,3
AHGW577VWOOKTLDZRLMT2MOT5REA,1.0,3.8,2.8,2,5
AFTGS5AHGUWFGRDRODQRMR25CYUQ,4.4286,5.0,0.5714,7,6
AEDI5KGF6ZDOFZ2NKLADQGMU27PA,5.0,5.0,0.0,1,4
AHNMRKQTCITVVQZOPDRHQLBDRX3Q,4.0,3.0,-1.0,1,3
AG2OUMZFTU62JWSM64V7L4NL3XNA,5.0,5.0,0.0,1,1
AFVPTVMEBUI6LUSZBHHIFPPMJBNQ,5.0,5.0,0.0,1,1
AGS7U2E6GNAWVSTAKZJF2UL4HBVQ,4.5,5.0,0.5,2,1
AHREB27EYEP5J7YWNYLYC6LKTIDA,3.6667,1.0,-2.6667,3,1
AGKXE5IB4L5BAFR5RQ5OOLNQQOBQ,1.0,4.0,3.0,1,1
AHWZ5DYQCSR3P3RIFSYPSD5MCX4Q,1.0,5.0,4.0,1,1
AFPNRRS6B7RVGVZIX3SP5CDQKX7Q,5.0,5.0,0.0,2,2
AHTHOIFMZ4TCAAGLFMMMR3ITR66Q,4.25,3.5714,-0.6786,4,7
AFBLYLOLCKOLIT344OEWJB25IOLQ,4.0,3.0,-1.0,1,1
AEJYRVDI6Z5DMX4HQQA7TLIXZK6Q,3.0,5.0,2.0,1,1
AF6HDG7TGSU4XG4YEXKRJWRTDVIA,1.0,5.0,4.0,1,1
AE2QXD3MDRYRVNS3WBZ6JQ46O7YQ,5.0,4.0,-1.0,1,2
AGM2WBLCYAXAAYC3AKOYZ5Y2U3PA,2.0,4.875,2.875,1,8
AF2JJG3DTUOBKN7AX4QXC3VPYD2Q,2.0,1.0,-1.0,1,1
AEJLRK73HNOPQ3NBZTQAMQCZCMEQ,2.3333,3.625,1.2917,3,8
AHQYAJO776HRMBKTE7NBOSOY27BQ,5.0,5.0,0.0,1,1
AGNHK6DYOV6LY4RVAOAVQ5WMY5QA,5.0,5.0,0.0,1,1
AFVBZGGDEWSK4U7HHEQNRSVZWTKA,4.5,4.875,0.375,2,8
AEIEBFSDF3R5C6VOEX7IODMHOKSA,1.0,5.0,4.0,1,2
AH5DDV2HIYVRNO37MNB2AECRRL3Q,3.0,5.0,2.0,1,2
AE3ZQY4GXGXP3S5IRP4NA742SSFA,5.0,5.0,0.0,1,1
AG3OYDOE3PQ4634XJWYTPJH345NQ,2.0,3.0,1.0,1,2
AFSTPBRP3OY47XMK6KYAHJAJHRXA,5.0,4.0,-1.0,1,1
AHND5L3VMLML75TS5BTYNQSHIUFA,5.0,5.0,0.0,1,1
AEKYWCSQCWMCU3VBZFNWE4DYI45A,4.6364,4.8462,0.2098,11,13
AFNV3SXALLKXNATM6E66AGMFZHNQ,4.0,4.7,0.7,4,10
AEFGJEMOOEM3242YTZCY7O5FSTLQ,4.25,4.5714,0.3214,4,7
AFXBE4F3H2356H34KVROUGNEQK6A,3.25,4.2857,1.0357,4,7
AGAZWXKDPFIZHRBKHDA5I7ZJJDNQ,4.0,4.0,0.0,1,1
AFDKRNPXMHBE2P3OGHFIEWQOIJJA,5.0,5.0,0.0,8,1
AE5PFMIGI26HD4SOZVTQKTIMFJ6Q,5.0,5.0,0.0,8,4
AGWX5QZ2LS43GWNEY4CZGCAAYFSA,5.0,5.0,0.0,3,2
AHMPITP3FY4SFLHDNV5LAXJ6JCPA,5.0,4.6667,-0.3333,4,6
AHCPMRC435B6FE4ATJH2WLK22RJA,5.0,5.0,0.0,1,6
AHI32EBBLVWO6L7OASS3UZXFM3QQ,5.0,3.8333,-1.1667,1,6
AGXUJFEUEY4W5T25ODHVQNAUKE5Q,2.5,5.0,2.5,2,1
AHLADE6RRHQACSMSP6FUPYWVLS7Q,2.0,1.0,-1.0,1,2
AE7XJXB6WVRGSB7VHBCE24EATXKQ,5.0,5.0,0.0,2,2
AFYDDK7IN22PTO25UILW3GVA5G4A,5.0,5.0,0.0,1,2
AERDP42Q6YGZFUYDL2AUEM3FNF6Q,5.0,4.2857,-0.7143,1,7
AHLRZA5QVCI4U57AAZGF6OU4OJVQ,4.2857,5.0,0.7143,7,1
AFLZCKPFDFIZS4DHM6JNPL7CSJIA,5.0,5.0,0.0,2,3
AGPGUPYCDWTXZDB7SHUIPQAPFGXQ,5.0,5.0,0.0,5,4
AGRRTWZEPTX5WPZ4P35DBAREBKHA,2.0,4.5,2.5,1,2
AES27MUIGIFJC7ZHVKE6VXK4MICA,5.0,5.0,0.0,1,1
AHCSQAOTF6N6GAVX3LGZA4NSSOFQ,3.3333,3.75,0.4167,3,4
AHOPV3LQT5LVXO67EGRUNEMZZ5BQ,5.0,2.7143,-2.2857,1,7
AGVXTPTCU2MZ3N56CYTWZU67T2KQ,4.0,4.75,0.75,8,4
AGC6ORDJPDDTR5SVN52VNHA6CGHQ,5.0,5.0,0.0,4,4
AH7WG73DFMOEV6VS5IQUAFPIPGTA,4.0,5.0,1.0,8,2
AHNINRZBPQH26EJOTR4QJUEKTEMQ,5.0,5.0,0.0,1,2
AGQF4MFBL5WHY4TOPIA4YBCMDUXA,4.25,5.0,0.75,4,1
AEUVEU7VNHSMQ2MASV36L24GWI2Q,5.0,1.0,-4.0,1,2
AGJKOIMOMLIKGR6CBKTSD3L3GT3Q,4.8333,4.0769,-0.7564,6,13
AGUTXDXJFEQ4VPRZTQ6U2MKNS7GA,4.5,5.0,0.5,4,3
AG6BDYJWBERUJTLWX6OYHWAO3Q3Q,5.0,4.0,-1.0,1,6
AHTVGJOPOOQIUUYEYN2PYOLTNQBA,5.0,4.25,-0.75,2,4
AERM4V3A52J2QXXHTXZ3IV6D3A6Q,5.0,5.0,0.0,1,2
AE6AD4AEFDTFEM7G45QESW3SY6AA,1.0,1.3333,0.3333,1,3
AFWCZT6EYBWDABIEQQLXPCBXWJQQ,3.5,5.0,1.5,20,20
AESBKFLWFGHCESBS34WGHOQKDLNA,3.9167,3.7895,-0.1272,36,19
AEBPIQIA7JK2ZLUDF7MS4SZGYRSA,2.0,4.25,2.25,1,8
AE6CJCVE7HPPK4QIDFGNUJURS7JA,4.5,3.875,-0.625,2,8
AE4RKUCFJIHBITR6PIHQZPAEGGMA,2.3333,3.0,0.6667,3,5
AE2RTSRQP2FXDVWYV2S3E6PPMINQ,3.6667,3.4706,-0.1961,3,17
AEO6BCYJUYQ2NCXCO4AVDRIJ5OTA,5.0,5.0,0.0,1,4
AGNAFG7F24RAZXMUQGGHIUWO6DEQ,3.0,4.25,1.25,2,4
AEU2UZC7IIYF36434L3JOTBMQBYA,5.0,5.0,0.0,1,1
AGYCBQZ3LEQVIRO2JJ6RCGRPB2YQ,5.0,5.0,0.0,1,2
AFVWPX4HNXJSJR6IHBU74XD5OXZA,3.0,5.0,2.0,3,3
AEZLC2TGCE5XTS5FUGH2KLSV62DA,4.0,4.5,0.5,1,2
AE6PZUYFB2YRABJWRCGP4LLJEP3Q,5.0,3.0,-2.0,1,2
AGOUP77BVDSXD6FZ66GV6TJTOE4Q,5.0,5.0,0.0,1,1
AGH5552TG7TNZE3W77DL7KGL6JEA,5.0,4.4444,-0.5556,1,9
AH25VJ46CIQS4TQLUYN4XT3PTOQQ,4.5,5.0,0.5,2,2
AH2H3QIC7BA7YXOUVPXPKJ535VVQ,5.0,5.0,0.0,3,2
AFWP5S62BMDNBVS3STJKEZ2WFKDA,5.0,4.375,-0.625,1,8
AG57T4ZQYXI5QSLISI3FY5TBQD2A,2.5,5.0,2.5,2,1
AES6AETM4IUKGGZVQA7ADOMONLJQ,5.0,5.0,0.0,4,10
AH2KJRBVBDEMOJYBIOUYAJWW74SQ,5.0,3.0,-2.0,1,1
AGSHHLVXGE32CND3VQWRSS2DJ3YQ,5.0,5.0,0.0,6,2
AFR6BCRSXOU4VSFKJQ5Q5MNKWHMQ,3.5,4.0,0.5,2,2
AEMSLKGVN6X4YPB3227GVFHNYPTA,5.0,2.8,-2.2,1,5
AE37YBZC2GHEUJ2PQJH3JRCWI4CQ,3.1429,5.0,1.8571,7,2
AFENGC477XM6XXWMD2GIU2OLSYCA,5.0,4.6667,-0.3333,1,3
AHGXEUN2QSKPFP3YMN4J2N3TGNVQ,5.0,4.6667,-0.3333,1,3
AHAINAQVWPQQBSJMYXUYVRWBCGGA,5.0,5.0,0.0,2,2
AHTEBBSYEBNBPMUDYZVKMTRTHVAQ,3.0,5.0,2.0,2,2
AHS2AZ4AMOTCJBYZZVXVSZQ34DJQ,5.0,4.5714,-0.4286,1,7
AG7HPBX4UN7X3HZPUB6RDF7F44DA,3.6667,5.0,1.3333,3,1
AE2FUU365LWKVVCMIUVXJX3MFLVA,4.0,3.0,-1.0,1,3
AEF44SQAFR6KZIX4YEO5VXRF74QQ,5.0,5.0,0.0,2,1
AHNEQVFJPFGHNCDHR2E7PLT6QLLA,3.0,4.0,1.0,1,2
AHAC5HTISODIJXTGXRBQ5XNUPUDQ,5.0,5.0,0.0,1,1
AECNFUKKQOXD2HSJYELHCEJ2FS6Q,1.0,5.0,4.0,1,1
AFVNA4GAA7OCR6YILQFJ6JWXLT4A,4.1875,4.0769,-0.1106,16,13
AF6JCQIZDU52ZWFP4DUBF2245ITA,5.0,1.0,-4.0,1,1
AEAUJMH3CPGR5YQBIVPFWNZI7PXQ,5.0,5.0,0.0,1,1
AFOTSSBWLLNTYTJRYYCGGJVIFYWA,3.6667,4.5,0.8333,3,4
AHUTZFVSIJ3OBVHFWIJLDO6CAORQ,3.0,4.0625,1.0625,1,16
AFUZBOZUXHOMBHMDCJGPYVNLUZ6Q,4.1111,5.0,0.8889,9,5
AECS5RZ35KPKPCHD3TUGAIIN3G5Q,5.0,3.3333,-1.6667,3,3
AF2VQPT6SSCF2LFFPDF3EXIDDG6A,4.5,4.9444,0.4444,4,18
AFUZXRMOZZYGSKWB67R7K75I7ICQ,5.0,5.0,0.0,1,1
AFW452FSZDQC3UW2BQ3H3YZMQ55Q,1.0,3.0,2.0,2,2
AGWNLRNFGQKMXRGKZEJMAUAIFYBA,3.0,3.6,0.6,2,5
AG656L4UCTQW66EWCANBKPKCKMBA,4.0,4.0,0.0,3,5
AFSC2SSO7JFMOKWKHTKWWDQ4Z2BQ,4.0,5.0,1.0,1,1
AHQOB37NP4A54G42AS7OTXCORXTA,5.0,5.0,0.0,3,1
AGP3SEPVAR56LB2VYBP2W7T6KK4Q,5.0,5.0,0.0,2,4
AHC6IYDE7VLSWUIBPNSDWRF3WMYQ,2.0,2.6667,0.6667,1,3
AEKJTATUDFWPJOPKQ7JSMXF3ZNRA,5.0,5.0,0.0,2,2
AG74OU3UF2GBKXJRRUCDUM7XSN4A,3.0,5.0,2.0,1,1
AHMVXQS5YVD6HURUWLLR54HCFLYA,4.5,5.0,0.5,16,22
AFRV3BW4QBU2RWEAI2KA4AKAXEUA,5.0,5.0,0.0,1,1
AFPRMLTUMYFHSUT4HCCLNC4INWVA,5.0,5.0,0.0,1,2
AEKEACVYF3DEBNYKZT7OJ3PTO5XA,5.0,4.5,-0.5,1,2
AFYNY6OHY36KR6O26L4A44JCQWMQ,5.0,5.0,0.0,2,4
AF3XQCANJSFYPBKLKMVDKU7EHYAA,5.0,2.3333,-2.6667,1,3
AFIYFPWC32RGMIXNWOPPHCMS6LZA,5.0,5.0,0.0,1,1
AHIFEEG2KSGC6S3XBMJVCXWNGQ5Q,5.0,5.0,0.0,2,1
AED657MHHQXJDOE2RETCI3O464MQ,4.0,4.6667,0.6667,1,3
AFIVW54ZHJVLJJCW7Y6CFRKG3TPQ,4.0,5.0,1.0,1,1
AHBRWTVJYDBI5A65VSRL6LPJ2OSQ,3.6667,5.0,1.3333,3,1
AHUXA5MXM6TX7KOZZDC4IVPZVHIQ,4.0,4.5,0.5,1,4
AHFUMQ56WAC5KDFCHAN73C2X52TQ,4.5,5.0,0.5,2,1
AG5TRCITGPBMEAPYL5LH3ODFMFQA,5.0,4.8889,-0.1111,2,9
AHOOTOOL56BJNPASH77DMWVHZDWA,5.0,5.0,0.0,1,2
AGN3BN6GCE5IDOX2I52KUCF5P6XA,1.0,5.0,4.0,1,1
AH7UCIPOXV3DNJPL2SXGCKZWDKXQ,1.0,5.0,4.0,1,1
AFP7Y4SN6TE3Z7E3RRGRJC6V4Y4Q,4.0,4.8571,0.8571,2,7
AFBOA776AYG2VT4NPX4V2AFEHQ4A,4.6667,3.0,-1.6667,3,1
AFIIV5SWB6WMJVNW6IY5RKPW5HBQ,1.0,4.5,3.5,1,2
AFWEKZVHVQYH5W26ZAOVT767W24A,1.0,3.6667,2.6667,1,3
AFKITM2ATJTVBBOIX3ZGMRPT6ZLA,5.0,4.0,-1.0,1,1
AH2M3HEZSOTWVETDET66J6QN2WRA,3.0,2.5,-0.5,1,2
AECWJWAVU637XNYNZVAQGJDHTV3A,5.0,1.0,-4.0,1,1
AE656ZLOJ7IYK7AOHBRMJ2ICYGBA,3.0,3.3,0.3,1,10
AEGOGYLSBBR3UWRJQQYLPUJTMQFA,1.5,1.0,-0.5,2,2
AFNRIW4YISQUIS7TMJEUBLQLX5BA,5.0,4.8333,-0.1667,2,6
AFI4WMNMHAAIVR54G2BW5GBRKTNQ,5.0,5.0,0.0,2,4
AHT6HEMBKHLGXFZZNNM7FHD2CYQQ,5.0,1.0,-4.0,1,2
AH3VRO626HHGXRKVBLEDS2WP4O7Q,5.0,3.0,-2.0,1,1
AGG5G7LV6PXIBD5RG5BD4E3CXPPA,5.0,4.5,-0.5,2,4
AFQFUG7YKGJAPCEYETDAZS5NER2A,5.0,3.75,-1.25,2,4
AGNW33V7QOAVQJ5LMCIEUHWMLBEA,4.0,5.0,1.0,1,1
AGQGD3IMASU6MABL4FDHOOAVGVPA,5.0,1.0,-4.0,1,1
AGAONZMEK7ZYDGYD3YHHIPX2GG6Q,5.0,2.0,-3.0,1,1
AH742OMXGND5WFD66R44WYOYS45A,5.0,5.0,0.0,2,2
AHBJFHX3ZLJOVAH3ONTD65FVXGZA,5.0,3.3333,-1.6667,2,3
AHIFMMPEJ23UNRG7MT2UWZBYVUCQ,5.0,5.0,0.0,1,1
AF3YPO6GKEHMKL4AG2R4UKWW6HYQ,5.0,5.0,0.0,18,10
AG7A6XQXQM4UBZ6GQSRUQQC573EQ,3.5,4.5,1.0,2,2
AHMLC4F43FACJALHOXLKPSN42KJQ,3.5,3.1667,-0.3333,2,12
AHFSPIDQYJYQLK4LXIQMSR2NKV3Q,5.0,4.5,-0.5,1,2
AFCTKHGOHHYDHMIARO6U46RWYQZQ,2.0,3.6667,1.6667,2,3
AFWABFZNAGK2JDYTEWO4OLHG5S4Q,4.0,3.6667,-0.3333,4,3
AHFRJLU2PVSIY7G272Q3EFU5KASA,5.0,4.6,-0.4,2,5
AG7DF4IUV5WH3TTIPP5QSSNUOTTA,5.0,5.0,0.0,1,2
AEJ3OE6DKJNT3ZJLVZD2F6WXS74A,5.0,4.3333,-0.6667,1,3
AF5LVYXD2TE2DT3CJAZR37L77KYA,4.0,3.4,-0.6,1,5
AETXK3H2OV4OE4LVPH64VXJVAPZQ,5.0,5.0,0.0,1,2
AE6JGKWRYTRIBHSHDMGDOUYRFLUQ,5.0,5.0,0.0,1,1
AHA67275V5NDBLS76QFQR6PPD33Q,5.0,4.5,-0.5,1,2
AE2KPKKVEDSZC7DCDZ6VIHVYGA6Q,5.0,5.0,0.0,1,6
AFDEYQA7E2IYNTLD6K5NQ24RRN6Q,5.0,2.0,-3.0,1,1
AHDC55CVLAN5RNE5J5D4Q3ODKSQQ,5.0,1.0,-4.0,1,1
AGWYUZC2V5FLLZAPVJDFT4ZORVIA,5.0,4.25,-0.75,1,4
AHWRDXVUJFT4IU6PUGHK65WYWRUA,4.3333,3.0,-1.3333,3,7
AHPN2PPILRM6VB2MC4FIKXCFTDNA,5.0,4.2632,-0.7368,1,19
AGP7TGMNKYT5C6CTW4TZEAX46CIA,5.0,5.0,0.0,1,5
AH7TMC44CUP2FM4EOLLBSISSYX7Q,5.0,5.0,0.0,2,1
AGEUNCRNSMNGWVAI6WLBN2EE4JMA,5.0,3.5,-1.5,1,2
AGBO53YOS4WJ4HNSABVQJEDS2AAA,5.0,3.0,-2.0,4,1
AF55DYLD4Z57OOCYPFQSYOEYZBJA,4.6667,4.6111,-0.0556,27,36
AGJ6TU6ND2GLE3VT6DM7U54KX2CQ,1.0,3.5,2.5,1,2
AFSDPSICU2ETGOHXYDNSPC5HB56A,5.0,4.6667,-0.3333,4,3
AFRPGXDSUSSZ5X3SKBITUNTEDFEQ,5.0,3.0,-2.0,1,5
AEHLXMDBD4QFJVWHWI46CWUVYO6Q,5.0,5.0,0.0,1,1
AFT3SIAPNRS52SCLH6DIHELPR7KQ,5.0,5.0,0.0,1,1
AEQ5TW3NPTCLDTWG3GS4GZGEFTBA,5.0,5.0,0.0,1,1
AHZSX54IEH6BTPZINM3FLSBP7AWQ,5.0,1.0,-4.0,1,1
AHVA2SNSZXZB5S3HO2RZGH65MSJA,4.0,4.0,0.0,1,5
AHPACDCWUOLM5CU2UJRM46HV63UA,1.0,5.0,4.0,1,2
AFPVZOCJLSOZXEXCANAXHI6WCZVQ,5.0,4.0,-1.0,1,3
AEOXJPNGGRFGFQWLTRAY4WYZKYOA,4.0,4.0,0.0,1,1
AEKZTJ6YUYQ4AIWD7NQTCD6VTNPA,4.0,4.1429,0.1429,2,14
AEUY2MWYU5FF2Q2JSOE536F3FTTQ,5.0,1.0,-4.0,1,1
AE3NXPFJGTYR35ZY3HT3EFUK64ZA,5.0,4.0,-1.0,2,3
AE7VEVU3NIJPWMBHRMAXQLLALIOQ,3.3333,3.8,0.4667,3,5
AHJTMARN4AXO4BBFZVUNIFXXKVQA,2.5,2.8,0.3,2,5
AEPSBDF5MEJ4CRBORE2BPYKU4HUQ,5.0,5.0,0.0,1,1
AHZQAXW3MRZ654ZJWPNTQSEJQXTA,1.0,2.0,1.0,1,3
AHPHZO4GU5HBZV4SC2SQQTIQVMRQ,5.0,5.0,0.0,1,1
AGDGFIEKTOIPBOLJISZ5LLYH2XVA,5.0,5.0,0.0,1,1
AGWKRCD7MRAWOQY2AC6WCWCNTWLQ,1.0,5.0,4.0,1,1
AHZUK5GOZUBOY6GJMEDDVK4XQJEQ,5.0,4.0,-1.0,1,1
AGA4FIZP3TWCQBE5CMBPPR756PGQ,5.0,4.6667,-0.3333,2,3
AFKVH3TZQVTKGZG4DVW4BKQBXP5A,5.0,2.0,-3.0,2,3
AG7LWJJNMOFC3G4OLL2WSXVA2UNA,1.0,5.0,4.0,1,1
AGJMTEKSRPDBIGHJYTBOVHRNL5FA,5.0,5.0,0.0,1,2
AGQAQEOKWYZAECMKCX5GS5UFCLAQ,2.5,3.2222,0.7222,2,9
AFK4BZZFPL7AM5GOBMU4GSD5RZRA,5.0,2.0,-3.0,1,1
AHOJKJ42XSXCU2BR6FIGB6EGZDIQ,1.0,3.5,2.5,1,2
AFGQCLIBFNXBUBI2MHP5MB36WZFQ,5.0,3.0,-2.0,1,2
AF4PKXEH7VQCCVQ7HXH5ZX243O2Q,5.0,5.0,0.0,2,1
AGSIH36YZH73J5UWRV5XJK36POTA,5.0,5.0,0.0,2,1
AE3JH4ERXFJMGNIYQ44TMB6D76EA,5.0,2.0,-3.0,2,1
AEAT4K7ARRZFDL3PZCFGNUKMISPA,3.6667,3.5417,-0.125,3,24
AGFY3BKMAOQUGJWF76IYHSKQUOVA,1.0,4.0,3.0,1,1
AHBETAIXJXT3V37V3CRYRUUU6KGA,5.0,3.5,-1.5,1,4
AFESKOVWZV66UOUMYHV27K73X2DA,5.0,5.0,0.0,1,2
AFDLUY6EHSMO3N4EJFS4C4EK77ZQ,5.0,5.0,0.0,1,3
AEHGHHCUU2NDWFRYQWDIS7452ZMQ,4.0,5.0,1.0,1,1
AELBPG6X3I5MOQDVGOPWBWQ35UZA,5.0,4.6154,-0.3846,3,13
AGS6CDR4VEU4QLQTM3CWZFG7AGFA,3.6667,4.0,0.3333,3,2
AHUKYTPQHAZU4GN2HPBWTG6DVV6Q,5.0,5.0,0.0,1,3
AE7YNBBQM4UXCFWX6FSPKDSNZUXQ,5.0,5.0,0.0,2,2
AEGVAGIQ4IQWFZ72LJ77FMMSQWGA,4.0,5.0,1.0,2,1
AFCGAD7WDUTUNNZDXDDUCZXNCYXQ,5.0,5.0,0.0,1,2
AFP6GKXXVUBNTGWJTE4LLRENNIEA,3.6667,1.0,-2.6667,3,6
AGG6GLLUZFU24ZISTCMPEYUPMCYA,5.0,5.0,0.0,2,1
AGRNR2Y3YUZOSGPESLF2EY3CIEMQ,5.0,5.0,0.0,1,5
AFGUMZLZRA4MPRNYDHS5JDLKQQXA,5.0,5.0,0.0,1,1
AGJOJBCOLFPXOTBH6ES7PZMXNNJQ,1.0,4.0,3.0,1,1
AHDBHA7TP4IY4JZ6MBYPRU2NUOGA,2.4,2.0,-0.4,5,4
AGHV6HDXUVXZAVVPF5HIKB2OU62Q,4.7685,4.8267,0.0582,108,202
AFKC27TPAHLIPNQYJM7DZCHYJKLA,1.0,5.0,4.0,1,1
AFSKDGVSETCDFYKNISFLIZ35DJJA,1.0,5.0,4.0,1,1
AERTAMV7CZZT34ZOFE4Y7GOSDB2A,5.0,3.7143,-1.2857,1,7
AGMHIGNK7VGE2QIFSBG3UVEHPL7Q,2.5,4.0,1.5,4,3
AH7LDGZWGZUDND65WBFQ3GP6EPOA,1.0,5.0,4.0,1,1
AGOGBXVMVU7QYQJ4RT4KHDXGLGVQ,4.0,4.6,0.6,2,5
AFZKQEJPVO6GNSB7SB2BUPZUHDNQ,5.0,4.4545,-0.5455,3,11
AH4EVQ7LTRXBBIEZZGVPV7EZR6IA,3.0,4.0,1.0,1,2
AESKSDTFE5ONJKPILGXPXHHN3Z2A,5.0,5.0,0.0,1,2
AGF2RC7Q6SYVVRIM4GRMMWBQGQPA,5.0,5.0,0.0,1,1
AEBL6IVOVM3AOD7NVII3ELAUY5GA,4.0,5.0,1.0,1,2
AGOQHBBAKHOG2WAMZVNW7FYE4TIA,5.0,3.0,-2.0,1,2
AHJZBY645K62QV54P6O2KVFL32BQ,4.0,4.0,0.0,3,1
AHTP77R2DXMWGDSZMFZXHN4ZF3JQ,3.0,3.6667,0.6667,1,3
AFTLGPBMZWHDKF6THDWU7656XK3A,1.0,3.75,2.75,1,4
AEDQW2W5VX3YT2NHL6B4HXMYJOBQ,5.0,5.0,0.0,1,5
AGCTPR2GXZXBHWOQ7FXGWZPZDR2A,5.0,1.0,-4.0,1,1
AHWLM2Z7NK7BZCI7XIE5QLVQKPUQ,5.0,5.0,0.0,1,1
AGI3RCFCGDEJ6IEH7H57YIOXZEPQ,5.0,5.0,0.0,1,1
AHR7IT3A5K3ABRAZXNORZEXGGFZQ,5.0,4.0,-1.0,1,4
AEI2KVKXGWJ5UDBODM4TSP5QXJAQ,5.0,5.0,0.0,1,1
AGYBQ6AK7JVEGO6YJZQJJWO3BINA,3.0,1.0,-2.0,2,1
AGNNBALTJ5AFCVUE253IR75EG7EA,5.0,5.0,0.0,3,2
AEBZVIPQ4E2VMIHO4UWDRM67HLRA,3.875,4.1111,0.2361,16,9
AF3CYE55D26UIRUQZXPIVUE2WMZA,3.4,1.6667,-1.7333,10,3
AETHKD25KANVHR67BINBGQ4WCHLQ,5.0,5.0,0.0,1,1
AHOKKE5BEVYIHA6S6EBITOHXZMYA,4.0,4.0,0.0,2,3
AEK3EMZELHHDAKALUY2OP3AV6A7Q,3.0,4.4,1.4,1,5
AH6BHSJLZRIXSXTUN2EC27Z6DYGA,5.0,5.0,0.0,1,2
AHJGLT4GF2L25YWL426ROCTJGKDQ,5.0,5.0,0.0,1,5
AF6YOEOATVDHZICSZUGMDFCPEBEA,1.0,3.5,2.5,1,4
AENDWLYO2AQMSLP3IRAPWEP3KZKQ,4.2,3.4,-0.8,5,10
AH2J4IA7W3M5BYBXQEVOVITBHW5Q,5.0,5.0,0.0,2,2
AHKKMZPXWGTO243634LTY4NNYKUA,5.0,4.8281,-0.1719,4,64
AGI36CZ3RZ6JB5OWJYVWEFMKOKLA,4.0,5.0,1.0,2,4
AE6222OIS6ZK6TUGMS2DNEBGSILA,5.0,5.0,0.0,1,4
AE5UXL6O63QDIRFTGPJ3PPYEHOMQ,5.0,5.0,0.0,1,1
AEURKTVGKZGCUO26I3IRIPWWY6UA,5.0,5.0,0.0,1,5
AFFZV2P4RAIH4AZIKUVA22YQSWNQ,5.0,2.3333,-2.6667,1,6
AGIAM7MAILLFJNWHDC4FMLT35GGA,1.0,4.2,3.2,1,5
AH3COIAHEPTLR3DLGPIRU5Q5J2YA,5.0,5.0,0.0,1,1
AFOR5GTNIEZCZSWUT6LHMGNU5POA,3.0,5.0,2.0,1,2
AEHPOB5TLGQKI7NMU452TGOUVTFQ,5.0,3.1667,-1.8333,2,6
AGCHJZ4G2QOPFRQ4WDLU2Q37PFNA,1.0,4.0,3.0,1,2
AEGC3ON2GLKBZ5RNR2ATA4RDXEEQ,5.0,3.0,-2.0,4,2
AF2MOGNU56IUVRAC3UWA6SLK2S4A,1.0,2.75,1.75,1,4
AHOKBYATLVH7L7NXBSKPGAVZ5G4A,4.0,3.4,-0.6,7,5
AG2BJI344LMNUBI2VTCBUZMXPF2Q,5.0,5.0,0.0,1,5
AGKYQVOWXHWEYYKJKIGBLFAB5LLQ,1.0,5.0,4.0,1,2
AFUIF3HSL7YFZF2UXR7YGOZ6FXRQ,3.0,5.0,2.0,2,1
AGJHLDTFVTUQTNF2RYHGYEZXZSZA,3.0,3.4,0.4,3,5
AGQRVIQIXYIHVNZLZZGZJSKE2QLA,1.0,3.6667,2.6667,1,3
AEYSMXDP7KNDWQKGUDMA2UOIUH4A,5.0,4.0,-1.0,1,7
AGZP3S4E74B5SFHET3XIPKHQ722Q,5.0,5.0,0.0,1,3
AHLBEX626VE3XWFMH2MHPHXZVHOQ,3.6667,4.0,0.3333,6,13
AHG2FJDL75OMYW65GJAD2GSVLU7Q,2.0,5.0,3.0,2,2
AF6INE374GGQHBDYVD2MCJIXK5QQ,5.0,4.3333,-0.6667,1,3
AE2PORHN65VWRJIG5H6JP4OW5LPQ,5.0,4.0,-1.0,2,2
AER4J5V7TJHIEOHCA3AB24TABUDA,5.0,2.8333,-2.1667,1,6
AEQG6YIZFCYKZHIVBRMC6PSCUR5Q,5.0,5.0,0.0,1,4
AECP7PEJXGOXFXC7PEJ7ZDD2DUUA,5.0,4.5,-0.5,1,2
AGLL24BVC7QZ4FODVKICSNLZ6DKA,4.0,5.0,1.0,6,8
AEKUVHYO42PQEWNSS3JTZBQE7UDQ,5.0,5.0,0.0,2,1
AHSKAJEM27APQDHPCPA677FCV3JA,5.0,3.625,-1.375,1,8
AGQD6L7O6TZ3EXQJSESKIPCEY5EQ,5.0,1.0,-4.0,1,2
AFAS2L4GB5H4Y5SXMFCYMRJDZIOQ,4.0,4.5,0.5,3,6
AHTFMMRICFH5TCICGTIKBUC7GTBA,5.0,3.6667,-1.3333,1,3
AFZAJEGAXOBS5IO7ZXTWJKUHKDZQ,3.0,5.0,2.0,1,1
AF75XOHDBUQGLS62MZXZQVJDNWXA,4.0,5.0,1.0,4,5
AEWQPBOWWW5TOKGX2NOA7LNH7IMQ,5.0,5.0,0.0,2,1
AHUIJNI476FLKWTMBD3GIXHZT7QA,5.0,4.6667,-0.3333,1,3
AGDOH2XYFB4FILLDEYNXEET3JPRQ,4.0,3.0,-1.0,5,3
AFQCOJSNKJM2K6JJ67QJEFNINUMQ,4.0,5.0,1.0,2,1
AG4ONI65Z4V3H6PCUZB5R6IINWTQ,4.5,4.7,0.2,2,10
AG5ISNIVX7RNO4AE5BWVT3IJS2PQ,5.0,5.0,0.0,1,1
AFGJEDNZZTVYZNQELMYDLW7RH2WA,5.0,5.0,0.0,1,11
AGZWYU7Q357E4HSYYSDGDVWAP7VA,1.0,1.0,0.0,1,6
AHAQD6MRMSF6HAK7VUN7EOGCOYGA,5.0,5.0,0.0,3,2
AFLQWLSYTSCBLBBQGH4UOSBPRNSA,5.0,3.2857,-1.7143,3,7
AGAKUEWUIVMLDT5AFZRLZX45EP6Q,5.0,5.0,0.0,1,1
AEL6G2NFLTATZ7SOCCAUW3AJXLTA,4.0,3.2857,-0.7143,1,7
AH6NBUXTTMNDDBH7QBHESTRRECZA,5.0,4.25,-0.75,2,4
AHZCYUSAQG7Y7KFMBWOUA4TX55BA,1.0,3.8571,2.8571,1,7
AFLMUAALWN5RLFEKMS2WAFAOXNFA,5.0,5.0,0.0,1,5
AEMQABOZNDYLAO3NLURNKDWLEIXA,5.0,4.0,-1.0,1,1
AHN24BAITQJ7CSSIFQBWK3FHURAQ,3.5,3.4167,-0.0833,4,12
AEJYWP2ZK23MF7UUMRZMA5RFKXPA,4.6667,4.8571,0.1905,3,7
AECJD4M37KIIDLRZISQ4SLP5JB6A,3.0,4.25,1.25,4,4
AFCAF53GCVD4OVFOBU4ZNG2VYB4Q,5.0,4.3333,-0.6667,5,6
AGG2YUQWAFOFQIZLQPZQQD6JHMLA,5.0,5.0,0.0,1,2
AH3UHV2NPDM5QBVDHTCVVLKWQ2HA,2.0,2.0,0.0,1,1
AF2JUANB2TXRS5ZBSGI3476JTH7A,5.0,5.0,0.0,1,3
AH6IBXRU4JKTPTUIDNI3LNCXOKLA,5.0,5.0,0.0,1,3
AGGOF6DUI5G4FWRS6GTBNW6V7FNQ,5.0,2.0,-3.0,1,1
AEPJLIMBIPE7PADQ6OWUVZUX7RFA,5.0,5.0,0.0,1,3
AHVZL74YQ3SIW5ZA4Z7BOGINF5OA,4.5,4.5714,0.0714,2,7
AE6NIK3YLT74D7MHGCH6OHZCZZ4Q,4.0,5.0,1.0,1,1
AHCMZYBIH5UYPRGJYAUNXJU5FPFA,2.3333,3.4,1.0667,3,5
AFRTEAV5YFC2EPGCHNK4AGXCX4TA,4.6667,4.4615,-0.2051,3,13
AFMTQ3LKIKNWMRYS7EPJZQVA27LA,4.0,5.0,1.0,1,2
AEE5QE5JLF7JHYEMCYT6GAGQC2LQ,2.0,3.75,1.75,2,4
AFUIWBTGET7SPZI5DOCR3KB22NAQ,4.0,1.0,-3.0,2,1
AGAYGGWIFBIYGGQOSJXQPLRI6GVQ,4.4286,5.0,0.5714,7,5
AFY2BQF7AULVQN5RVDPECQTRMBJQ,2.875,5.0,2.125,8,4
AGEH43X3Q5DUAHIKAJ4MXSS7HLSA,5.0,5.0,0.0,2,1
AGQNLK756QZ755UIWZAEDTJYPM5A,3.0,4.25,1.25,2,4
AGYGUOTSIPKK55ANYQGNGU7YYGKQ,4.5833,4.4,-0.1833,12,95
AEEEOR6SRBTDZWDJBN4EGQFVQ3MQ,4.0,3.0,-1.0,1,1
AH2Y3TJSS54FBR4OVKIVCMM47GXA,5.0,4.5,-0.5,1,6
AHSRCFOVBFUWV3TGNBUEINRE6BIQ,5.0,5.0,0.0,5,1
AFSG7X6M6OBTZHPYDIFVDGCUQ36A,5.0,4.6,-0.4,1,5
AFS6TGTXCMV4GFAVFOXQDHEK3YSA,4.0,1.0,-3.0,4,1
AH6IIZVN5QCFZE36G2CXPCZ367DQ,3.0,4.6,1.6,1,5
AFTE6NQPX5FHUKNANB5PBPRK3NXA,5.0,3.6667,-1.3333,2,3
AF5RRMDCLXG7756IHYWX2SPYGBOA,3.8571,4.875,1.0179,7,8
AGVDG3VXVWZX4FTIKK735E5J6KSA,4.0,5.0,1.0,7,2
AGMXHEOKK25VBHT6CZPDOOVK2EOA,5.0,5.0,0.0,3,4
AEBRPFPZZ5RUZCYJVB7JZ4CUQWXQ,2.0,5.0,3.0,1,1
AHUV4AHQNFRL3JKS2I7HVZQC5F2Q,1.0,4.3846,3.3846,1,13
AG7JI73IW3BW6UQENOGWD5M2GFDA,2.1111,5.0,2.8889,9,2
AFQHBL5BZMBFFJLTWBI6N5FRL7PQ,1.0,5.0,4.0,1,1
AELOG52GIIACHPLHPC2UZXS7IFEA,5.0,3.5,-1.5,1,2
AHOSL6LI4LE7GAKEFO2FHSNHFA5A,4.5,5.0,0.5,2,2
AG6X42WOLXEPOHKO532AP2YKO3FA,5.0,3.0,-2.0,1,1
AHHLQTVSUW2WILIOSXHUJTBLGHBQ,2.0,4.0,2.0,1,1
AEQLKKJRCYQCS36PI3OSFYW4WB5Q,4.0,4.0,0.0,1,1
AETASVQ3SRHDJ2KY5GZFKNZGNYGA,5.0,3.0,-2.0,2,13
AEN2XMVCYJNTUA6Y73P6AFACBPVQ,4.6667,5.0,0.3333,3,1
AHLNZOKCHWPC6OHUFNEPURDC5VEA,4.0,4.5,0.5,1,6
AEQUIZ7KSJJ7WC37WMPAGK4DVPFA,5.0,5.0,0.0,1,2
AGAYUXJ7Y6S2M4FS64VXKSOEDAQA,4.5,4.75,0.25,2,4
AFPP2PVSFYVYXZXNIYM27RTM32YA,2.3333,3.0,0.6667,3,2
AF2HQX5E6GFATZJ3YAQ6M7CTQB4A,4.0,4.5,0.5,8,6
AGTL72IVAK6MZ7BZ7YZGH6R7CLMA,5.0,2.4286,-2.5714,1,7
AHAMRJMCEBBFHTIZGPSPY2EI4F7A,3.0,2.0,-1.0,1,1
AHKBQ6AJ4GWLAUGZHTYKHG6GRBEQ,5.0,5.0,0.0,1,2
AFNXLVQ4YGGHZNPYRT45ZVXXRYKQ,1.0,1.0,0.0,1,2
AEVPTO72REW3CESWHMAQYMUORGYA,5.0,5.0,0.0,2,5
AEHMU36MELO4ERENVV7DLYMAMKRA,5.0,5.0,0.0,2,7
AHGNT4ZNIBSFE4K2ZLECNLGW2EUQ,5.0,4.0,-1.0,1,3
AHUVA7LW6EHGYQ3VIECMPTAVPDKA,1.0,2.0,1.0,1,1
AFZGDM4QF7VY5JH4B47SVKYCXQAQ,2.3333,1.0,-1.3333,3,1
AEINVPKHYD6M2O4QBLQKEIKRB4QA,5.0,2.0,-3.0,6,1
AECAXPT7D3YGS4KSTIEVLB26JRAQ,5.0,4.75,-0.25,1,4
AG6LW6BXVYYVABW5KEBLR3S3CJAA,3.2,2.3333,-0.8667,5,3
AE4VC5F4CE762TEPLBTW5OCJS5DQ,5.0,3.6667,-1.3333,1,3
AHMYO3ZZS5E7GFI56LZZF7KD2GCQ,5.0,4.1667,-0.8333,1,6
AEZPTO37AP2SCGOYTHZZREPKVB6Q,5.0,4.8571,-0.1429,4,28
AF54MGHVVYZHT5PCF4JLZIUHNBQQ,5.0,3.0,-2.0,1,1
AEEFF2PMYDWAYCMXY3OITDVQEJLA,4.0,5.0,1.0,1,1
AHIVK5R65JA557XRYBVMCBL2LPAA,3.0,5.0,2.0,1,3
AGYOJNAZFF4AYEG76FWXQFY2DMVQ,1.0,4.5,3.5,1,10
AGYKJ2KBEA3KGUQ7NRG35CGG65SA,5.0,5.0,0.0,1,3
AHJF5YU2WAFXOYENCW3MJJIPPFZQ,5.0,4.0,-1.0,1,2
AEIDX44UHZYFIH6DUYZOE2SKVINQ,4.0,3.0,-1.0,1,2
AFW7VVCMFGFFVB5AJQQOWTFCAXSA,5.0,5.0,0.0,1,1
AGP567M5JYQDTT6L33DMCVUW6D7A,5.0,5.0,0.0,1,1
AFFZSON7NTELIAK5ZG74WP7H6RYA,5.0,5.0,0.0,2,1
AEVHLJD2OX4MBTYYCR2RKL4WOBLA,5.0,5.0,0.0,1,10
AGQS5ODWHOD32UFHZ2FS36E6ARFQ,4.6667,4.25,-0.4167,3,4
AFLF5FAW5ACCEFZBXZGWSR7Y3WBA,5.0,5.0,0.0,1,2
AFJODEYPP365ZHZ4H5TX4EY7QZPA,1.0,1.0,0.0,1,1
AE4YQWQUU3EBJLJJN2LI2IU2RUXQ,4.6923,5.0,0.3077,13,3
AFOSATOL5IABHFV6DQYINXJZVQOA,5.0,4.0,-1.0,2,2
AEMONPYFGXXQWBHE6FLWLETDJCIQ,4.3333,4.9032,0.5699,3,31
AHXBNECOYCGRKRTR2B27OY73DUCQ,3.0,5.0,2.0,2,1
AHMUOEBHNTJJCI3OFMXPSNXE4TAQ,3.0,3.0,0.0,1,4
AENO4OET3PWVOU2QTJICWJYCK5VQ,5.0,5.0,0.0,1,2
AGZL2UIGIHXL4WZH64LDPUZBPGOA,5.0,3.0,-2.0,1,4
AFSHD7Y2T7OJ3TQABEXXB7JRCXJQ,3.6667,4.625,0.9583,3,8
AE2TCYRJGPRWWIUKCAJQHBNF6E6A,5.0,4.8889,-0.1111,9,9
AEQBK362JRVUEFNT7QW5PNCJ2CEA,3.0,5.0,2.0,1,1
AFN6EFBBNAVDSQCAALY24GLX3W6Q,2.0,1.5,-0.5,1,2
AG37R4NFKOKKRXZZ7QFZFA5HJ6SA,4.4286,5.0,0.5714,7,7
AEES6UZSQPNL6J6BGMW5WQKNICFA,4.0,4.4286,0.4286,4,7
AEM4BEADLTNKE2JXOEO6LQ5GJ5OQ,5.0,5.0,0.0,1,1
AFOJUV3RFUD252AINYJVJRLOEMXA,4.5,3.5,-1.0,2,2
AFWSDE2D24YMGW3YMUNZH5EC4I7Q,1.0,1.0,0.0,1,1
AHFNDABSECCPVWU4LRHDZK54XL3A,5.0,4.6,-0.4,1,5
AGRUPRORXNNTB74A25A4UTBNPUUQ,3.3333,5.0,1.6667,3,2
AGJAD52SEFHWKOKAC5KEESI5T3BA,5.0,5.0,0.0,2,1
AFFXVH6757PVLWALWZ3ZUVLVZLDA,3.0,3.0,0.0,2,2
AGOFDSBVOHC7WCQ3RB5FJFEOYDSA,5.0,5.0,0.0,1,1
AGKTQTLVKBTCASQRPF5O2ZJLGYVA,5.0,1.0,-4.0,1,1
AG34RV5JGBOJOVSR6LMFZ2XKMDYQ,5.0,5.0,0.0,1,8
AHGCYUAN6MZBKSRJSVSW4UBJV6XQ,5.0,5.0,0.0,1,4
AGZHRLW7CK55KCXDMHGXH4LYQCIQ,4.6667,5.0,0.3333,3,1
AFTIK3OIPGDWGDUZKHXH5GTQNM3Q,4.3333,3.0,-1.3333,6,1
AFUH5ZJ5CTGXR7U45L2UEL6S6J2A,3.0,3.875,0.875,2,8
AFMUOMUINQ6DKT2VDW7NI2NBAMYA,5.0,5.0,0.0,1,3
AEYFJHFHCTMHOHXMGVROGHJOKZFA,5.0,3.6667,-1.3333,1,3
AEUFYBIU4DJ6VKJKLC43ZHP5HRQQ,3.0,4.8,1.8,2,5
AFG3DUHXGQRYIN4X7TGT3ULDGAFA,1.0,5.0,4.0,2,1
AGLICAK3ZP7ENEG2WSZAL477H57Q,5.0,5.0,0.0,1,2
AFONHW3Y6BWUUBJ2ZXZADBXLI5WQ,5.0,3.6667,-1.3333,1,3
AEK6FIFQBDROKNKCW6XR2WMBGBOQ,5.0,4.6667,-0.3333,2,6
AEMRQCEIHZVCLOYW4PIFBRPCE7KQ,1.0,3.6,2.6,1,5
AENK7LMPFPFW4NRROF5MMXC3DOUQ,3.0,5.0,2.0,1,1
AH54BIWUA6PCC2U3HPPXSFH5LZYQ,5.0,5.0,0.0,2,1
AHL2C6ZWYXRHLEHT4K2A2SJZNDLA,4.6667,4.0,-0.6667,3,2
AGMJM7NO6QRZGGR5QDSCUNUUMWCQ,5.0,5.0,0.0,3,12
AELJCKN5OW3PHW2IVBMSRWHDQSWQ,4.0,3.8,-0.2,1,5
AEITXKVPRHQBJWVR64GEJCUBXLYA,4.0,3.8333,-0.1667,2,6
AHHEWEK7O3WHBFCFRKLHJ5UJ5Z4A,5.0,4.9444,-0.0556,3,18
AG3YDAKURN7SJRNX555DJFYIIINA,5.0,3.0,-2.0,2,6
AG4QM2SATRHTTVYHFK5QMQFQK2XA,5.0,4.6667,-0.3333,2,3
AGGCHU5C5G4QV4VFWOMR7AK5IJIQ,5.0,3.75,-1.25,2,4
AHZTMKQFWXHUR4TW6WNRF7TEYIFQ,5.0,3.0,-2.0,1,2
AFBPU4UTRQNBNYCCJR6LVSKCZSFQ,5.0,5.0,0.0,1,3
AHUQOEHO2I3V7FQ5O3SFY3EUXZCQ,5.0,4.6667,-0.3333,1,3
AHFL7HUFUIQINXG23QN42RNOQQGA,3.5,4.1818,0.6818,4,11
AHLF77CKZSQXXHFVJKKF4KM65HKA,5.0,4.6364,-0.3636,2,11
AFH6MMGZF4NK7CXSHOH5ANBGOB5A,5.0,5.0,0.0,1,1
AEOZJH3OF7HBMJDZG36WWN4Q7ZSQ,5.0,4.625,-0.375,3,8
AG5KDWP2AQHK5M7WMBI3OP5JXDVA,3.0,5.0,2.0,1,1
AESZTQH54ZAEANUC5ZHXEXTA2ENA,5.0,4.5,-0.5,1,2
AGYCPP7WQH627B2GWXRG5VWSUQBA,5.0,4.0,-1.0,1,2
AFK2QD6OMZBUMQDGHY4TFRX7YGUA,4.5,3.3333,-1.1667,2,3
AHY4AJ7VJLSL44VH33RACQDU7NEQ,3.0,1.0,-2.0,2,2
AHJYDPZUZ3BTB4ZGVR5KTHZQIF5A,5.0,5.0,0.0,1,1
AET2YHPLQ5S6YQM7CNBHKUQ3463A,5.0,4.9375,-0.0625,9,16
AF4S2XM75TN6OSPWGAB47ULLQNBA,5.0,4.25,-0.75,2,4
AGY6K2AWIS7IWHIRAHSPG3ZQC5PQ,5.0,5.0,0.0,1,1
AHH5LM6V2UTKYXBD6TWCHDQEGZWQ,5.0,5.0,0.0,1,2
AHXCZCWCGK327PHLHYUIYWVYLULQ,4.0,2.9444,-1.0556,2,18
AFPYURJENMW7LBDTVYKQ2RVRJAHA,1.0,5.0,4.0,1,1
AE7V4RSK6JIO3ELL76Z2KGKBGWXQ,3.6667,4.8,1.1333,3,5
AFZFHZJGFUHQEYMTZMMDRXKZRW5A,5.0,5.0,0.0,4,2
AFKQMJHODCUMGCT6VJ2IREBQQDFA,5.0,5.0,0.0,2,2
AH5QQXMDXH4PUNTAX3Q6ATA74HGQ,5.0,3.0,-2.0,1,1
AEGWCSOQY3TT2Y3OQIZVO7YHZQUA,3.0,5.0,2.0,1,3
AHAN5FAYOIUCY62V4QC37ZZGAZMQ,5.0,5.0,0.0,1,1
AEASSSAFL7AH55ZMYSU4ZIORK5WA,4.0,4.0,0.0,3,2
AHCBIHJYJ7OOY7MCM2HZUAWV46XQ,4.0,5.0,1.0,2,1
AHPUPYXBEVGBM6A6MMK2IBQ3C7AQ,5.0,5.0,0.0,2,3
AHWFJHQ3J5WXFP2VXLFYQT7B5DYQ,4.0,2.0,-2.0,1,1
AGILICJC5MQDK2HIYXI7JDZ45H5A,5.0,1.6667,-3.3333,1,3
AG67ZURI7KZNHQR3T567VK43VFBQ,5.0,5.0,0.0,1,1
AFIETXOERR7RT3FURYWJ2VT6JNKQ,5.0,4.0,-1.0,1,3
AFAL4KN5HFPJZXUVH6VOSKR23PGQ,5.0,5.0,0.0,1,3
AGPUTHVH72THZ3SZECOU573Q4N6Q,5.0,5.0,0.0,5,3
AF5LFDSYWSZ45JZT3QZ3ZVJCOXLQ,3.0,4.0,1.0,1,6
AFDIACAJGOGK6HKZJYT4VNA5R5TQ,5.0,5.0,0.0,1,1
AGNQOHSROK2NUQZRSQOTXUCTPU2A,3.0,1.0,-2.0,1,1
AFW6ZKMES36TTXJ5K2N56LFOOXPA,4.0,5.0,1.0,1,1
AE5JRHXL7DOT3VN5R5Z2NQKKEZZA,1.0,1.0,0.0,2,1
AEIMA6FBSLYYZCVUBPDR3CIEWREA,5.0,5.0,0.0,1,3
AHD5JJRTFPQP7GHQG7Z46H2JB6AA,3.0,5.0,2.0,1,1
AEBDK36IVPGBK6CDIML2ZANLM2SQ,4.0,3.3333,-0.6667,2,3
AGXXB2MLX6OB7IEMI3X3AV5Y7TQA,5.0,3.6667,-1.3333,1,6
AGHOZEMPTBE4KMMUVI5B2VIOXMZA,3.5,4.3333,0.8333,2,6
AF2KNSBP4A3KWUEOMNQ7CEFRZIEQ,2.0,5.0,3.0,1,1
AGTKPRCUD3V2WVFWXSEKSPOKC6MQ,5.0,5.0,0.0,1,2
AEZ2OJV3FZDCYJJBHXYK7VT22E7Q,1.0,1.0,0.0,1,1
AEF4H3TGTYENJ5JIXLSYQNN25DFQ,1.0,4.0,3.0,1,3
AG3SCLJ5Z7XV5QFAH3KQTPQQ4QIA,5.0,4.4,-0.6,1,5
AEVN6WTZRIG3ZT642FFKCB6QNAJQ,4.5,3.0,-1.5,2,2
AGHMPOKLS3EYUXMKJL2TQ3HYJRQQ,5.0,5.0,0.0,1,2
AGQXGOVPAWPCMWNUVCHXKBOGBBIQ,5.0,4.7143,-0.2857,1,28
AHVHMTA5KWUMHYMWGFQKY7OQEMKA,5.0,4.6667,-0.3333,1,6
AEQQT6WLWYVPBUIKJ7JVEEYNEV6A,3.96,4.625,0.665,25,8
AGBPXR2KVDZ5RZZ3YVJGUOWR5NHQ,5.0,5.0,0.0,2,1
AGRXVFDA36STW5ZQ6ALBVUSHTYHA,5.0,5.0,0.0,1,1
AE6SJZLMONDUGZSY6422W7EVND7Q,1.0,3.0,2.0,1,1
AGCG2Q7MYC6W6SJRKNEI7QW55I6A,5.0,4.1429,-0.8571,1,7
AF3Q6XHPIXGTUNLNVDAPO2ERUV3A,4.0,4.6,0.6,4,5
AGGKS4AEZL2NOFMN7WKFYT6UDVIA,3.5,4.0,0.5,2,1
AEFIF4VUL2NDJQA423DGI55FHJ4Q,5.0,5.0,0.0,1,1
AHPPTKOL6QPYGQY6WK5HVEM5LUYQ,1.0,5.0,4.0,1,1
AHEGUOM2A3Q4W6YYPKQ3OFYFNJNQ,5.0,5.0,0.0,1,2
AFN5I5KZGTFCDZXGN73UFWFKI4VA,5.0,5.0,0.0,9,5
AF2HAU55BQPHJS7AOSQLZIXRAODA,5.0,5.0,0.0,1,1
AGSNIGICJDGNVA6G33MBRTC4GADQ,5.0,3.0,-2.0,1,1
AGJ66KAHD3E7J7QODUKX5FZKABMA,1.0,5.0,4.0,2,7
AHZ6IE2THDS2T25UHQZTTSTDL54Q,4.0,1.0,-3.0,4,1
AGQI2OVZ5WFMZRJLET3VMFLCHGPA,3.0,4.5,1.5,1,2
AGGG3HQGJJ3U5JSPTAPDBRNQDNEQ,5.0,3.0,-2.0,1,4
AEZ76SGYN5J5GC5NVMLKQ6A7RYJQ,1.0,5.0,4.0,1,1
AEONIKLTNV3YUSGZG6HJI3A5JEEA,1.0,1.0,0.0,1,1
AHEOL7OQITDAN7EJGEMKWEEB7CUQ,5.0,5.0,0.0,2,2
AHVLOOHMJ6YPV3LP53FGKP5HJZ6A,5.0,3.2857,-1.7143,1,7
AHRVOMHKKB6WMWXDXLHBYWD54HBQ,3.0,4.0,1.0,1,5
AEQAM3CU3RWDWZS6QQOMXTQMTFNQ,5.0,5.0,0.0,1,2
AE3MM2BXVUPHJAVIWW2V4YBVSL4Q,4.5,3.5,-1.0,2,2
AHIJKJZ3ID7PAZHQVDI2MGTR5XJA,3.0,2.0,-1.0,3,1
AGZ4S43LXPEFBI2RK3AIWIBZG7MQ,5.0,5.0,0.0,1,3
AFC4RW6QI3YJTCUHBPKFXZN2AI3Q,5.0,4.5,-0.5,3,2
AHQE2O64374QIOBMGGAYSQ5OTZWA,5.0,5.0,0.0,1,4
AGDG5JYUIZNLGIBZIKC437GBR65A,5.0,4.0,-1.0,1,2
AHKEWS4YZAXT42KQPKXKUH5NZSAQ,5.0,4.4,-0.6,3,5
AEDWZQ7CZZZ6JTQ25DPJKJ5A5AJQ,5.0,5.0,0.0,1,1
AEITZRODXJXXUIUC656ZI56IMQLA,1.0,2.0,1.0,1,1
AEAHKKO4E2SNRMEZIICUUKW237PQ,5.0,5.0,0.0,1,1
AEEPVBU3TZQSK3LKFONKZHB6RF6Q,2.3333,2.6667,0.3333,3,3
AFYUHCXHPSZ64QZ5EAK6L2IFAW6A,5.0,4.7647,-0.2353,8,17
AGP7IFBGSFGCXJL3YVSGAQAB4CSQ,5.0,4.1667,-0.8333,1,6
AGCRQ765DR75KSDNHFMVHEU3JU6Q,1.0,1.0,0.0,1,3
AGYMTTIGKENBW4KAJKWDFMEN5BHQ,5.0,4.0,-1.0,2,1
AGCIE4LRRZZAWUQVH7RO4BLRCZMA,4.0,5.0,1.0,1,3
AFGDF7R645W4PKMA5X6PYBEWGQ5Q,1.0,2.0,1.0,1,1
AEGM5YJ5BTOSY4N23OMJVSSNVBJQ,5.0,2.0,-3.0,1,2
AFMYEZXANOJ6CU2DKVQTUXFLSOHQ,5.0,5.0,0.0,1,1
AFENGE4IYO64FGZGNY3PSSUOMB4Q,5.0,5.0,0.0,4,4
AHHTQLAR6V4KYHPHHKKEVLK7623Q,4.0,5.0,1.0,2,1
AEL4UDFFLG272TRADLXUKOOJNZ6A,2.0,5.0,3.0,1,8
AE2W7KOGD3ESTLWN5MAH7BMQ4Y4Q,4.0,3.5,-0.5,1,8
AFHB5XQ5JJYVKB6X7YCH52RDHPLA,5.0,5.0,0.0,1,1
AE3CHFJVFY5VRO5Z27XNY7232BMA,5.0,1.0,-4.0,1,1
AH3EXIWNRMZGQBXA6DN3E2IAOOYQ,5.0,5.0,0.0,1,1
AFCQWDP6VUQXNL37S6FHVSUXDH2Q,3.0,5.0,2.0,1,4
AELLD4CMBLP3CEEWSUUJDPTL7ITA,4.0,3.6667,-0.3333,2,3
AH7HKLM3YTM2H5KN66CJ7H5HGFUA,5.0,3.3333,-1.6667,1,3
AGQS7OYC4E6DGX72HXQZ6KNCW62Q,5.0,2.3333,-2.6667,1,3
AEMCPKKEP7YDQF4BOKB367VM3UPQ,4.5,1.0,-3.5,6,1
AH5QW36PO3XK5TJXESCBX4QZNOJA,5.0,5.0,0.0,1,1
AEEK6XE77HLSVDTY2HSU5V3BHWIQ,5.0,5.0,0.0,1,1
AEE5QACMUSHYALM6TNIECQBGIYYQ,5.0,4.25,-0.75,1,4
AFC6AYBCZQBVDWF7PXXU35UFGG3A,5.0,5.0,0.0,1,5
AFL3U3P57BNFGWYT3BM4YF5Q22PA,5.0,3.5,-1.5,2,2
AGDZB4GG5SFYZJJQRJKF45K2K6QA,5.0,2.0,-3.0,1,1
AHKHAJXACR6NEN35SVDGSZUUDHYQ,5.0,5.0,0.0,1,1
AFQHBUU6ECKNQQUKG2FRVM7PWPUA,3.2727,4.5,1.2273,11,42
AG4X75B736O7NQ6WV6OWDW7NEB3Q,5.0,5.0,0.0,2,1
AGU525FNLTTNKVYHOQHQHNYJWYCA,3.5,5.0,1.5,2,1
AHOEJBKD4UV3YVZGOEGBKIR6DWWQ,5.0,5.0,0.0,1,1
AEAE6PKHV2RQGLQSRRVE3OGXSY5A,5.0,5.0,0.0,2,2
AF7ZBZFVSLCDH5J2KZBZPQUGQMUQ,4.0,5.0,1.0,1,1
AEA32P2WK6WWU6RZGOCTONMODPUQ,5.0,5.0,0.0,1,2
AGMVVLY6DGMAMVXTNVORKI46ZL3Q,3.75,5.0,1.25,4,10
AFT5DU74RK4DAUOIUX4MRVDDPRNQ,5.0,5.0,0.0,1,1
AH4PVPJXXAOGNY3TDE5XDOVHE7LA,5.0,3.1429,-1.8571,1,7
AFXKQQLY6WQRDOLXQIY6Q3EL37FA,4.0,3.0,-1.0,1,1
AHAMJFL5VHQ4LKSSPKPQILXQ3RAQ,3.0,4.5,1.5,1,4
AFMF45SAYI4RX57GZXKQGL7SUGCA,4.0,3.0,-1.0,3,1
AG4FYUXI7M4VXWTCKETKXT2HLY4A,1.0,3.0,2.0,1,2
AESKYJSEE7VEBWJKKMBDWTEVSL6A,1.0,4.0,3.0,1,1
AF3V3DFOWAJJN2FYADAWDEP2GZWQ,3.0,4.0,1.0,1,5
AG52CEJAA6FWQCKOHYRQ6DOKH55Q,5.0,1.0,-4.0,1,1
AHTUDWCYJFC66MRXESWSMRBKWUMQ,4.0,5.0,1.0,2,3
AGZ5LR57CQURRH2GFX4GDUKSGGAA,4.0,4.0,0.0,1,3
AHLHHRTGS42WQS2MAN5LHGOARG5Q,5.0,3.0,-2.0,4,6
AGSZ5GNYDZMJ7JBTPQPAVTKUGDKA,1.0,3.2,2.2,1,5
AGLHM3BAXLT7E7QFR23XAN64P3HA,5.0,5.0,0.0,1,2
AEPGKR5KK6USZ3QPRU67RMG6GAJA,5.0,5.0,0.0,1,1
AFS47AYN2NS5IDR62NWGQOWFUMAQ,5.0,4.25,-0.75,1,4
AHUJK7KYZPK5ISVEJ7R56QSCYT6A,5.0,2.0,-3.0,1,1
AHOM35YZYUQQUE7HZDG3AFWP5B6A,5.0,5.0,0.0,2,3
AEUOXKRW5SRQQ3OLCAHE6CZLRKGQ,2.0,3.0,1.0,1,3
AFAZLK7OR5UFN3D35TU5227RMF6A,4.0,5.0,1.0,1,2
AEQAOYYX2NPXKIRH4BR2SIZQZYXA,5.0,5.0,0.0,1,4
AFKMJ2W3EEG6HUOP3N7SATWAZ7AQ,4.0,4.75,0.75,2,4
AFODPR67PE4M7TJRSK3MLO7AMVYQ,5.0,3.0,-2.0,1,1
AGMZM5IYFIRZWPIYE7SRBWBMY2KQ,5.0,5.0,0.0,1,1
AGEBEGGUCUVEDZYMM46DTEPDFH7A,1.0,2.6667,1.6667,1,3
AHGXHLUNWUJEO65TCG4HRCYB5JKQ,3.0,5.0,2.0,1,2
AGM6IZUFLKBCOFANDDHW2Y3XM5LA,3.0,5.0,2.0,1,5
AGMSPMTRA6DDKPZS423JNVMZ6SVQ,5.0,3.6667,-1.3333,1,3
AH3XRRUMG5WXYEN2FURP5COOFQVQ,5.0,3.6667,-1.3333,1,3
AESJATOGKMS3TQ527MFSI6V2CUFA,5.0,4.6,-0.4,1,10
AFBL2EEEKU24QSX2YMBU7UHL5EVQ,2.75,3.8182,1.0682,4,11
AFFYCBFLXYSPAPM2MQGSKH3SXRRQ,4.0,4.0,0.0,1,1
AHIARSJ35FJBFUA6INDASJ47B2EQ,5.0,5.0,0.0,1,1
AHH423QZ7ULTBJKWYIS5B6E3I35Q,3.0,4.0,1.0,1,1
AHEHLPX7MYZPWDPTR7HFNOQUXFEA,5.0,4.2857,-0.7143,1,7
AEBG535IKLM75NH7FH3JNPZBL3VQ,1.0,5.0,4.0,2,1
AFOTMFF4DQYICDJUYHM6HL4LDWQA,5.0,3.0,-2.0,1,2
AH3H6MAIXV2JUD2F7XO4AYM672LA,5.0,5.0,0.0,3,1
AH7LYYV6TBDZXBRJVBG4SELZEM2Q,5.0,5.0,0.0,2,3
AG74545DTWY53C2ZLIC7Z75OO6RQ,5.0,5.0,0.0,1,1
AHC4BPJQXGXON7I66JE4BC4B5C5Q,5.0,5.0,0.0,2,1
AEJXJ2ZAUIKCWSIGZHN6Q4N4NSHA,2.5,1.0,-1.5,2,1
AGLMRODO75JZIKSUV52OVFNLHNZQ,1.0,4.6667,3.6667,1,3
AENMWQ5277VMJF7XDEUICP3NXIBA,4.0,5.0,1.0,1,6
AEMJROB5GG7XAE7CMEBKPAAOPCSQ,5.0,5.0,0.0,1,2
AGVKLRXPHMLBW6NX24KEWVG4KYEQ,2.5,5.0,2.5,2,2
AE336RYCSLKX356NK64LT4DBDPPQ,5.0,5.0,0.0,3,1
AF2OZKLITMYDAWQYNJC3MPVA7RVQ,5.0,5.0,0.0,1,1
AETFVIGZQTJ52WBP4AES6QNQSH5A,5.0,5.0,0.0,1,18
AFHNL7AW63CIYSRZBGEY5H65VS7Q,5.0,2.6667,-2.3333,1,3
AHKUR3AC344MPM4Y3C4YR36ZGIJA,5.0,5.0,0.0,1,1
AH7AQUH7GW4SYRTLLGT66ZIFSEVQ,5.0,5.0,0.0,1,5
AF3M3URXKKGKBIUEK6W33IDR23EQ,2.3333,4.6667,2.3333,3,6
AG3ZKVQSXELXR4APLX24F3X4MSDQ,4.0,4.5,0.5,2,16
AFK4VNNDAI5ZWGBRCXWNKUX3GUGQ,5.0,3.2,-1.8,1,5
AFA3H4UTXL6GQ55ZI4NNTA73BXWA,1.0,4.0,3.0,1,1
AHCBIUEEF3ARAFXTPRXXQTJDOQDQ,5.0,5.0,0.0,1,1
AEOZSJVBNR3ZSYOEZY7QXTKUEANA,5.0,5.0,0.0,1,1
AEKR3EI4ZUMWVGNPWIYVYOVLUZHA,5.0,4.5,-0.5,2,2
AEW3TXDPTL76Y6FFNYHTSKDUEAHQ,4.0,3.0,-1.0,1,1
AG4CQCMFP2BADC4PCMWZHAA47TGQ,5.0,3.0,-2.0,1,2
AE3CCGQA6ZBHTHXOVFC7JQ436RIQ,3.0,3.4,0.4,2,10
AE6NFDKQP2XBQ4XLMCJI2O6AOGIA,3.6667,5.0,1.3333,3,1
AEDIVHVYGOXIDOE5HHOLMITDDLNA,4.0,4.0,0.0,1,1
AEBQAQSOFRKY36BMXE5HB7BLWZTQ,4.5,4.0,-0.5,2,5
AG5USPSWC4KBCS4PE2YM3YVIYASA,3.0,5.0,2.0,3,2
AFDF2OU4UHUNH5YPIOGTGBAXHRKQ,5.0,5.0,0.0,1,1
AECOVNPQJLSSXRKRHMQVCTTFJTAA,5.0,5.0,0.0,1,2
AGW65IAOHW7IVJ6VXB7EMEHHRWQQ,2.0,4.5,2.5,1,2
AEOEQ6272RWWRCF3GKH5B46BOTKQ,2.8,2.4,-0.4,5,5
AGTKSFSRLLJQQXPRI2VZ7E6RJVXQ,3.0,1.0,-2.0,1,1
AFFSWK4NTGE6O6JREG3LAEWDZ4GQ,5.0,5.0,0.0,1,1
AF7EECF3XCG2QNQXLGAG2SVTN6ZQ,5.0,5.0,0.0,1,1
AGQFJAJQ24IHZ2RSOJRBYTZOTZZA,4.5,5.0,0.5,2,1
AHR7ZYQUO5BPY7XKUE2NPZMDGYTA,5.0,5.0,0.0,1,1
AFF4L3EGR5EUSE75T5TG2OQYCDPQ,3.5,4.0,0.5,2,2
AELFVDX2IERROUL3JVH6LYSM2ACA,5.0,4.9231,-0.0769,3,13
AFI4Y76PIZC3GNTY4GGS3BYZ5UQQ,5.0,2.75,-2.25,2,4
AGKLPZTV375PXNMPZADDHDNNWSSA,1.0,2.0,1.0,1,1
AFZRFHYT6E7V7I5QEQTOQXNHXP7A,5.0,3.0,-2.0,3,1
AHSP5AWINBCI3HVQQ3CEURKLUFFQ,5.0,5.0,0.0,7,3
AHPIWYW3L3Z6Z3D5OLB4GP4YMVMQ,4.6364,5.0,0.3636,11,2
AGLS4M6WJNZ7HVVWHFPOIERRLP4Q,2.0,3.0,1.0,4,6
AH3XTLT5UTGUCQLDXXFEKWWA4RKQ,5.0,5.0,0.0,1,2
AF6ESRRCYANKNQRHPS7WZBKUSG6Q,2.0,3.0,1.0,1,7
AFN5ZEEHXY2EBSQHO2INENZHWD7Q,5.0,5.0,0.0,2,2
AE5ROCTRH26EMBQB2AVQSW3EAYOQ,4.4,5.0,0.6,5,6
AGULPGAGQFV7CHRRNO6SLCV52SRQ,3.6,3.8889,0.2889,5,9
AE3H4OTDL4O4TBFJHB5FHIYD3JUQ,1.0,3.0,2.0,1,3
AEHT2T46L4YDS3VKWVZKNFOZHO5Q,5.0,4.75,-0.25,1,4
AH4NP7BYVVFZ4KEGBTS3UQS7T7JQ,5.0,4.0,-1.0,1,3
AFVL4UV2BIFIS7HOKCXTK7EZ32LA,5.0,4.5714,-0.4286,1,7
AG2RTBBZLFS6YLSNXCKKZQMDOD5A,5.0,5.0,0.0,1,1
AH5EESMVFNFSNBZSSSQWONNVHQRQ,2.0,5.0,3.0,1,1
AFJWWGB6V4WFF2STBLLW5E7OETMQ,5.0,2.5,-2.5,1,2
AHCKK4O7ER6PSAG53NKHY5ETAM4Q,2.0,4.0,2.0,2,6
AGMAPMZ4Z4NVQ6BXKXZJGVHVFLIA,2.0,5.0,3.0,2,1
AE6OPV2G7EV32OJ5FXW3E67QPMGQ,2.6,4.6667,2.0667,5,3
AGPPDD6PMDAY2ZU3HNFRYM63TXIQ,5.0,4.5,-0.5,1,4
AF43DN7I4ZQXRRJ2QG6IYWB5WJVA,5.0,3.5,-1.5,1,6
AGL2SGP2PNNPLZYQOMWC4OUFRZSQ,5.0,1.0,-4.0,1,1
AGBAR2B5UAKKPBS5YYLYHTIUC2PQ,1.0,5.0,4.0,1,1
AGQ6YCUKGRT6VWYCFMFTGZ3TLW3A,5.0,5.0,0.0,1,1
AGCKBJXMK3KDZY3EAD7GBHHWJSEA,5.0,4.2,-0.8,1,10
AGBJVKWVHQDWIP6SPG7XUQ6ZDIRA,1.0,2.5,1.5,2,8
AFOCAKU3P7LOCMZ4HUJIVQYOCNPQ,3.0,5.0,2.0,2,1
AHK5VRTKUZ2GDP6IHFSZGOAXW2HQ,5.0,5.0,0.0,4,4
AGIUV4J6K43IVYLXMLC7JCMLIKAA,5.0,5.0,0.0,1,1
AHBBCAKDXQ2OR43CWERT2ZQUKNUQ,5.0,3.0,-2.0,1,2
AGPZYJOXUJIYV2V2Q23AHODSN2WA,2.0,5.0,3.0,1,1
AGZ2NEYPU7TGX2BH5HV6MNE4UI2A,5.0,3.0,-2.0,1,1
AG6JL7YCLMZ7N2GLQGMK7L3TSHJA,2.0,2.0,0.0,1,1
AGPOHEWQPIXRN3P7F44ODL5CVBJA,5.0,5.0,0.0,1,1
AF6WB5J5TPXO3QC2EQTO7B22HZPA,1.0,5.0,4.0,1,1
AHCSUGJ2S5TM34S4RRAEECGMDNUA,5.0,5.0,0.0,1,1
AE2VG37BKTQ7L6UUCCQSGGK4FYNA,5.0,3.3333,-1.6667,1,3
AFQR6ZDMECKS54NXZTZ3IY36BQQA,5.0,2.8,-2.2,2,5
AFTSLU4N2WEKMYRB7D5PZVDIM4DQ,2.0,5.0,3.0,1,1
AHV2FFDB2QCPHETAIZWS2J3AN6AQ,5.0,4.8889,-0.1111,4,9
AGBJVAARRJKTKXNMCDDZLR25JZYQ,5.0,5.0,0.0,1,1
AGHT3B432K4JGNL5X65MDRTSMDJA,5.0,5.0,0.0,1,1
AHER3HGXHVYS5O5XTEWAAZMHJNOA,5.0,5.0,0.0,1,3
AHPZJ6RRQ5GGOSDXAWMEANDDQYRA,1.0,4.0,3.0,1,4
AFBRJE7BHKZE3XAWAG4GMYKGDBDQ,4.5,4.1429,-0.3571,4,7
AFZBGFKCKYRBVFPWEDA53ZLKU4IA,1.0,3.0,2.0,1,1
AGGRND3HAOAMOYID4KHJUBF5YL7A,5.0,5.0,0.0,1,3
AHUGQLMRMODMJX4CDW2NSUEK27BA,3.0,1.0,-2.0,1,1
AESIEGFRN7P3MHSF7S7CKPGPKYUQ,4.0,4.5,0.5,1,2
AFUAGXIVAXWQ4ELMFVDR5BNCNU6A,3.75,4.3333,0.5833,8,27
AE5TNI5NDODWBIJPDIAEZMPXOASQ,5.0,3.0,-2.0,1,3
AHVLEKIL426I3IOMVV3NDHMQB76Q,2.8,3.2,0.4,5,10
AH5GHYID3GOTB5HROMZ66OUHZ2BQ,5.0,4.5,-0.5,1,4
AGBUCBSWBGHAMQBFFGONX7HDWN4Q,1.0,4.8,3.8,1,5
AFEHYHGGWRONUYKVMSVAKFEXALCA,5.0,4.75,-0.25,1,4
AFEZGU2CGHLFYJNNYZ5YDPWITBPA,1.0,5.0,4.0,1,1
AFRMZIDJP47VTIEVKAYD3XNZOTJA,1.0,3.0,2.0,1,1
AGFFV2YBFURUTXNHTAM3MKVQ223Q,2.7143,3.0,0.2857,7,8
AHHBM7H4CFGH3WCU5FE2EI2IOBGA,4.0,1.5,-2.5,1,2
AE7UN2YDTEJ7DLDTMUFA6L3JRKQQ,1.0,1.0,0.0,1,1
AHARXDTSDQPCVPSHPRFM4KUGM5UQ,3.0,5.0,2.0,2,3
AENSDFRBPDIVZ2SK2A253TBWC32Q,5.0,5.0,0.0,1,1
AFVXXJ2O2YRYFAYKB2UZE3665DSQ,3.0,4.4167,1.4167,3,12
AES2LW72RS4JOK547SUDENOJZ4XA,3.5,5.0,1.5,2,1
AFKGLPGSW5MMPOOHNKSIIMT4ZZRA,5.0,5.0,0.0,1,1
AHNGJN3TLBTB6YC7TMHPXWYUVUXA,3.0,4.0,1.0,4,6
AGDAOQ6RD2X332NJTGMTEUAGWB6Q,5.0,5.0,0.0,1,4
AFOS2FFA6NHS5GZMPNEOCAWNS3EQ,5.0,5.0,0.0,1,2
AHE5GRDFJTUC3DI7LVS6XMTCZPPA,5.0,3.0,-2.0,1,2
AG322QK2S3MCFAAK7DZWHO4QZ6AQ,2.0,5.0,3.0,1,1
AFZ3DLGKU5JKQZMFLHRDQZN42LTQ,5.0,3.2,-1.8,1,5
AG25U62PKZDSD3TKXJ5WIKER75YQ,5.0,5.0,0.0,2,1
AFY5WCAKGATUOZQDPQCVDBCWZXZA,1.0,5.0,4.0,1,4
AH5LRITOMXOQ45RCVBGBVDHXJETQ,5.0,5.0,0.0,1,2
AEN2LIUNJKMRPBOAWIMRVE7FMTKQ,5.0,5.0,0.0,1,2
AHKQ7SMBZM3ACDUD32EQQHLDS5KQ,4.5,4.2,-0.3,2,5
AFPMHOHNO5BURWWZSCNG33PE7CPA,5.0,5.0,0.0,1,1
AFQQAJ43PZ3FYRAAXVDDPKQ5MLKQ,5.0,5.0,0.0,2,1
AE2Q37U4C4YCNAPVUP7IXMNULP7A,5.0,5.0,0.0,2,1
AH2QBC423EPPBTBTR2AZUVK3ABLQ,3.0,5.0,2.0,1,1
AHOZTW2ARAQBUPTCXZ447WYO36OA,2.0,3.0,1.0,2,5
AENNDAPM6PGUR35IHADD2EH2364Q,4.0,3.0,-1.0,2,1
AFETSFFJMFZIIDF5OA552OAF2QAQ,3.0,4.0,1.0,2,1
AGK6QEZHW7WL7LQAQ54ASXFTXWDA,5.0,5.0,0.0,1,1
AEZGNMGV5OHJKFMUBARACTPCZBJA,5.0,5.0,0.0,1,1
AE2D75NI2MCBNVFFS5OYBAHL5D2A,3.5,5.0,1.5,2,1
AFFLONQABN3M4ZV4J3V7VJIMSVQA,5.0,5.0,0.0,1,3
AEBPMV6FCKKX4FBTKKPT4STUANEQ,5.0,4.4286,-0.5714,2,7
AHZSBAULV3VGAPNRMTZQCZKZVH2Q,3.0,3.0,0.0,1,4
AG6QB3FM6532W4LRLDPRR4ZWYYFQ,5.0,4.5,-0.5,1,2
AFUW43MWIHSVWBARJOWZOZAB3ONQ,1.6667,5.0,3.3333,3,1
AFI575UM4XGDPGJ324JW7LGKUPKA,5.0,5.0,0.0,4,1
AECLLC2QT3U5U6W2XKC3C63YQK2A,5.0,5.0,0.0,1,2
AHHIOLZG465LDSY4J5P5BKRIBD6Q,5.0,5.0,0.0,1,3
AGAYISEGW63BETVYRQWYJCY3S7TA,5.0,4.0,-1.0,1,6
AHSONATCCCGXL6OY5ZON4VRIFO3A,5.0,4.4,-0.6,4,5
AGNEHX77Y2SL47IY43HZSYCG3OIA,5.0,5.0,0.0,1,6
AGK4HFC6P5UN2BYZ3IX5LRQCH3OQ,1.5,3.0,1.5,2,1
AGDIQBIVXSCQ7NASTOKK3PU24SYQ,5.0,4.0,-1.0,1,1
AFAZANIRAHPUAI7ENIP3LZUEF3LA,4.5,4.0,-0.5,2,11
AGSHMJGJMRAVGEORN5FY7OILJ2IQ,5.0,4.7273,-0.2727,3,11
AFWCCILPINZCGRS5WQXP2JCUEOKA,5.0,4.25,-0.75,3,4
AEW7YUKUKWCDZ347I5NUCDUS6ACA,5.0,1.0,-4.0,1,1
AHQULXOYXTI5OLAH4TBEXI5DVFUQ,2.5,4.6667,2.1667,2,3
AGAJ4R7JTQFZZEURIMEAP3FH4EHQ,5.0,5.0,0.0,1,1
AHRXKWKUKCRYZ65OTIAGI3LXBEFA,5.0,5.0,0.0,1,1
AHHNEQB2NC57QEEXCJ22KQWPQHHQ,5.0,3.6667,-1.3333,1,3
AERF4SH64RNUM6G2SJMN5NFV4KMQ,4.0,5.0,1.0,4,5
AHZPQGR6I6GSI4QT6AK4O4ML43KQ,5.0,4.0,-1.0,1,15
AGEKUT6BP4C76P2UD4LIQI3AW6UA,3.0,4.0,1.0,1,2
AF6A5TLYYSGQBPDM3YH6CTGRNR4Q,5.0,4.4286,-0.5714,1,7
AEL3XDX2465QTZ37PBHMMVZ6SUXA,5.0,3.6667,-1.3333,2,3
AGWRFNHCVB5DLYVBXXDDGCRKMDHA,5.0,5.0,0.0,1,1
AG2UZADN3QQQ4A777NGMNDTSG76Q,5.0,3.0,-2.0,1,1
AHZKW4NDZ4JAX5QALVM3YZ5HVZNA,5.0,5.0,0.0,3,3
AF2MGSZKV45MH77IHQRU56NCUJNA,5.0,3.0,-2.0,1,1
AG6232ZNB5TRCDQWPOBGTFJX67PA,3.2857,5.0,1.7143,7,1
AFVFNGIP57J63QWNX7I3JEG6DXUQ,1.0,3.8333,2.8333,1,6
AFG3WYGGFCID5BQCZZ4WK7KCCJ4A,5.0,5.0,0.0,1,1
AGXI6L5OBDW2GTKJ4TDDQ4NRF53A,3.0,4.75,1.75,2,4
AHR2N3PDIKIDOYHD5URAKS56CGGA,5.0,3.7778,-1.2222,1,9
AF6XUX7VN7CUDEXPE2JOGTC4IIQQ,4.5,4.0,-0.5,2,5
AH24BF2ZWZG6KNQKFSRTW5Z2PU2Q,5.0,4.75,-0.25,1,4
AFCTZPGEYCCNXGCQ3DVCXIEEY72Q,3.0,5.0,2.0,8,5
AGB2763IFQUVBOEIYJR7IH2TJE6Q,1.0,5.0,4.0,1,1
AEH4U7WBRGY77JYNJDRYYYAX3DNA,5.0,5.0,0.0,1,1
AEPGRWHGH3OPJ4LTKDQY5SI3KCYQ,5.0,4.8667,-0.1333,1,30
AHGBMYCBSEOZALQ6Y452XKOUXEVA,5.0,5.0,0.0,1,3
AG4EZTHKN7NEKDP4HU543N4EWWLA,5.0,5.0,0.0,1,2
AHPLQ3J2OQBYY2TUYWSPEI4VCXAQ,5.0,5.0,0.0,1,6
AEMNELWKVWE5O3G7NQZOVZ7QBP4A,5.0,3.75,-1.25,1,4
AHNKIMWF3CWHIXN5HR6UCFIOLFVA,5.0,1.0,-4.0,1,1
AHH2ZBKEDPBI6YM2AORGQTEN4TVQ,5.0,5.0,0.0,2,2
AFXIHPQJNJMRWWD5LWCNCOTF3YAA,5.0,5.0,0.0,1,3
AEPCF55XJLKDEQTNAYO3HN5UAMRQ,5.0,5.0,0.0,3,1
AFE6J2I355SFJEU7RRIXI5Z2ATKQ,2.5,4.5,2.0,2,2
AEAVBZ3N2MG6HV6IBFKDSQ5JC34Q,5.0,4.0,-1.0,1,1
AGY6IBUVKSQMPP6RLNXLJFL3Z5IQ,3.0,3.6667,0.6667,1,3
AFXY27VM4FPAA7ZSZLEBDGQMUWCA,5.0,5.0,0.0,2,2
AHW5MIMF4CX26E7TSL25CBGAL5GA,5.0,2.0,-3.0,1,1
AHOSJGAD7FDGVF6DF2Q3CQBYJOUA,5.0,4.5,-0.5,2,8
AEB4NZVQ7R266R7OWIZEY3GHLG3A,1.0,3.0,2.0,1,2
AEKVI6MAKG2DWTFVYUZIAO3VXH7A,5.0,5.0,0.0,1,6
AEFPEK7YKMVAEYHFQRFJPZSULJTA,5.0,3.0,-2.0,9,2
AG5BMPVDVU7CTVYXRDXPBRCTYXQA,1.0,4.0,3.0,1,4
AG23MH7AAVTRBOM5ZR2JIOKGT5RQ,5.0,4.1111,-0.8889,1,9
AECAZ4SKH7KSOFCYXMFZ73OV2KTA,5.0,5.0,0.0,1,3
AEHR3KIAFHCLRLBRXYH4UF4N2YNQ,5.0,4.0,-1.0,1,2
AGDANT2E7QZHMSWOGDZAFPG2ZNQQ,5.0,5.0,0.0,1,2
AGEWKMGY2AFB3YP3B37O5CSDDYGA,5.0,1.0,-4.0,1,1
AFFWCQQL7VJFDU543PDTSUNLDJQA,4.0,4.3333,0.3333,1,3
AFJSBD2HDQG43WTWSDAXNDKNMBKQ,5.0,5.0,0.0,2,6
AGYDLCQX4UX4M6LJHNJYK6DE46KA,5.0,5.0,0.0,1,1
AERKHWESTLEFRPSBYGEF5PGB326A,5.0,3.375,-1.625,1,8
AFZ2DPZXJQNBVOU67JDDCHZC2NPA,1.0,4.0,3.0,1,1
AHYAM3WI33GAW33AQXUDK2Y3HB7Q,5.0,4.6667,-0.3333,1,15
AGLNS7KMPHIWWQHCQNNGYFD36B3Q,3.25,4.0,0.75,4,1
AFASZHDBHZRIX5DB6VUZ34JGJZUQ,1.0,4.5,3.5,1,2
AHZEAXC2HU4BM74E6WL5JPEA672A,2.0,1.0,-1.0,1,1
AGEY73INF5Q5VCQAHZGI3MUTSBTA,5.0,5.0,0.0,1,9
AE3EP66NXPXP3BHQ6HNJPAGBOCYQ,5.0,5.0,0.0,1,1
AG64RPWOJOJSSW3OKDFIQ4CK4PPQ,5.0,5.0,0.0,8,7
AHSBLN2Z4GQ56VTINJQALMQFIPNQ,5.0,4.3333,-0.6667,1,6
AGADTYHOEEESE6HMG7H3NU6LXL2Q,4.0,3.75,-0.25,1,4
AEQYIHVFUNCDIJTMJIP6KQNCDXSA,5.0,5.0,0.0,2,2
AFCWFBFKRIYFHB62UTB6EK6PFF7A,2.0,5.0,3.0,1,1
AER23MHXRLU5T6BTI635DD6KL3AA,1.0,5.0,4.0,1,3
AGSDIAJ2YUHPASMX6ZVYNU4HMFYA,4.0,5.0,1.0,1,1
AFKCZRYZLPR6DQL5JACCQTZMJCCQ,1.0,4.0,3.0,1,2
AEMF3KBP67GLEVYLARZAZV2B5X7Q,5.0,4.5714,-0.4286,2,7
AHFCFGGR3VDXU5N2QJDGIWD6XLCQ,5.0,5.0,0.0,1,1
AFQETQKTT3GT3ATBUALGOPXGI33A,5.0,5.0,0.0,1,1
AG6IFBWSXB56MMNOSBOAFS5D3HUQ,5.0,5.0,0.0,2,1
AHHN4NWWJ3UT2LWWO6KIO3EBUBSA,1.0,2.6667,1.6667,1,24
AE6C227NT2AK33LDLG4TDEM5B4OA,5.0,5.0,0.0,1,2
AFRQPEF4LBLNWPEZ6WF4NQTJJAPA,5.0,5.0,0.0,1,3
AEFRODGK6GWBEB5EXSHRBSJZD6UQ,5.0,5.0,0.0,1,1
AFZSLQADZERWIGDH6O7XDKHTFEEQ,5.0,5.0,0.0,1,4
AEISASHN3AZ3A5B2Y4XDW7FOZ4PA,3.5,5.0,1.5,2,2
AFMYTU4UVJDKX7MMNPXXGJLUUY7A,5.0,5.0,0.0,1,2
AHZPBFXGNQ5ZP7PRFGMULVZHMXDA,5.0,4.6667,-0.3333,2,6
AH6YI2WYBDJMNX5UFIIDZXKDNGVQ,1.0,2.0,1.0,1,1
AEP7ANIVXAI7N7K3APAZQ62Q4LFQ,1.0,4.0,3.0,1,1
AFJNUXSH6EKGBLSNQUO5KYNR2ANA,2.0,3.0,1.0,1,3
AHOEMLS2UNU24XS4KQMHE3UGMRWQ,2.0,5.0,3.0,1,2
AEMDYH6WL6PFEWLW6PPVKBQZTZZQ,5.0,3.3333,-1.6667,2,3
AEOTX7ZRO5F2DOQ3W37QIQGBZW6A,4.0,5.0,1.0,1,3
AFE24ZTXE34RD6VPMCSDFTINCWKQ,3.4286,4.0,0.5714,7,5
AE5UAEBGPKQUUAJFDHK3P3DFZQGQ,2.0,3.25,1.25,1,4
AHXRIWGUAUNLAPDD75G6ZG4EM46Q,5.0,5.0,0.0,1,2
AGCFJS3QE2WLB3OI5AZJ4XUX3DOQ,5.0,5.0,0.0,1,3
AE44W3UYITMB3VJD6M7KIT3IOJCQ,5.0,3.0,-2.0,1,3
AHHEK7ZPMK3J4477QSBTKSMZ5HRQ,1.0,3.5,2.5,1,2
AF4XRBSPBVDKZ4ST56IEP5QY2DVQ,5.0,5.0,0.0,5,10
AEOZ5GSSY3WBWC25LMVY7TBBX5VQ,3.0,3.5,0.5,1,2
AGOHUDCKJGPMUDFWIMWDRLQIRUYQ,5.0,5.0,0.0,1,2
AFAZCJ3CZ4XQHWGLMFPTDBT3Y65Q,5.0,5.0,0.0,4,2
AFZOJQIZKIDG25KIU4Z5YWE3672A,5.0,5.0,0.0,2,7
AFN7TMWEF2BJ2Z6UQJWZF2TFEG3A,3.0,5.0,2.0,2,2
AETYW47JGYS5Z74V3FFLKRALNMAQ,3.0,4.3333,1.3333,1,6
AHFIXMHLWQVHLHD2ROXGTQPGABCA,2.0,3.0,1.0,1,3
AELPV6ZG4VJEJQMUJFNCE2KMWTFA,5.0,4.1667,-0.8333,12,6
AFG47W7XVRLOARWURW7HKVOR5UCA,2.0,3.4,1.4,2,10
AHI3VFHQVPNA6UWCQOR4SBZIY7SQ,5.0,5.0,0.0,1,1
AEMAXOHNBR47SQ4FJ733J3HQZFZQ,1.0,3.0,2.0,1,2
AHDJYLPFMWSNQSD7JSQRCHNMA5KA,5.0,5.0,0.0,1,1
AHXMYXHQPPW4AU225B2HES6CI3VA,3.375,2.0,-1.375,8,2
AGYZIQNGRACVYF6V4QDSJ55247GA,4.4,4.0,-0.4,5,5
AFRT2RY7BJKKXQKDKUKV2TLYU7LQ,5.0,5.0,0.0,2,3
AEYY6X4QO6WMH4IDZHYTXERGQL6Q,2.3333,5.0,2.6667,3,1
AH6FYUBWCES262GHPRXYUMPMM46Q,3.0,5.0,2.0,1,1
AHNM25IY55URDZBK2BGUVZTWMLXQ,3.6667,5.0,1.3333,3,5
AH5ISVXGXF3HZOU4ZGSFS5RCMGKQ,3.0,2.6667,-0.3333,1,3
AFP64UUDX33HGUL2QSMWOTILBCOA,5.0,5.0,0.0,1,1
AEXGUWMJMEV4UX5B6ZUO4JBHES4A,2.0,5.0,3.0,2,3
AGCIM7DK6SQ3RNVPFAEH6Y77Q7OA,5.0,5.0,0.0,4,7
AGZ25RSGHTEJ566KR5UMJYECZNNA,3.0,3.3333,0.3333,1,3
AEAL75XKAGZBNBCXSEFE3CQCZC3Q,5.0,4.0,-1.0,5,4
AEO4ZY2TOEEG23PV5FUJSAN366BQ,5.0,3.0,-2.0,1,2
AFEUENXH3D5S3VGZEC5PBNP4DHVQ,5.0,2.5,-2.5,1,2
AEA7YRZP4DIM57WNXMC6VYQNISQA,1.0,3.6667,2.6667,2,3
AHZLS5GCLHR2UOXNAFPUMEICTBNA,3.0,5.0,2.0,1,3
AEBKE2V5E3AT2LX745EKJFFGYOVA,3.0,5.0,2.0,2,1
AEJOJJ5BDDMN4HH5ZRHUZLCOOPUA,5.0,4.0,-1.0,1,3
AGQVVZO6JFJ3EZYCHYMP5WUTORCA,5.0,5.0,0.0,2,2
AG2MMWTJLWCM3C6WKCE5JTXPKD4Q,1.0,1.0,0.0,1,1
AHLYAIAO5QDLNKNETLPBKIS4SDNA,4.0,2.6667,-1.3333,1,3
AHEBROWA5KYTXQMO535MQ4TO6BXA,5.0,5.0,0.0,1,2
AEHBBAFGY7N4ENC7QLGJGM4SYBSQ,3.5,5.0,1.5,4,4
AGWMYP5UORBKAFIK46U6ZG7CEU2Q,5.0,3.0,-2.0,2,1
AFGJLPHD2GAPQBWCQWVYR4DBM3CQ,1.0,5.0,4.0,1,1
AG4BMZRR3AB3GNQUUYERWBX5VA3Q,3.0,5.0,2.0,1,2
AFCJ2W2XAWG3CX7WGC4ZPNL2TRXA,5.0,5.0,0.0,2,2
AEASGPJTKBLQUX3TLPCEFVM7QIEA,5.0,2.6667,-2.3333,1,3
AHICT7AMKMPW3GSL7ATJ27RJLISQ,5.0,2.2857,-2.7143,1,7
AETVVPUSFLJONEMBLV5L6NZFJFQA,5.0,4.0,-1.0,3,3
AFI44XIZC5W55E6YMZDVVBADO2SA,5.0,3.6667,-1.3333,1,3
AGFLJTORMJU6AL6DA2V24Z23RM3A,4.5,5.0,0.5,2,4
AETJ4IIJQWKZZ4P6OVQZTGNQ544Q,4.0,4.4,0.4,1,5
AFODRJ4I6PZXFXKH6RTF6L5K732A,4.8333,4.0,-0.8333,6,6
AHH6M3JO4TAF6QTCH32SJYN77X4Q,5.0,5.0,0.0,2,3
AGS2YTIQAOOFMLGSXJXMCIMBROCA,5.0,4.5,-0.5,1,2
AFJWFN4IISH4D5JW6KPLQ2Z2QA6A,3.0,3.0,0.0,2,1
AFA53SF2LV2MDL5D2NTRS7F4SVFA,5.0,5.0,0.0,1,1
AHOWGTGF7ZSLNCBQVYA5G3JBQJXA,5.0,3.0,-2.0,1,2
AG6C6I3NY4XYIA46XUJFX6VR2THQ,5.0,3.0,-2.0,2,2
AEADQPWQJOXOHDMSQB6BDPG6XOJA,5.0,4.6667,-0.3333,6,24
AFYPPYKLBEC4MGWQUP7REU2WJYMQ,2.0,4.3333,2.3333,1,3
AGKHRJRDXPLRKYDTT4S3TBQ37EYQ,4.0,5.0,1.0,2,3
AFUF3GMSARZYN7MS3MJPIGEE523A,5.0,2.0,-3.0,1,1
AHUPLJO2FKIKXQGFGOKOHX6MLUOA,5.0,5.0,0.0,1,1
AFRIGFJSGYSHASO4YRUBJ6UWTL3Q,5.0,1.0,-4.0,1,1
AGLXPEPL7QBH452AUQTCI3ESI7OA,5.0,5.0,0.0,3,1
AFM6ZW7CFOSWFY5AEZ6B4OOJSENA,5.0,5.0,0.0,1,1
AFY42NF7PFNUQ7OQYYITC4CEFE5Q,3.6667,5.0,1.3333,3,3
AFVMULSJVQ4GFGROVXLKIKMGVN3A,5.0,4.5,-0.5,3,2
AG5JFKCOZ72XGFLL7XRVFBTO2B3A,5.0,5.0,0.0,4,12
AEQUYLBXLOCVTZ7IMTIKLCVHVW3A,5.0,5.0,0.0,2,1
AGB6RYCISIRKPZ723K3S4H3LGYXA,1.0,4.6667,3.6667,1,3
AFXZTQZJZRD3PTMZ5MU3TMEP4DWQ,5.0,4.9565,-0.0435,3,23
AEM7NUNO5V6LHEMKMDGPFRPKJ7CA,5.0,3.0,-2.0,1,2
AGJOQWLZLPXKMCFEMJZ3QDUDLMWQ,5.0,1.0,-4.0,1,1
AGBKMMDZA5S4EMBMSNRTN3C5YJBA,3.6667,4.0,0.3333,3,1
AFIC3Q6C3M5NEPKHTBLXJ7PKPDJA,4.0,5.0,1.0,1,4
AFFO7NCRUAS5KLSOIDJ4YISWDQZA,3.6667,4.3333,0.6667,3,6
AGU6SICZXKB2TBHASVEIPHV4LDBQ,2.0,4.6,2.6,2,10
AE25PMN3SYWPINX47HMHCXJQP3LA,5.0,5.0,0.0,2,1
AHHMR4WXYPBNGBWJ2STQ7Z6A7ADA,5.0,5.0,0.0,1,8
AEBN6WD6AUEZLUJZWWYRHO47QJQA,5.0,1.0,-4.0,1,1
AGJCIJ6XZA7CR5GX7CU6QTPGZKEQ,5.0,5.0,0.0,2,2
AFTSB6BHE66JAJIGEFM3CFMPJPDQ,1.0,5.0,4.0,1,1
AE2NPWOZXI24XQAXMXSH5NK7GQQQ,5.0,4.2,-0.8,1,5
AEQH45LWO762OB5YNQGZ3OO4GKBA,3.6667,5.0,1.3333,3,1
AHHKPBOHH563AWG6QJYRILNPC6KA,4.5714,3.3333,-1.2381,7,3
AG6Z3R72AOEJGJJ6T2GTW3EVZ6EA,3.0,3.0,0.0,2,2
AFK4AXD3Y6A333M7ILAY3ZTUXCXA,5.0,4.5556,-0.4444,1,9
AEL2HB3YW35QKKSS3IZLINFZ3BCQ,5.0,5.0,0.0,5,7
AGDNEOK3YHADPMCWMIP4EXWHVWZA,5.0,5.0,0.0,2,1
AETQ4ALQ6F76WPSDLHWAJK5MY3YA,3.0,5.0,2.0,1,1
AFGJJK6F7TWTKXNH35NY2BUT6UVA,5.0,4.3333,-0.6667,1,3
AEACZZTZVUKWVIXQNJG3SKZJMZVA,2.3333,1.0,-1.3333,3,2
AES7CA5UD7PGYEFEAXXKFBHKA34A,5.0,5.0,0.0,1,1
AH7RGJM2MR7L4KK7USKFDO7TOZXA,5.0,5.0,0.0,1,3
AF6HXORK3JH6VG3MZKUUFV7VV3CQ,2.75,3.75,1.0,4,4
AF4JGGWB65EHY7ZGMMIZBYY332FQ,5.0,5.0,0.0,1,1
AEAYK5TRLFC5J5MMW2VZ5UOVYJUA,4.45,4.5082,0.0582,20,122
AFARGWLUEOCWNM7YMV4MQ2JEBXYA,5.0,5.0,0.0,1,5
AE5WMCZWHPYDJOFIZ6G3DZ732OYQ,4.3333,4.0,-0.3333,3,3
AFZF3WHPCMDHGZFPWJKU3NHUG6EA,3.0,4.0,1.0,1,2
AHPBYF4UDE6IMS6WXUKWC7TAYHAQ,5.0,3.5,-1.5,4,2
AHFXIVZKHUJG5WIMQCAXCOUHGVDA,4.3333,3.0,-1.3333,3,1
AEBMUXCSUMND3OR4JW75MQXSK4RQ,5.0,4.5,-0.5,1,2
AFRQTXUMAVAYQLEMEFP3AS6ZE3IA,5.0,5.0,0.0,1,2
AHSRMDB6WB26BPQCS4YTDDMDUAFQ,3.0,5.0,2.0,1,1
AEBIRRXJED5YHXTNQQC3KZXDTDTA,5.0,5.0,0.0,1,1
AHHLQZWBIBWFX6U77JR2JL66MREA,5.0,5.0,0.0,1,1
AHG5XCSVJ6K6RBKZHVRCHBOMCTGA,4.0,5.0,1.0,2,2
AFN5H3DTPSXHTRAN4Y77CA6Z7XSA,4.5,3.7273,-0.7727,4,11
AEZS62LKOPEQRRLMZTUGAF67GPWA,3.0,3.0,0.0,1,2
AGIETRIPMZGIP367TG4MEMOG5OIA,5.0,5.0,0.0,1,1
AGGIC5BM34OTRGDPH7WNF6ESZUIQ,2.0,3.6667,1.6667,1,3
AFD7HGLVI75YHOEQW34CLQNZ3UQQ,3.5,2.0,-1.5,2,1
AHY3TIHIZLOZUF5UY4YJRJZ426BA,4.0,4.0,0.0,2,2
AG5ZVNIIWXHW444MT53HXTINWYEA,2.0,4.4,2.4,1,5
AE5CDENW6QMELMXV3DTVYY3DK56A,4.0,3.0,-1.0,1,2
AFKLI757J2RXFIAWAC2TSUWVTRQA,1.0,5.0,4.0,1,1
AEEW5JR4ZVJSRRPYNHP2776RFS7A,5.0,4.8333,-0.1667,3,6
AGPYB4CCBO5SY4FTYQUHYOYQ4YEQ,4.5,4.5,0.0,2,10
AHR6ZM3NADOMDBRBFHB7GIPOAARQ,4.0,4.0,0.0,1,1
AGFH2Z7R4AJ5JD22X6WLNBLOKTCQ,3.5,4.0,0.5,2,1
AGMWMDFR3I3EB7MCKC6EUXMXY6FA,5.0,2.5,-2.5,1,2
AFSZBOQSTT6X45F5ZQIPHVIHZA2Q,5.0,3.0,-2.0,1,1
AHXXNG76SBHYAUSOZKYVUPKLTE6A,2.0,3.3333,1.3333,2,3
AE7ZOJ77AYRAGABXIJG3YHI55YKQ,1.0,1.0,0.0,1,1
AFIMP5GSSIRCBLH7L6543LRMWJZQ,4.8571,5.0,0.1429,14,6
AGFFZSZFUQKZPCWNGVEUN3O5FMMQ,5.0,5.0,0.0,1,4
AEJCMUEJEE7QBZI4ULJME2BVMHTA,5.0,5.0,0.0,1,4
AGCJKL5FEKASVPBHOHCF3QHY57LQ,3.0,5.0,2.0,1,2
AEZZDYBHLKPPGLDK7LWTL7BEEEKA,5.0,4.5,-0.5,1,2
AGOBPN2ZN5JC6O4WQ7QXJ7HRYCDQ,1.5,4.0,2.5,2,1
AHJMSWAMY3HEG75ALPSVWJZFZZIQ,5.0,4.0,-1.0,1,2
AEETF52B6ZOG6DTP3H4E5EEC67BQ,5.0,4.0,-1.0,1,1
AHRSE6HWSUJDMZHQOE2KPJENDMIQ,1.0,4.0,3.0,1,9
AGXSGTJTC6YEX7OGXZEGDPTSKDKQ,2.0,5.0,3.0,1,1
AGAGEU7GYYL2N2YH5SSDOEQCF6WA,5.0,5.0,0.0,2,1
AGLJG7FQ7SSZ64UQI6HGCCBQG73Q,4.5,5.0,0.5,2,5
AFN43JTOAWHBEBCXOA7OBOEWUU6Q,5.0,4.6667,-0.3333,1,9
AEL4CSMW6OS2EU6T3IJRGNOOUA6A,5.0,5.0,0.0,4,3
AHSSDIRFDKY3VAU34RZW2SXXEGWA,5.0,1.0,-4.0,2,1
AFUGHUUOCOZ7IYB7SZ7YE6YHUOLA,5.0,3.5,-1.5,1,2
AED5JO573HBN5LMHRF3JSHWGGEBA,4.0,5.0,1.0,2,3
AHURNJUSBR74NVZASQJPSUF4B5VA,5.0,4.8,-0.2,1,5
AFUSITPPTCFGRLFPNWISF6KBJX2A,5.0,3.8333,-1.1667,1,6
AENPJROYELKKQ6PZDCI4HKCD5IQQ,1.0,1.0,0.0,1,1
AHVVEGQOMPRYD5X45JMX57OZFCPQ,5.0,3.6667,-1.3333,1,3
AEGM2D53RCWIQZLOKXZ5YMM2K4PA,4.5,4.0,-0.5,2,1
AEDOFAZTR27U77D3NWKRQMX4L3YQ,4.6667,4.75,0.0833,6,4
AHVLJH7HCQ7QAIVGTGOPHUV5GTLQ,1.0,4.0,3.0,1,2
AFAE6AECIO2FJ35TKAMF2JII2SZA,1.0,5.0,4.0,1,3
AESBYY6MNJD4YFS5GTNQTKVBQRQA,2.5,5.0,2.5,2,2
AHKQSIW575NUQMRZAMAA5SEH73CQ,3.0,5.0,2.0,1,2
AGDVDU4G3DWU3Q7PZU57GQ3QYSGQ,4.0,3.5,-0.5,1,2
AGSI7U3FBNAPWIRHNDMYPQHRCWMA,5.0,3.6667,-1.3333,1,3
AF2VL3JVQFX33EY5NAKB2CDO2YHQ,4.875,4.6,-0.275,8,5
AECZZI6N4SGW3PZX3BBC7IZOK5PA,3.0,5.0,2.0,1,1
AG7YMVZQFYJVKMZD42QQFHKVRE7Q,5.0,4.6667,-0.3333,2,3
AG7UXYWAHLVTIPGZVCFR4XO47C7A,3.5,5.0,1.5,2,2
AH5GZY77PM3L3NJ5EFDM75HJFVKQ,3.0,3.5,0.5,2,2
AF4WAIAMLFWBJ2B7OUPLJ2VYE5DQ,4.0,4.0,0.0,1,4
AGY2I5CIIZBVK56ARCFHOYJKN23Q,2.0,2.3333,0.3333,2,3
AEGPAL4QZJRQYAYNJA34QTOLD3HA,3.0,2.0,-1.0,2,1
AFHG5MB5YE6646UOVVJKH27H5UCQ,5.0,5.0,0.0,1,3
AERQD2BNBHABEOCZ4KJB3Q4SZZOA,5.0,5.0,0.0,1,3
AE2B3Q667SXT5O7HK5AJOMSTEPDA,5.0,4.0,-1.0,1,1
AEZ2ON25SEPVBAPCWIYCKVAAO7CQ,4.9412,5.0,0.0588,17,17
AFQWRIE6DU4NQ76AO4H7LLHFXWMQ,3.9333,5.0,1.0667,15,11
AG2BZG5DCMVAZZZR2JLLQVE44JUA,2.0,4.6667,2.6667,1,3
AFJTH6KCUGIINHDGOOR3NF4WZ5JQ,5.0,1.0,-4.0,1,1
AGKNMZH3HZPM6JPSBBLKMPO6BTRA,5.0,3.25,-1.75,1,4
AF2TWW36SEUQOYAQKBI3XTUAADBA,4.0,4.0,0.0,1,1
AGYOM2O35TMGMFG3IZSKO2F454LQ,3.0,5.0,2.0,2,2
AHIPDLBYDEWSEPMEMWDT2QPVODLA,5.0,4.75,-0.25,1,4
AFKLDJK2U4JE3WDDU4ZMRFVDGREA,4.0,5.0,1.0,1,2
AGQ7IBRHISKDEO7PVXEKV5PNPZWQ,5.0,4.125,-0.875,1,8
AEI6R5MQM2FJMXGOI7YNYJBQWXYA,5.0,3.5,-1.5,1,2
AGQ7TOGAHUMTCW2PF7O2ZW6UCO5Q,2.0,3.2,1.2,1,5
AGCUNEAK3P653ZFMSZSRG5DILEXA,1.0,1.0,0.0,1,1
AEYUOBBIEXUZSUA53R3XQ3XLK3LQ,3.0,3.5,0.5,1,2
AEC3SPUG5YT5BOURJTKE4DGF27KA,5.0,5.0,0.0,3,1
AH6JORA6VVM7IYNWQSAXQOAHXDBQ,1.0,5.0,4.0,1,1
AGBF25U5KBXVN5667UX3OSBJJKBA,4.0,3.5,-0.5,5,4
AFSOYI7L3G4MTBIHNUXECCHTCEVA,4.0,4.0,0.0,1,1
AF6N3ROEXCNDJAPVRXEA2ABJKCZA,5.0,5.0,0.0,1,5
AG2L3IRZ7RZOM2JRN6NXDYX6GWXA,5.0,4.5,-0.5,1,10
AGVG7PNFZ6VERF3FQ72EK2VDSJIA,3.0,5.0,2.0,1,1
AFJGFX6YAMTE6WLEUYCNRQULTKKQ,2.5,1.0,-1.5,2,1
AEFVGPRWS2KVLI36AMVPMXL5IY7Q,5.0,5.0,0.0,1,10
AEZ24YHWLC2JXTWFPYCIFGKA7LRA,4.3,5.0,0.7,10,7
AECY3H5WGIC7X3I5NZYIP5IYU6MQ,1.0,5.0,4.0,1,1
AH4T6E4ZM74OZPSOJQAK6M6KLF3Q,5.0,5.0,0.0,1,1
AFFUO62B4CLGRH7R3NEGR6GCQ4YA,5.0,5.0,0.0,1,1
AFNHUY4OVBCQKK2F6QRBIYC3JS7Q,3.5,5.0,1.5,2,1
AHJIAEZSBDDNSDY56J64DLAVQIJQ,5.0,5.0,0.0,1,1
AHXQ3CCP2TNYETQAS5TJHWD6QBVQ,5.0,3.0,-2.0,3,5
AE2RI64JAL2TTGA2P3PMK5RLCUWQ,5.0,2.25,-2.75,1,4
AFXUOQZOJUCS6AYBCUGOM6SNXYIA,5.0,5.0,0.0,1,1
AGURPIP4UN5IJC2OEMNNLI6D4UAA,4.5556,5.0,0.4444,9,2
AEMNDDSM5UHUS7JYVWFLVXKQVP5A,4.75,4.38,-0.37,16,50
AHU7ZFTZKO4FER7E5XB4U4RBBMFA,5.0,4.2222,-0.7778,1,9
AGFD55BWUQQYBXBGBRCE2UPCG5CQ,3.25,3.5,0.25,4,4
AF5RDUWGNQRBIDJBSSBEEOD2MXHA,5.0,5.0,0.0,1,1
AGDPP35BJCYFIRG4KHHZ6J3UDNWA,1.0,5.0,4.0,1,4
AEG74AGR6CIK5P5GI6NRXCXPNJDA,5.0,4.4,-0.6,1,5
AHAGZGB5GVARAGKKHCDCKJHWR6BA,3.6667,5.0,1.3333,3,3
AGJB4A4CNWEN22RQP34O76E5QTAQ,5.0,4.2857,-0.7143,2,7
AF7QYX3JCGJVWNJ5JQG54EIZ6AIA,3.0,3.5,0.5,1,2
AG7SUTW5WLAEP3JEK46O76R5ORDA,5.0,4.875,-0.125,1,8
AFHZR7FRHICXAY27FM3KDUPZMPJQ,5.0,5.0,0.0,1,1
AGS3VHAYTHYTU35INY6IXPAEV3ZQ,5.0,3.5,-1.5,2,2
AED33SRF5TPFEZD6TKK3NIHVV2IA,2.0,2.0,0.0,1,2
AGG6MFKF7SS2YAKEXUQDFMXI7PLQ,4.0,5.0,1.0,3,1
AH7OOQC6V62YGELOB3MCRIDYNQEQ,5.0,4.0,-1.0,1,1
AH6RRDF5VQKWBX64M7PXOFVMX3FQ,4.6667,4.25,-0.4167,9,4
AH44JF57IU7JLBX6ZNRKXKKPM2JA,1.0,1.0,0.0,1,1
AE5AJ2KH6BIWOV7ZJOPVM3ZHQ3YQ,2.0,3.0,1.0,1,3
AEQVV34PVGOUT36GGBSL67E3JZ2A,4.0,3.8571,-0.1429,1,14
AGFIQK65UUBHF4XITWPCFPD2ZYQA,5.0,4.75,-0.25,1,8
AGHOVWYSCGO4MTQ3ZXT232BPLTUA,1.0,3.3333,2.3333,1,3
AEF675HTILEC6SMDJSOZVGSMTERA,1.0,4.0,3.0,1,2
AGHFYRUD74UACMPKCLRBPQ4BNGQA,4.0,3.1111,-0.8889,4,18
AF6HWV6DAZ2RG6DISHKXII7FFBJQ,5.0,5.0,0.0,1,4
AHLNCPIQYCRMJMRRT53HAVCUOC7A,5.0,4.6364,-0.3636,1,11
AGVWDGPXRMX4IWTCKAJQP22U56AQ,5.0,4.0,-1.0,2,5
AHBN45DUCWQNCWSU5NFPWC5WYM7A,1.0,2.0,1.0,1,1
AE63KYM57TMDI7FPW7ICS54NYMDQ,2.0,4.8571,2.8571,1,7
AG5S5KH4EZ4ADMDT5NSQATO7R2PA,3.0,4.0,1.0,1,4
AEKO5IQDPKS73P2NFA5GKVID7A4Q,5.0,3.0,-2.0,2,2
AF4USWI2PE4G274MVLVZYOOVZF3Q,4.4,4.5,0.1,5,4
AEPZEL5AQBCCDYFPHQBUR27AOJNA,3.0,4.4,1.4,3,5
AFDL4TKZPVTR62MLDQYPS3REB3DQ,5.0,4.0,-1.0,1,2
AHNJ7RTXJ33U744SQLPCVMB7KCQQ,2.0,3.6667,1.6667,1,3
AEDBESXV5S7KZV2HSPJWXAYTRNHA,3.0,1.5,-1.5,1,2
AF7OJEZMCNH6VTXQ76IM54SDY3UQ,3.5,5.0,1.5,2,1
AGE7HAFR7ZDD277IJY3RZYFOQZ7A,5.0,4.75,-0.25,1,4
AG6SMKSXI67FMB453ONE3QJ5QVSA,5.0,3.4,-1.6,1,5
AHEJCUKVZRO2C7CCQQONRA3LKI4Q,1.0,5.0,4.0,1,2
AHQEQPK53MUPHABN6R7DWJPNIOPQ,5.0,4.3333,-0.6667,1,3
AHYCZH36TPHJ5J67YAHTQ2R6XVEQ,1.0,5.0,4.0,1,1
AHYGWWZWQIOW3FX7YQJBNTQLT3KA,3.0,2.5,-0.5,1,4
AEI2A5R6VUR5DD6FVAP4V3UALG5Q,5.0,4.6667,-0.3333,1,3
AGXFDURN3MZNKE35C5NSBWAASY5A,5.0,5.0,0.0,1,2
AFA26FRE4W3ERHQUA2VI4UHGZCLQ,5.0,3.5,-1.5,1,2
AG22T27TD4WBAJDFHYEUV77TB55A,3.0,5.0,2.0,2,1
AHES2NPBIQROAIV2FH75AZIEWXYQ,5.0,1.0,-4.0,1,1
AG5NPSTOAAK423PL7KSKWKZUXJ7Q,4.2,1.0,-3.2,5,1
AFRSS6LXU4JIFWMWGG27QCOC6SPA,5.0,5.0,0.0,2,2
AHPNCXEV5RLQB37JL5LD7I2CTBBQ,3.0,5.0,2.0,1,2
AGDG6US7YWTU3FAGRTRBFAKURLXA,5.0,5.0,0.0,6,2
AE42DWZ7APVUDRPDB24R3WKKY4OA,4.5,3.5,-1.0,2,2
AHDD4JADWPJBKT3O7QY64XHBV3CQ,3.0,4.5,1.5,3,4
AEH3GWO572SSCMLMGUFTNJG74IVA,3.0,5.0,2.0,3,2
AFTIELXJCAFS7XH7E3RK2FD27GCQ,4.0,3.375,-0.625,4,16
AFQ5DYGTORH2XT4KHTT4H44E7W6A,5.0,4.0,-1.0,1,5
AFKXCLHPKYZLWABQJ6WEB5L2ZPSQ,3.8,5.0,1.2,5,1
AEDZ3OTWICUY2JV5KROKHIQ6I23Q,5.0,5.0,0.0,1,2
AG4GUSKMXSPJQ4DZAXYXHZXX3CCQ,5.0,5.0,0.0,1,2
AHH2JFSVVTX2GCPF554GPL7EUKFQ,5.0,4.0,-1.0,1,2
AEVM3D6KKM26PGNIHCNV7ZJKIPJA,4.0,4.0,0.0,2,1
AHU3QXCAR2Z5DR7LBHGD45K27CPQ,5.0,4.2,-0.8,3,10
AH2IGJQOWKTL5OEBSZMLPUCAPSAA,5.0,5.0,0.0,1,1
AHZZ7UFO6DLQHXRHEPNWFAH6LR3A,5.0,5.0,0.0,1,3
AHRLETTKFEADPBP35QSHMJIMWCQQ,5.0,4.5,-0.5,1,6
AEXNT3ICNIPOH44JEBNOOLT7U7RQ,5.0,4.6,-0.4,1,5
AHFBHZY5FYCMKDLRHIEMEQPPHRKQ,4.0,3.7059,-0.2941,2,17
AFYHU6MVPS4JSP4ZTUJINGNXM2OQ,5.0,5.0,0.0,1,1
AELPQLIFXA6DPGW76QBVVDFFWXQA,4.3333,4.8889,0.5556,3,9
AG2H2QYU7YYPZL2RNLPQACXWGKHA,5.0,5.0,0.0,1,1
AGVNC2VIG4P66CBSUJW4ANX55ZWA,5.0,2.0,-3.0,1,1
AEHY6YP3CU3D7HZYCPN24PIXNBSA,4.6667,4.3333,-0.3333,3,3
AFYZHSOMLRQJJMSCB27QXZH3YGKA,5.0,5.0,0.0,2,2
AFWEFGAVKN6BPTS522EQ4FMFLKCA,1.0,5.0,4.0,1,1
AE3OVP2QFMEDEQOWW6IFBE4AIXDA,5.0,5.0,0.0,3,1
AE3NV7OONXVPDBWQC76CMVR6VGMA,5.0,3.1667,-1.8333,2,6
AGNZ4XJDU22JD4DBA7MY7LNMMZ7Q,5.0,4.5833,-0.4167,1,12
AHDLV5GJH7RAOQD2NAYCAHYBO2JQ,5.0,3.3333,-1.6667,1,9
AH5BUXUTEQE32S75D23J4O5NV7YA,5.0,4.0,-1.0,2,4
AEAAF3V2ECLP4COHTFPOVVMQER7A,1.0,4.25,3.25,1,4
AGB763ZWPLQF5EWWA2DFO7NGSB4A,3.0,5.0,2.0,1,11
AFB6ZXHLAZ7RGUKIPYNFWAHGKJHQ,4.6667,5.0,0.3333,3,6
AEJ5PJRQZWPB7RMKENWNCWNFN2ZA,4.0,4.75,0.75,1,4
AGOO5QJUTM47RGNPL765MGXCSLUQ,1.0,5.0,4.0,2,2
AG76OEZMFSLB75KU5EQKJCKBGE7A,5.0,4.1538,-0.8462,2,13
AEVCLU5W7MFDCOLVMZQMFWWNA5SQ,4.0,5.0,1.0,1,1
AEZYY7XOY7HYDJLYXHQZFICK7WLQ,2.0,2.2,0.2,2,5
AH23G6AFZ72UP5WIOLXKUIFYLSBQ,3.0,3.0,0.0,1,1
AGZ5MJ6CV7H7V5XNI7GWER7JN7AQ,1.0,5.0,4.0,1,1
AERZKLYGADH2VRGEKABB3V3CT7BQ,1.0,4.5,3.5,1,2
AE7DEIQ4YYDR3U77KSU6EBFACZ2A,5.0,4.0,-1.0,1,18
AH7SH4BVPGQFOJENMWSD2B3NHVJQ,5.0,5.0,0.0,2,1
AF2DKXRKZQSKF3QJ3DXBQ2TXW75A,5.0,5.0,0.0,1,2
AGINNEUZYSP73PHOWY2OV3O2MJQA,5.0,3.0,-2.0,1,3
AEMCG243KYXRLKWURGDNANQT7S3A,4.0,1.0,-3.0,1,2
AFTDZNCUIAVIGV6ARRSUK5G5XDRQ,3.0,4.4286,1.4286,5,7
AEO2IHAN5Y2NJD6HBPIIFSTKYJOQ,4.0,5.0,1.0,1,1
AG7SMFBKFSZDRDQUC7M2426QJFEQ,4.0,4.0,0.0,1,1
AEDKIBNR6PPST6XRVIBZEP6A4LIQ,5.0,5.0,0.0,1,2
AFODJSJPC2WPKEZRKUVEEYUJHY4Q,3.0,4.0,1.0,2,1
AE2DR6H3QWFRCJ4RD5XTQEETXJBA,5.0,2.0,-3.0,1,1
AGQL6UEZZC43OH7SQYV4VQCH3FLA,4.0,3.0,-1.0,3,2
AGSJJRR2THZ5TFMMI656X7K3HUUA,5.0,4.0,-1.0,1,2
AHUCXTWG3UHV4KWLKGCRH5DLHNTA,5.0,4.0,-1.0,1,2
AHBRPJ57KC7VBKTYGOSWHEQ3FACA,5.0,3.0,-2.0,1,9
